98.841279442900003
98.877555829000002
98.904096847000005
98.987992772900000
98.990087622499999
98.999542230299994
99.006878766800000
99.040112407199999
99.041170983900003
99.041597131499998
99.042083688299996
99.044138574200005
99.045775734399996
99.055460663299996
99.064948087399998
99.065233596699997
99.070074417300006
99.076027608700002
99.082068384099998
99.086302816300005
99.086768054100006
99.091085443899999
99.093489786399999
99.094995965699994
99.096426877799999
99.101026567600002
99.107936766500004
99.113516287799996
99.115915100899997
99.119602746900000
99.121049224999993
99.123112228099998
99.130655435700007
99.135793105999994
99.138267098599997
99.147904696699996
99.159903260899995
99.179794336200004
99.186227604199999
99.218366512800003
99.244144644399995
99.251551749900003
99.261368667900001
99.277504803100001
99.278514529199995
99.285712592799996
99.294253728000001
99.295702408899999
99.302677788200000
99.307021366900003
99.310276191400007
99.311572089600006
99.324220661499993
99.325347887099994
99.328352154699999
99.329102107699995
99.332480454099993
99.334492614100000
99.334657142799998
99.337118463199999
99.339759287899994
99.342187669300003
99.345546401199996
99.353046563500001
99.354623623899997
99.357799104600005
99.364239650599998
99.364629574399999
99.393732385800007
99.394775406199997
99.397327454700005
99.406441716800003
99.413067950499993
99.413984310800004
99.415159847400005
99.417552903699999
99.418430920500001
99.424077422699995
99.431356660099993
99.433858093400005
99.435626502299996
99.444753337500003
99.458838277900000
99.459744965300004
99.465504997400004
99.469445374900005
99.476951970499996
99.486629259099999
99.489443087599994
99.495992638299995
99.511439000500005
99.514775489800002
99.515130836200001
99.521828231599997
99.530102281100000
99.530660484699993
99.530951333600001
99.539447379600006
99.542793144100003
99.546271724600004
99.547401823499996
99.556407585800002
99.565325007699997
99.566546578399993
99.568117753199999
99.571610230800005
99.574493755999995
99.575625401300002
99.578473047800003
99.584253647699995
99.586980611300007
99.600767344900007
99.618008240099996
99.622309090499996
99.622648706500001
99.623694928099994
99.624200651099997
99.628562777599996
99.628824331199993
99.629714447500007
99.637198772399998
99.638159481000002
99.644435606800002
99.650162150400007
99.651755510699999
99.653566513499996
99.657184024100005
99.657732720499993
99.661382027499997
99.661726042100000
99.665160624500004
99.665279885100006
99.665870866500001
99.669542588599995
99.673324778099996
99.675415482899993
99.681989027000000
99.682534291799996
99.686969120599997
99.687250290999998
99.695220496800005
99.696142710999993
99.714051175099996
99.714799235900003
99.717117302999995
99.719502445100005
99.724019844500006
99.726453506699997
99.726846344099997
99.727587369099993
99.729720953599994
99.740512187400000
99.741497454400005
99.744977488900005
99.746615392400003
99.746800364899997
99.753575194800007
99.758044478800002
99.761206049400002
99.762981721900005
99.778283004700000
99.782931426199994
99.783162629600000
99.787678019300003
99.795622147000003
99.797026810800006
99.800656403800005
99.807886552100001
99.808856290500003
99.809588265299993
99.810878441499995
99.812965662400003
99.821521523700000
99.822677131099994
99.823433144099994
99.831483826099998
99.834206942700007
99.834344047900004
99.836388708599998
99.836812162200005
99.837450343300006
99.838478911500005
99.839234596899999
99.841937567800002
99.842019721499994
99.848793142700004
99.850248700500003
99.863310276099995
99.865758522199997
99.879133018499999
99.886727537499993
99.907390528600004
99.913434963800000
99.914594560400005
99.920519337900004
99.920863192300004
99.926784582799996
99.929012519400004
99.930680917900006
99.931846578700004
99.937475233000001
99.944134685500003
99.947656665300002
99.952932196000006
99.953389939999994
99.955564984800006
99.961322856799995
99.961763089599998
99.964687694000006
99.975894260900006
99.981883198500000
99.982048546300007
99.984594845000004
99.985304792199997
99.996237031400000
99.997235966600002
99.997708887000002
100.001940973100005
100.004093044100003
100.009392068500006
100.015941372699999
100.019027448000003
100.022748771099998
100.025041849100006
100.025176968400004
100.027993189499995
100.029583350699994
100.032086144199994
100.033955348600003
100.035792790599999
100.039566087500006
100.040271572899996
100.041988235000005
100.043214068799998
100.043423736299999
100.047541982900000
100.059800506299993
100.065357487000000
100.066657069300007
100.071320635800006
100.073677862699995
100.076441520499998
100.078383394300005
100.078650972199995
100.079109806999995
100.079574085000004
100.083407140199995
100.086405728499997
100.087664440400005
100.088287789199995
98.836677257048450
98.916295549289316
98.943245201950504
98.946060943224893
98.947790462691501
98.911697731703953
98.885905641792306
98.860255440553829
99.411270855860039
99.046877525442596
99.440058564406627
99.943900485184258
99.638115197153184
99.992326952476560
99.075638766868451
99.183622894088785
99.335027923828420
99.709699688410637
99.853803679357497
99.102682756456034
99.082760419616079
98.902827182859710
99.572020451995741
99.051866054611310
99.029432372313750
99.040102622973791
99.443004875569841
99.126631181909943
99.719388490652818
99.701103255634280
99.992440273385455
100.000050123696838
100.039142643529885
99.426684114650925
99.703423289687635
99.060991856330929
99.062449019303131
99.037820528643351
99.016364712446830
99.041504134545903
99.125371380906927
99.028986099845497
99.839612195646168
99.336804432494318
99.012181110933398
99.862878211970383
99.561263375811905
98.818282622601600
98.857969932095330
99.053310146232434
99.066068265776721
98.811745935048293
99.006475925722953
99.026375098799235
98.886317808210151
99.671464986293813
100.223560411957351
100.408740751405276
99.999323865401493
99.597111725789091
99.574120024947661
99.509081691625397
99.741687574001844
100.270212296701175
99.249105688345026
99.188103854344263
99.162058513349621
100.003703388519170
98.859117944784884
99.152470610616092
99.860795234276793
98.801228737856036
98.775516838376916
98.816475853423071
98.861003548623557
99.603161229500984
99.075671465457162
99.220332309441346
99.179504014136455
100.419125587746294
100.409744529738418
99.974825720406443
99.972164073715703
99.160520521706985
99.183190552942506
99.234783299310948
99.203033116746610
99.611039752242959
100.008422664162936
99.358237356409973
99.504378888262181
100.271069024757708
99.151619561585449
99.653055244161806
99.977139561215154
99.295308801718875
99.027305502399940
99.152406072728354
99.481333134617216
99.246841531539758
99.265339899172432
99.149760093724126
99.467834563843553
99.954082815093898
100.151323062576921
100.167521118690729
100.484811674152297
100.161353398969823
100.513011510606248
99.845659876411901
99.534122516453408
99.653581639136974
99.636528118239767
99.308382074182646
99.391861814677213
99.218892991711527
100.176745257835137
99.540287727910254
99.527833131540319
99.227572230755868
99.591504811742197
99.211872317840516
99.209479536940762
99.466652253163829
99.438093863523136
99.409875513905263
99.401340572407662
99.397843001751880
99.414781533908808
99.505543884411509
99.807145048726397
100.038226529994517
99.176352690304157
99.163894598127172
99.119266568249259
99.811618316675776
98.886024411816379
99.787503903814923
99.754924610528178
100.317701646899877
100.374313578094188
99.632065302778756
99.654522557161727
99.050574788227095
98.999204187613032
99.049455548771675
99.065678851906341
100.396574866133506
99.983980879613682
99.961726829195413
99.793157442397387
99.815034020190524
99.013165989172194
99.341179980297511
99.796762579608185
99.709798698665054
99.323305123658429
99.298728863320775
98.861467976795211
99.114549015022931
99.506565534541096
100.228120873721309
100.206157469746358
100.275413304870654
100.261450378402060
100.242106727352621
100.238083955567163
99.254230828777054
99.558178819997920
98.910981059340884
98.866397250401860
99.678495089471653
99.275805141431647
100.354989832000228
100.503416953163196
99.493074773444732
99.449872925456020
100.544062672230211
100.226246391299810
99.787329942753331
99.784518934267453
99.527731665928513
99.227032221246645
99.481460163673091
100.160418935873167
100.163550176825538
100.499663643103759
100.496456055849194
99.452958056086118
99.912509052077894
99.457086728763898
98.985157052336035
99.766542464658414
98.987990457782871
98.983135228862011
99.855641704789832
99.196269476864472
99.030082130151186
100.129527915362814
100.133658446708978
99.859764580409774
99.734970601859459
99.738098797679413
100.271451576305935
100.284057943907101
100.274574524053605
100.048529648803196
99.909869393035933
99.712949308269344
99.011692757018409
98.979423778413548
99.053281968720967
98.989167992580860
99.002042416319910
99.351281161721090
99.341730978623218
100.280465382766579
99.073555937757192
99.134884156468615
99.355492767392207
99.448816007429741
99.229071158554234
99.259284720643791
99.258824427035506
99.827885861760933
99.256162558579035
99.756727590898663
99.766222655171532
99.165846518323178
99.076505229650593
99.099253883922302
99.257465169753232
101.507267774124557
99.152155457643858
99.017081125620280
99.058066656284609
99.100538016798964
99.104963166985726
99.040730493238698
99.081311580926922
99.011471706359771
99.037834149869923
98.815659377515658
98.815958395499820
98.818434451409303
99.511773313350204
99.386498054645472
100.475047695384092
99.749222401560019
99.777420312491358
99.407475960103966
99.141394568055148
99.311113314380691
99.319462854397898
99.315906215895211
100.133155343410181
99.612049825381746
98.830667129402627
98.875301957370539
100.081859555008123
99.312910294376707
99.692887728157984
99.669902505324444
99.683158985706541
99.674654984822610
99.602360495005996
99.048518419397169
99.065934143960476
99.984576937936708
99.961665642970729
100.014431112580041
99.386449964744770
99.732952763310095
99.299931789334096
99.306523319530697
100.267014888334870
99.762916356918140
100.313432194455345
99.446243149483962
99.307672211456975
99.348385418493308
99.398606263384409
99.348665812916806
98.968582156266166
98.950464056863893
99.283498829443943
99.703732529106219
99.129806041109077
99.350389988760071
99.281069928931629
99.863863230354582
99.335056937967693
99.288377879304790
99.298851891064714
99.306805742153756
98.874400301735022
99.323691903591680
99.132381080545656
99.290600978814837
98.987209167112724
99.003248168684422
99.006932925196452
98.987364122973304
99.261060548131809
99.239518208675690
98.832220954747299
98.998513695013116
98.754463314946406
98.981856111144225
99.010054910265808
98.967026037723826
99.012706914010778
98.993308462655023
98.941347413244330
98.964164630831419
99.224383197683437
99.191134775063347
100.303115311738566
100.293469129150708
100.364753185909194
99.803125682047266
100.191078754294267
99.358546763605318
98.999651759208064
99.057170808162937
99.013691905989617
99.022937125017961
99.009968377278710
98.977093586679075
98.971654357334955
98.974447685546238
99.678104086850453
100.013095501853513
100.042822300861644
100.360994642838705
99.999310503168545
99.723113962544176
99.276446288436546
99.249897967021752
99.220292462848647
99.996335041029852
99.215867384894409
99.220229410484535
99.310953643007906
99.697403634020247
99.262078900506367
99.254790697842964
99.302454715250860
99.959662265640873
100.138656820444794
100.509251413423954
99.599112493597204
99.399415107711320
99.600676598716291
99.824390998179751
99.604575472293618
99.215267840448632
98.836258616467148
98.875781181386628
100.104178726007831
100.101013668107953
99.196722371732449
100.078029148001860
100.130630444151393
99.722485151190085
99.752118464431987
99.955824861917790
99.576731598260722
99.533202277308646
100.547812090567277
100.189676935752232
100.193428254787250
99.125585432433127
99.102439528392097
99.087652047697247
99.074523884924020
99.452071936111224
99.867959593656451
100.016217591080931
98.921248673068931
99.338698276755167
99.263680123554423
99.592805593521916
99.730910999785920
99.239265665427411
99.609938602899547
100.399554707508742
99.824880484423375
98.838518681043297
98.871538570485882
98.894299237040741
98.884398811899700
98.911075360029372
98.905900953004220
98.903752686131156
98.917036806225042
98.985916977630495
99.552051804061193
99.720578247172853
100.028780676556835
100.476002601320943
100.436915427291297
100.158810388245456
99.410646247508339
99.363398427374250
99.125101440937669
100.023275578867015
100.145768140343989
99.730621751883518
99.746620500363406
99.762582226261657
99.770844019787546
99.117134509092466
99.285210219609780
99.374243266726353
99.373810568820318
100.451949178828727
99.115764796906205
99.097460591762683
99.357914824500313
99.630425113270576
99.796820988782201
98.971633499770633
99.747227628803557
99.363967216315814
99.143344596330280
100.338198047038077
100.389256030670822
100.225642291092299
100.486261850545361
99.118213778006520
99.141175687017039
99.087852704858960
100.115667245828263
99.675105786929635
99.801605808952445
99.034211803878406
99.506844323359473
99.780141394765906
99.422550647991557
99.074948090131329
99.079971254945121
99.483880243394196
99.925192403740311
99.263292591693698
99.283127922590211
100.458543266032393
100.260472847774963
100.001172825020149
99.167972590192221
99.158872085861276
100.267647208903782
99.977267834410213
99.992393529087167
99.766548470006910
99.545662836622341
99.964595859391466
99.542962389074091
98.844798671665558
98.975186988091536
98.992082271853178
99.693841892198179
99.685840807565455
100.503701881520101
100.487766681116682
99.383166737116881
99.392321763343716
99.357668873396051
99.187397994086496
99.009808566515403
99.103958849806077
98.994121990950589
99.074211026203557
99.009301044809490
98.991638118823175
98.958864624460148
98.985438807359060
98.983942810457847
99.344843227975616
99.993752386165397
100.018154824981139
100.166063274523822
99.067674669624921
99.087365970851806
99.585084390810152
99.600968090387596
99.359510471302201
100.447593620737280
100.023500602416789
99.495867401155920
100.457025020976289
98.848058412214868
98.819672063372309
100.009637957975428
98.818735123577426
100.120161944566917
99.797982532302740
100.322992414176042
100.461647041605374
100.002755634996902
100.020521360770090
99.219159700513501
99.589531264341986
99.362097558126607
99.345097213213649
99.179276451998248
99.195635899117860
99.112737207260125
99.109489230480449
99.206392587636401
99.579952459420383
99.293455610369165
99.298861780466723
99.338352948413103
99.099334905898559
99.099739222811422
99.104802332730287
99.082762069187083
99.105778147652927
99.585747375451774
99.602497174792461
99.949872860434425
99.263760516150342
99.223394332545922
99.773260482808382
99.686502928841492
99.725497594547505
99.760049706216705
99.766826688543006
99.259858591528427
100.351007736264364
100.384056515784778
100.354877188751288
99.832249215200136
99.441458023889027
100.087435505570284
100.073133903718372
99.117006374349785
99.031874380143108
99.564668826221350
99.490630181373035
99.065839777710607
99.033181142336616
99.028067496396034
99.125294378524814
99.939176968475294
98.969465170696367
98.905297301880637
100.380918964878219
100.384610111198981
100.519606526940606
99.859804531782629
99.826490972258398
99.127439812261855
99.479432689304758
99.563447321653712
100.198163659082638
99.664782912568626
99.259957975782072
100.388091485583118
99.948887055610612
98.855848303850962
98.860783818569871
99.418548563916829
99.173632628413543
99.189537929818471
100.515977012846633
99.538289798254482
99.173846979746486
99.224930900207710
99.515426725515681
99.511332017764289
100.059385904296050
99.661343219201171
100.336896563241680
100.368858231096965
100.415095348709201
100.192499059615784
100.563181751715547
99.887681084192081
99.936107828581953
99.209719031619443
101.142488496202077
99.511578551077037
99.525354915646858
99.572434732380771
99.444844700335580
99.623609952563584
99.790419878798275
100.160576854235842
99.858289968274221
99.910214162017837
99.339351596796405
99.921198379112866
99.870019597606188
100.516940063335824
100.316477119288265
100.313363555869273
99.157263537138078
99.371586364097766
99.809150470471195
99.654374741720403
99.622426977560281
99.978545607654269
100.372988085336601
99.810706511834724
100.139884643137975
99.513992742814480
99.566259022363738
99.862339764091303
99.516315805722570
101.838206933011406
99.991905578187925
99.662727132956206
99.970558794199860
99.834937278851157
99.623606841576930
99.376706573266347
99.714338018108720
99.606590044461427
99.608035455572008
99.593911332507105
99.108054244958112
99.549649758980195
99.543133084935562
100.496529569119957
99.596929330678449
99.545749555537896
99.179826266904911
99.101680876280625
100.135872337868477
99.582913756447851
99.992319954718823
98.957952181826840
98.960926879585259
99.156801156317670
99.178725408136870
99.102899715784588
99.576524978131147
99.844238864826366
99.730195533637470
99.200680633037337
99.128655774329218
99.909462947948214
99.521193468076035
98.861577090021001
98.933461821156925
98.946712301347361
99.015602494775521
98.833857421822358
98.866867602747789
98.889600028832319
98.879704603052687
98.920180790920313
98.964482143803707
98.970987235748908
98.969859868145704
99.037969768070980
100.301856018038961
100.349869589078480
100.330758245402194
100.071431446699080
99.720045870193644
99.701128177235205
99.433965041960164
99.954753593843179
100.043018621007832
99.970492351310440
100.281480362122693
100.295860058123253
100.291064239588195
100.315244324969626
99.195262098027342
99.190320004285695
99.598013828047897
100.032984387723445
99.593567335316948
99.908503221700357
99.920098011334176
99.357106299218231
99.404205273725893
99.276303734248359
98.943595526960962
99.735715903669188
99.703207939937784
99.614968172496447
99.518734033640612
99.625751856014631
99.525889084996379
100.038628031297321
99.459134307549903
99.876847498929692
99.880399359469266
99.900890502973652
99.439266800258338
99.529647378831669
99.526308951305509
99.936557730645291
99.148032622651044
99.533955647682888
100.020017811349589
100.026858720413657
99.850338085461772
99.825748029759779
99.507299604596028
100.000447935675311
99.803009200811175
99.523690592470757
100.022671541539694
100.070654370410466
99.762216391573020
99.490557312470628
99.778969410514492
100.057748957226067
100.328300010671683
100.033355682965976
99.829444777901244
98.830337786985183
98.835141279958407
99.724136632103182
99.739258932963367
100.002256362516164
100.482411879705069
100.083502674343436
99.135785603413751
99.168427036417597
99.165566331226273
99.349332134921042
99.216770059188548
99.211127509718608
99.562228143357970
99.170112215379504
99.558150808907158
98.945049666698651
99.218080893349907
99.327909510398513
98.790279414135512
98.785540310381748
99.144515268023952
99.143592371069190
99.147850715450204
99.158009786987350
99.957938127685338
98.819970057043065
98.817236231019706
99.758322771657276
99.620939750960588
99.154210240119937
99.284291756252514
99.074183300067489
98.848751385870855
99.539543887623040
99.595405518506141
99.591439135846031
98.826069779541740
99.332699045889512
99.510336633734823
99.545612856245043
99.635602080793433
98.851381334810867
99.626865265541710
99.646861405364234
99.328734247450029
99.867446801679762
99.821557310115168
99.824473742520695
99.264333368630560
99.324430713842048
99.685112549484529
100.216230920610997
99.367212713178560
99.372441377875475
99.415011663701989
99.371922249375530
99.398152606057920
99.093144003531506
99.291051681633689
99.050220223320594
100.004828094456116
99.499839902868189
99.842856113682956
99.637799831913526
99.804763013781667
99.152392032761782
99.092408991287357
99.071735867019470
99.060715167825492
99.059056076680918
99.032504826606328
100.038760136543260
100.532176688197978
101.745998067013716
99.087908773329673
98.840086287885697
99.051275070683459
99.065884010100490
99.669234266523290
99.949689237648727
99.875861193259425
99.778394889482570
99.406644132721794
99.784268986868483
99.729785371223898
99.912061949893541
99.921795201536952
99.641352717225345
99.611576272096045
100.073691018753379
99.907833825075159
99.577973408991511
99.181034098905911
99.835242025337720
99.838791791255062
99.605783527526000
99.902948042562002
99.871944508580327
99.860987891097466
99.890483038068396
99.168102516737690
99.183372670240260
99.141770752046341
99.122399457785832
100.012338761573574
100.017659296045167
99.635290539939433
99.770681970663190
99.616100335697411
99.591807338093531
99.555591208931219
99.190441306645880
99.167256354777692
98.899160743752418
99.662082050625941
99.618003110924292
100.150129840958016
99.513570788522429
99.154014299779192
99.154254623226734
99.130299460900915
99.148895980903035
99.117323278709137
99.088199133871058
98.870713423219513
100.155477444753160
99.536763029033409
99.512948267321008
99.469996432106655
99.659790643047472
99.797717307626954
99.860693204004292
99.763557652760028
99.398245189585850
99.762487177234107
99.743240450144185
99.737184278943005
100.006287471197538
99.214841138853444
99.192468025572907
99.416553980676326
99.446205278773959
99.133614643890724
99.534056933865941
99.539247213390354
99.483568575850313
99.444117534173984
99.188321715271741
99.188544840957093
99.301099322490700
99.983570051746938
99.203358669964018
99.198595399537680
99.922759281326307
99.512617352039797
100.204549681554909
99.889058221589494
100.023449948912003
100.065870232944235
100.054359131760066
99.832940331970804
99.346357951625578
99.336006083053235
100.029859341440897
100.220035361761347
100.192492694379780
99.232935735854426
100.281524113993783
100.248710755096909
99.492348277523433
99.232784645881111
99.199916672507243
99.694046868944952
99.684323965791009
99.588335778776582
99.484125162732198
99.069353684737052
98.824149785466034
98.826219659992148
99.075837718796720
99.372989119827707
99.416358023917383
99.108704117398702
99.411270720974244
99.020219732881742
98.993405497696131
98.799377529204321
98.977859948779042
99.015920248687053
99.311571845894377
99.343532875954679
99.635462505066698
99.343828306034538
99.337952451878664
99.369923684010701
99.746890240495759
99.721127080576935
99.683083098539100
99.430976922246373
100.064950637164657
99.364338231216152
99.337226771071983
99.462737890344215
99.363531364987011
99.075678946201606
99.434382407605426
99.384848795208654
99.369947913984106
98.929903302873299
99.546362587559997
99.350408936111307
99.343924582105501
99.700636377446699
99.726738214542820
99.129257653225523
99.102541053292953
99.197618860696366
99.123821599532221
99.583960906046286
99.988264785452884
99.699974317870328
99.646471455045685
99.710296789689892
99.836685151994061
100.135791836741191
99.646500522643692
99.716538955155556
99.471419593362043
99.647135985114346
99.499532774283125
99.625388360674151
99.864799098389540
99.937029079708736
99.919856069388970
99.801060729910205
100.117524709261488
99.779757166148556
99.860276403658190
99.515805957893463
99.484820600012881
99.816249974008315
99.808673058551904
100.105365653348599
99.846517422785382
99.683775933033303
99.792362444678929
99.903338523061848
99.929152678346327
99.610739727980217
99.932759350537708
99.967740878714267
99.921900214675134
99.538169180476416
99.548146761599583
99.258512147338479
99.262790280843546
99.743428022538410
99.748713750950174
100.047461587787893
100.064460310478808
100.340782555483656
100.192427447498630
100.204460668757747
100.262984061331281
98.984424198763008
99.746145647819958
100.198235669409314
100.069740151094720
98.980104028469214
98.967377536584081
100.020680443966285
99.899031252181885
99.429623017752419
99.287115560738584
99.291663197219805
100.010736044755049
100.017262336751628
100.024183996134070
99.769070373786690
99.742659916219509
99.304081642194888
99.988924575347482
99.645011024644191
99.989413576341576
99.261254432994065
99.265942670390359
99.756282856511461
99.775427411623696
99.508059900640092
99.605291412565293
99.624926158189282
99.816796852302105
99.285652159186156
99.661477783934970
99.719566475572719
99.671762638144628
99.643746766340428
99.248687103718567
99.631419485422612
99.968803577980452
99.714289169447056
99.693010535710073
99.657677094433438
99.629537714177786
99.568078425841122
99.810350212583216
100.201830758880533
100.214378376962941
99.885767723733807
99.871744333681818
100.464260614734030
100.482670101044732
99.319045342178015
100.315211775458010
99.262021656502384
100.019381982240702
100.021401156519005
99.613205513074718
99.626060758725089
100.481190353134025
100.199022224805503
99.959671603886363
99.693537483634373
100.071313829218980
100.067914882655259
100.215166481874348
100.066158015972178
99.450988627107563
99.398521479505689
99.390428284004884
99.868462748958791
99.945132562411345
99.979427434230274
100.006433745556023
100.024834175269007
99.315723018281460
99.305980489978992
98.957012049938839
99.474080204225629
99.366292559859630
99.721211075966494
99.900937346448700
99.881924834365691
99.409146093667459
99.427940446205412
99.888423974334728
99.857493195775533
99.424018115147646
99.427645100798600
99.331507591532954
99.467224903773968
99.440805787836780
99.260543161744408
99.561772018780175
99.439042181171772
99.065474450360398
99.200858043693643
99.206921858533860
99.273070747821748
99.271719646450947
99.893303084419131
99.217508960771283
99.434007555606968
99.603962065145879
99.203051167972717
99.176333139917006
100.022750430699944
100.002958656407827
99.688213581762284
99.661297274453318
99.315647710934627
99.262158101057594
100.007999691145415
99.581784752457224
99.326510272388077
99.314902728052857
98.882300595664674
99.357822315888370
99.411313059966233
100.034916915754820
99.210196876542341
99.324566917734046
99.916454012968188
99.945334106431346
99.939876133419148
99.695235748255527
99.715709943393904
99.698802103551770
99.795784256463321
101.803031724437460
99.522499830834477
99.577923342053964
99.924640623611140
99.280958963102421
99.290429300071537
99.638670415351044
99.584894618094950
99.553448901954653
99.548614691451803
99.902643038724364
99.881493641946690
99.228236302141340
99.235487786428166
99.557452193374957
99.904128640393992
99.526619214792845
99.631068388802760
99.658819590609710
99.971177408109270
99.677965640760249
100.215812283423475
100.379345007743723
99.513667535416516
99.508688877388067
99.559065736688808
99.518576211879008
99.760891330471168
100.033805644821314
98.949178717975883
98.948730662707931
100.374564902274869
99.158139515010589
99.188311263420474
99.183787084641153
99.765879316330029
99.139964698197673
99.422539389345275
99.179451834962492
100.311932745167269
98.812876688813958
98.823368981929889
98.926605517021471
99.130429522925624
98.783492135031338
98.828244330349207
98.872046892480739
98.897435328000483
98.836960173672196
98.832325930313345
99.086510383013774
99.104693897026664
99.663019298302515
99.684292568959791
99.509801463990698
99.793721489862946
99.788348907399268
99.793325338610885
100.075940250806980
100.079543724890755
99.460007310705805
99.844671220294913
99.400524417440465
99.358416075363039
99.386309681167404
99.326460646204396
99.353200011198169
99.012988494647288
99.057050595957662
99.162464259083208
98.987070821087400
98.923281313239386
99.485998766085231
99.786687539583454
99.813794747633438
99.394275420628674
99.008388017183279
99.536923048652170
99.635371087168551
99.331693597800040
99.088010722848139
99.093464799864705
99.584258250704806
99.413847040630571
99.591956211185334
100.228320250607794
100.351280710199717
99.749546596505297
99.495406563447887
99.808552540119308
99.803012224748272
99.505832790375280
99.500380504085570
99.835431027323466
99.576384006545140
99.570873080694582
99.421542799329018
99.080719448891614
100.345730011378237
99.754523424620402
100.233311076300197
99.827744370981691
99.426989902514379
99.995437090530686
99.617403409046801
99.936357066849268
99.963123565180013
99.871649310280645
99.774473856806253
99.405744688487175
99.465164390742757
99.733747723073520
99.636571887411264
99.965225440021641
99.950460303690306
99.911488427728727
99.891816059240682
99.894721328923424
99.913955750702826
99.126482289109845
98.926498954794170
99.200274693933352
99.898133495089496
99.641244468152308
99.759952820686976
99.001213699126311
99.373559339643180
99.367892629437847
99.922821775453940
99.439244116551890
99.929413503466094
100.060188629905952
100.081164895647817
100.065344947252925
100.262530776868061
99.681474999877537
99.803860880759203
99.045492862996980
100.084711443414562
100.111076056746697
100.154434988736284
100.066799902224375
99.407519950432743
99.432017286168502
99.397786573075791
99.171768344066550
99.453308294992894
99.419253128496166
99.658119628703389
99.611620860880976
99.683960624043721
100.054741268555063
99.504181324699402
100.021565954660218
99.831055699323770
99.777281415781090
99.160927551722580
99.298902649288266
100.040120836618826
99.205529026720342
98.910800791508791
98.985502121186983
99.056937291195482
99.116807063686338
99.344918296150354
99.213991858493046
99.119616659102121
99.677914716632586
99.030467512578070
99.252473948642546
99.389446883992150
98.915248288052226
98.871535071019935
98.908782724151934
99.136786859683525
98.885968477501592
98.881096537930262
98.885627781906351
98.910820355971282
98.835621529356558
98.880251933932414
99.139576920009858
99.516730961865505
99.558069524421171
99.980994795057086
99.949858483946173
99.991218253122042
99.766408509846315
99.772450183802448
99.147395876650990
99.200166485097725
99.147970120406626
99.579962174956563
100.118895221569801
99.634549688606512
99.952820699106724
99.584635387223443
99.926575087631591
102.004123323121348
99.292558350281070
99.152509968197137
99.260785257913540
99.200707458495344
99.121295895618914
99.947866915827035
99.557611505316345
98.933722191875404
100.112852417860722
98.952271027008919
99.258996306713925
99.269472791820590
98.934012759781581
99.385569184486485
99.128191364339273
99.110505503814238
98.586774995946143
98.734262315238084
99.114904672256671
99.085378067572947
99.085554206052166
99.091394752509586
99.101661930794307
98.881556569728673
99.264909586572685
99.269425747960668
100.005954887710232
99.941683963671949
99.607034081337588
100.057744015958633
100.383167223488272
99.694769847343196
99.986054914158558
100.083477344860967
99.739098861944512
99.441172528858260
100.378015757042249
99.364709098972980
99.454067491709793
100.032287785671997
99.595499460823703
100.034871310294875
99.911999052464125
99.908665936321086
99.669468177605722
99.926522430766454
99.898632825673303
99.879114179966109
99.898118970470932
99.878126814422103
99.872063546043591
100.254703193434125
100.463250314282959
100.158419615764615
100.043462561503020
100.488561183740330
100.510984115072461
100.338234889811247
99.641345891818219
99.900647642934018
100.074431053341414
100.236021170007007
99.839590738571587
99.414787953130599
99.437541468377731
99.672212951462825
99.743742727104291
99.100117951535594
99.053817007323232
99.131974324442581
99.443599656342940
100.229985035522077
99.815133286962464
99.737720335635004
99.060097841413153
99.429251423778624
99.436527394972472
100.386696211971866
100.527870100053406
99.704887718490227
99.930010474133269
99.916298056389223
99.898969305540959
100.215781201705795
99.618826522933432
99.169580360608961
98.972102084816015
100.072271838093457
99.601480139104751
99.495798284503508
99.810349071445671
98.899130052237524
98.941291983395331
98.942836785054624
99.492615137321536
99.800170614026683
99.764543515287642
99.435011054308688
99.478930618924551
99.303742390868138
99.265417897597672
100.476088826291743
100.155188529648512
100.494573404604125
99.946703842065290
100.392909969980337
99.721613093768610
100.534085113149104
99.456344675519176
99.905510348860844
100.093917771578163
99.231600737535246
99.187836794316809
100.511871679989781
99.234586531436435
99.236270414762203
100.101178297586557
99.707669718718080
99.638909548468746
98.958514043205469
98.961003902456014
99.398340503317286
99.340392812181108
99.750391234490507
99.725151288929737
100.501198496634970
100.478703125462744
100.064236244965286
100.351019146645285
100.174407775707095
99.923245521835270
99.656153445255313
99.623203218983690
99.366985705382831
99.335839883573499
98.846230930450020
98.887217083436553
98.931268865386755
99.912964848378579
99.653648071216139
99.709516090072611
99.681088346009346
99.677621308181187
99.634350228704079
99.644208024953969
99.649304476166890
99.180757414493200
100.328512531020351
99.434197164086982
99.402775519896750
100.094973646173003
100.067971798529015
99.641175011159703
99.779082669158470
99.930216734895566
99.973581440582166
99.766458142885313
99.785986041449178
99.608200255893735
99.649472388834056
99.667976143784472
100.103567572685279
99.743557239850361
98.955035084779411
99.749729450484210
99.846759751490026
99.603016534484141
99.740764469539499
99.029743910211891
99.585906617543060
99.579840617915579
99.610656652835587
99.637016822812711
99.689726242540019
99.608290191441483
99.628041424201001
99.601659901930816
99.948199086828936
99.989473793390061
99.532510176503820
99.497365714229545
99.188995372266618
99.849942321709932
99.856239822780935
99.085646934842316
99.060834827216695
99.468253314678350
99.964904199305238
99.979500072590326
99.198244799768872
99.946375783885287
99.321212402116998
99.261463832602658
99.208779807705923
99.201512854506745
99.983385031439866
100.013137676062797
99.226045577196146
99.198091301933800
98.912362580446370
98.883297004122596
98.991809502688739
98.882863366969559
98.990601760177469
99.220343635868176
98.821843273075501
98.866436084653742
98.857775265718374
99.214347323208131
99.106805464383797
99.042433472656739
99.024688048631560
99.290158056599921
99.316581763223439
99.272812984049324
99.248519063904496
99.258797314002550
99.253611237157202
99.252904544840931
99.232330871649538
98.825159755569985
98.829512486449403
98.854698290879242
98.810009544648437
98.893512181160077
98.923054239008707
99.002829289406236
99.222132603040336
98.893861816559365
98.897665919279007
98.820474481125984
99.923175086662013
99.933796113180961
99.957475621666163
99.622018371384911
99.657005827388730
99.681821553976533
99.687642212907576
99.065124095647661
99.091617674219833
99.140654615156564
99.661066755198590
99.893743712515061
99.263575201210188
99.654038196960300
99.280589196715482
99.140142335717428
99.179185137795685
99.092050881266914
99.992463482265521
99.339542218017868
99.927473810994343
99.643427587276165
99.572906510767098
99.859675505992072
99.615215688907938
99.338091201166662
99.425644701055717
99.374202510648502
99.331149579339126
99.272489594292892
99.251528320459784
99.264543763700203
99.257557874297163
99.279166339445510
99.326560676842746
99.437108161355354
99.319023422083774
99.881597262655760
99.582261375161579
100.294670018271518
99.859673567316804
99.596045931399203
99.583221513736135
99.608012280571984
99.280001089501638
99.399546438592552
99.595082706172434
99.874531435556946
99.861599234858659
100.274684009786597
99.574351433384891
99.361951384268195
99.079146052020860
100.419453388458351
100.386261275878041
100.121561888707674
100.051024534811859
99.464283063144194
99.869784394066755
99.884250889724171
99.457781677937419
99.941871623871066
99.563186773879352
99.368107075013995
99.406197098919620
99.431241380293159
98.838181177414299
99.178916894989015
98.900836351256203
98.809914162483437
98.797344488500130
98.830950549813679
98.871173818495663
99.558477015334574
99.962680699605244
99.149270038961276
99.492179099615896
99.443954417622535
100.007133910647099
100.222856850703010
100.301575712819158
100.702427810160316
99.640633634312508
99.773904372204015
99.620600583434680
99.575307279613753
100.301491494729817
100.687911013663324
99.009165192435376
99.013609361928957
98.962236192161072
98.986839601615884
99.783206666296792
100.472097667792696
99.958884130669048
99.391860759383235
99.416988382809450
99.725887476692151
99.639851671991892
98.881291760193108
99.690541292594389
99.715539595275459
99.709841003846122
99.809648851006386
99.832841593397461
99.378694806593103
99.714322217521840
100.094226949954646
100.432792548561793
99.396622263034715
99.615764666448285
100.023451541760096
100.031163923786153
100.063191287419158
100.099666304636230
100.443276054101261
99.670179252738308
100.450983879447449
98.860363772103028
98.865374734484703
99.360599236736562
99.619757924660007
99.507389224458166
99.686857761342253
99.848428482658164
99.831380355671172
99.514574586933577
99.729302774778262
99.731958801496148
99.845766607732003
99.567542968755788
99.467730253390073
98.861478064801304
99.456150876925676
99.279353251571138
99.608103904314248
99.845243257067068
99.240507441280897
99.236081732268758
100.204422306601373
99.412873947706885
98.944833086799918
98.949792586355215
100.087214874507481
99.753998493511517
100.500265938258053
100.302759598243483
100.292236695553129
99.655935547415083
99.667619935636594
100.545624931740349
99.781923461402585
99.604966765221434
99.368020946746128
99.895147943740994
99.324910714120051
98.789107900744511
99.689101118506642
98.919292897211108
100.295664551169011
99.265116447019864
99.240604480363800
98.939582210190110
99.772411022706819
99.672322241676284
99.684975874984048
100.098729018622180
100.626937708055721
100.221425887418263
100.727556456881302
99.749126906209767
99.704747677157229
99.550406823882440
99.089064402178792
99.505452730858451
100.120744171724255
99.459450864832434
99.502623096301704
99.642042321280314
99.821100484870385
99.109781239444601
99.865492795594491
99.922210344794166
99.164050894187312
100.363133245502013
100.097863085912650
100.150150346260034
100.157092966427626
100.019583736407185
100.366105803264418
99.917099465332285
99.958157049701640
100.000283347476397
100.044531940198340
100.042978532804682
100.047033674980412
100.072065121339165
99.849233348381404
99.893991877780081
99.599586509635628
99.494098807632326
100.178392400219309
98.828005177739669
98.902278106114863
98.857723464452192
99.312644800001635
99.205170217791874
98.852661407912365
99.087827396763714
99.041390202734419
99.136696092022703
99.080567508889999
99.090639969191216
99.067894973996317
99.077845753716701
99.975096588565066
99.449714631301049
100.324762942603229
99.989357356172604
99.439693152814925
99.629074219647919
99.430735338942668
99.384092711214180
99.425241305193140
99.503308540387025
100.397023774340596
99.035932792175572
99.459641639554320
99.460248279322968
99.888099768810207
100.322541703336810
100.354261656867038
99.396173193987124
99.358113755833529
99.044951962069717
99.022468132692666
99.894935747785439
99.632957290655213
99.419327364303626
99.392473103256634
99.367337391930050
99.388878283226859
99.341040516432258
99.350758803007921
99.390995953059701
99.357957907985110
99.627915128962741
99.637855039630722
99.534829634198104
99.530458972487395
99.884908073592669
100.151858517282108
99.901069953395563
99.897151691463023
99.397572030464744
99.486117602883951
98.951001030603493
99.456398386304500
99.415042479282420
99.415237973553758
100.135987826013661
99.819795138430891
99.960559991826813
98.876388319196849
98.920287189969713
100.150777483755974
99.381061762339868
99.736834684028054
100.137985375623430
99.724671700334056
98.929503793512140
99.414041307289608
99.190903561882351
100.229957016433673
100.275464623999142
100.351253562420425
100.106759203599722
100.399749558762778
100.205030302289742
100.396388654542534
99.523054291182234
99.564494788037791
99.943133042303543
99.966048489740388
99.365028419462760
99.826659870011554
99.194557403865474
99.821774025237573
99.643632646520018
99.666061368631290
99.705098112114683
99.923616920254972
99.372863111227616
99.616969933931614
99.746634654649824
99.974897388416139
99.991438592372106
99.971759428796759
100.331046823262113
100.353975296905901
100.396765398094885
99.834496393253175
99.150546859458245
98.856225395920319
99.439963343892032
99.541830056986328
98.888921038222634
98.862554752316100
98.959000464461496
98.963365696609344
99.107829186229537
99.316627217877794
98.930836173072294
99.000359060818937
98.933439054903374
98.871329854770465
100.465480367496639
100.203998799034252
100.459534339046058
99.927215586460079
99.728922658271586
100.059106642531333
100.088800887343950
100.120208987585556
100.086661408499822
99.896214249935838
100.129857326097863
100.097527716041441
100.097769270189929
100.090788609556057
100.227901581741207
99.853076787768259
99.903552282135934
99.158367486535553
98.880920270931711
100.565498262013534
100.571850370386983
99.953259161009555
99.855212256330105
99.962095911502274
100.056741629573480
100.048286328721133
100.427698127210988
100.120479299901945
100.127355459927003
100.079192672727004
99.713927176494963
99.676451745001486
100.434024654896348
100.115902421114242
99.272452577542936
100.234289533329502
100.061055453993504
100.056912475678473
100.076650240197068
99.062672069149357
100.370677895964491
100.374124466752619
99.877023247054694
99.917204533378936
99.541896578738488
99.583051320691538
99.719244971595344
100.123447899245548
99.822069191091487
99.364818232309062
99.342009204181522
99.979612187759813
99.858305268102868
99.567144599952371
99.915811428028974
99.847333365915802
99.360402837902711
99.039875057903373
99.003924834995814
99.017495095558388
99.455726948279789
99.874939335292765
99.833764386375151
99.461353681306718
99.806540107530509
99.242804636204710
100.024453830073526
99.803977850890988
99.988418923358040
100.338292220829771
99.863392057156034
99.812353564450405
99.382244387762057
100.165878512983909
100.363812193360445
99.302772472996821
99.532417114085092
100.176975073179619
100.159143746122027
99.542878658007794
99.672658280919677
99.360170840488081
99.746598868655838
98.869489208818777
98.944187651794891
99.331207781171543
99.329389066137992
99.555031678483829
99.554925949224980
100.232990030202018
100.213558308219945
99.938704002567647
99.907296437223067
99.577698568323285
99.563878087487865
100.291901896407126
100.193393719526739
100.348827318811345
100.124702707761116
98.895916907232277
98.896220604679002
99.471113550953305
99.600285672910559
99.879677885814544
99.993291167377720
99.260235914887289
98.808853711585925
98.853097755305043
99.558036913668275
99.599282495153602
99.541399617085517
99.820774448066459
99.260380842662471
99.532313825472556
100.018674448822367
100.012149641896485
100.225162106235985
99.797820241593854
99.857157508919499
99.355367945893249
99.941762995966656
100.020581367250998
99.978624898858925
99.341666414167321
99.392708470269099
99.794543054187216
99.804813091071992
99.989451241123788
100.358096192921494
99.623777557043013
100.364623256568393
100.315972676535694
98.898338529889770
98.875068783025654
99.072588889142025
98.964918790303727
99.082811096996465
99.339662257848431
99.044138247859337
98.942641818887296
98.938704482542107
98.870132800599094
100.063909946694366
100.303721539090020
100.501575445156504
100.044851607513465
100.045747617950383
100.434437119790346
99.707043729858924
99.584934447028445
100.207766828039439
100.052836478103472
99.492432963221745
99.497285985653434
99.995220839965896
99.477661983146845
99.501296129046295
99.755867032613423
99.977752156979022
99.000688969282692
100.000070123372552
99.444566033957017
100.353921171799357
102.162009151274106
100.504232113230046
100.477206961133561
100.358985164401474
100.365442803818951
99.421192322427487
99.410693273927336
99.417869964592683
99.961897755839345
99.359833875899767
100.338404248191637
100.365897424924697
100.372206057332733
100.384721315864681
100.408544802495271
100.434851929933757
99.995160533029775
99.559476950579665
99.744854496083917
99.796207694763325
99.584780747158675
99.560944185361677
99.795730790789548
99.729283657499309
99.571442219689288
99.310905790120160
99.298118936715127
100.455416142558533
100.199821939198955
100.407447148661049
99.769927986727453
99.776055294275466
100.477801220927176
100.548683844201150
100.121323595795275
100.059009557825448
99.266343836003216
99.292732121185054
100.204050952628677
100.211507207475734
99.558012094560581
99.274021691924190
99.291954496797189
99.287568284434201
100.393009145556789
99.281129566622440
100.336565534348210
99.747961254429811
99.325024713402854
99.332810429305937
100.034100473651961
100.397914530945854
100.263115435288910
100.044065506966490
99.498918674891229
99.756683916180464
99.582077062213102
99.587724245508070
99.594667925001886
99.697234446600305
99.301503389618574
99.271063372846584
99.266111279579036
99.592836384058046
99.600204085807491
99.656076640175343
100.260939747424345
100.400097344758706
99.602927836468552
100.037108832151716
98.866354543966281
98.894878673433595
99.478044682916789
99.605556639622591
99.611553971617013
99.485549497011561
99.477516973161983
100.221129273418228
99.772147331099404
99.743362677181722
99.504781895370343
98.858980636456181
98.869217604019923
99.949461469931975
99.955458199857276
99.463299820770771
99.097662640628641
98.862161501430364
99.862150539782760
99.112566299251284
100.250083247640760
100.272725991399057
100.252817794557814
100.297390942713719
100.274600666820334
99.710538722581532
99.670487777035760
99.435201248527846
99.541871173434174
99.971554920235576
99.838994669737986
99.503243622747959
99.414457740761463
99.420288059905033
99.528381759726472
99.644481248099510
99.180322150459233
98.898838843430894
99.715929531403162
99.374056519641272
99.664777570259957
99.224187953145247
99.541912582105851
99.540644360831720
99.135686998917208
99.468521854450501
99.500705709420799
100.418701841344955
99.723760451252474
99.378404138466067
100.223179375414475
99.719814885805590
99.815515576560756
99.694389551091263
99.543330324695944
99.536908989799031
99.890107024770259
99.968205823596691
100.156536951182261
100.087603709771429
100.089330889165467
99.203354781349844
99.196105833356796
99.527606507028395
99.761151890486872
100.129717887835341
100.089426657750664
100.074603597180158
99.819961401419278
99.355427541858717
99.163459517982574
99.160360298037176
99.203666282654467
99.467983183998967
99.752484756077592
99.953499019553419
99.385665762471035
99.283308697315078
99.293135004585565
100.340733905840807
100.386599135126289
99.689813819681149
100.050085478173969
99.446819940542355
99.515906666359115
99.495783461217343
99.644449105820968
99.904071907536036
100.004696423715359
99.478825869024604
99.501473731842452
100.390010921279099
99.509723030530495
99.462204292015940
99.420624277672232
99.405507681574363
99.411803190907449
99.426595385409200
99.543453977841637
99.662939757450658
99.623784495582640
99.760830528265615
99.783690354631744
100.268888187772973
99.881953863560739
99.250057252746956
99.217114660192237
99.366796043460454
99.448805376801374
100.344297881918465
99.240198848460295
99.406460368987155
99.089748425144535
99.045475007753339
99.758409730563926
99.773597743828759
99.340162698028962
99.315126232506373
99.058685008884822
99.227278973003195
99.400907642108905
99.433912094737025
99.374477374166872
99.354720891669785
99.359227824057143
99.350794580279398
99.321664252714982
99.412976584958869
98.934914943859894
99.387859982156442
99.043500730991582
99.149349408774469
99.483495298057278
99.035521789438917
99.955042110482282
99.911902357480812
100.487240881422167
100.719150955601890
99.788801171220257
100.221115751118759
98.966618710495823
98.962400666670419
98.987452716357438
99.768344989709476
99.886551818436601
100.443997278444385
99.774085672028832
99.765770258625253
99.482925264437654
100.102917196148610
99.965480241191926
99.590407466454963
100.465305074875687
100.421969770764463
99.698633780847558
99.639444793784605
99.708417786667724
99.679017943386498
100.204090666473348
100.702087506878797
100.092432627034214
99.141139789215231
99.174420266473589
99.133883305917607
99.716422209340180
99.811531261110304
100.186296835740904
99.583141726989197
99.595151945021826
100.642865015976440
99.130271434045426
99.089906107292791
100.248128376063960
100.777279469312361
100.718635605112468
100.345623562465335
99.765644383197014
99.878507768504278
100.404265151031723
100.211521342675042
99.709831132164709
99.746134879263991
99.181511082085763
99.486602268344086
98.831977676150018
100.271096599147313
100.668307051435022
99.874284776035438
100.685209678742012
99.566698954681215
99.601371062357430
99.695837387373103
99.628488273662242
99.584706357946288
99.551018247904722
99.550583502810696
99.708565802775865
99.713649766591061
99.730740613864327
100.113198566299161
99.740192628819841
100.070167745976960
99.925414813010320
99.935997283752386
100.011462202409348
100.284084279950548
100.405671186425025
100.456730568055718
100.171602899519712
100.666477120258605
99.766660541028159
99.775966159756081
100.079149998748107
99.836966508808018
100.717477992782278
100.729424904685857
99.893509448533223
99.946871019761602
99.923500267420877
99.571060022533857
99.827052484424712
99.746342864486905
100.150513374626826
100.155237725473398
99.960404206015482
99.495805163896875
100.261052081774778
99.693707110695414
100.164659740909883
99.196797669316311
99.163147734132963
100.064179482237250
100.520758696642588
99.870258889773595
99.861866140135589
99.613654642942493
99.766952990059508
99.757313943501231
100.147885126119036
99.632261948393079
99.559523578606786
99.516585402682722
99.241435990707942
99.690835332598454
98.857056060663126
99.114928762389809
99.737525703353640
99.147203021944279
100.169028464626990
99.612418297653221
98.943881938744198
98.900433168319978
99.381697827131575
99.142772312826764
99.699625167976592
99.689252260514422
100.102947478241731
99.613579090179883
100.112859857264084
100.027282424472105
99.686679232448114
99.523906682147754
100.822722263407741
100.110685548407673
100.858274499091294
100.818863180251356
100.962438336665400
100.479349693859149
100.193054773562380
100.182126223758587
100.820161233109502
99.729542037130159
99.701564665709157
100.077783371423720
100.462525526169884
100.471139121982105
99.278702931932003
99.298027393132998
99.978655770566093
100.139647735580184
99.775182279571254
100.091742586309010
99.698683943878223
99.697437635149981
99.472931652307125
99.804566748790421
100.893912582853318
100.913884361346845
98.863066044422794
99.207918546933342
99.217793133032956
99.626723415730339
100.059303627667305
99.622955951656422
100.030194036633475
99.224110620114061
98.914776487396466
99.029515691654979
99.035983756365567
99.888828859494879
99.131091489002756
100.248297545039804
99.810724177244083
99.926888610804326
99.476492502712063
100.080648057345570
99.937463562178891
100.266998253031488
99.852220200060401
99.876067350816356
99.918154538126601
100.159812727691587
99.904875045061090
99.864453737484382
99.856616140605638
100.251738421698974
100.241005258721543
100.200676387177282
99.472264183802508
99.446339942814120
100.630854789117620
100.754278515720671
100.194743282178479
100.407089356963752
100.283283920489339
100.227711791701950
100.205191637548978
99.690965920393865
100.619472888237397
100.176344841546324
100.142613434596115
100.176977639501274
98.869652130471877
100.429594865277977
100.680394375212472
99.242614362381119
99.740646957440731
99.070699728461932
99.131022425992342
99.115815738653509
100.754918425333472
100.815647336178245
99.105164521874940
100.409460243871308
100.046311743427395
100.107857029628121
99.668507067211067
99.646253934373817
99.726489159121229
100.201709073671282
100.203947166485705
99.722622533821323
100.103987431496535
99.827994648948334
99.731386259007195
99.969407079912799
99.992656211054964
100.145907539550080
99.328597209944746
99.600730824081438
99.580455288494250
98.877687811453598
98.879382904017348
100.127239661948352
99.995044031161342
100.447510634042828
98.945517982871934
98.834906282279007
99.780786126786552
99.645520131279227
99.213520318874089
98.794526014028634
99.406104510903788
99.226811387374710
99.285280982826407
99.545447290106495
99.879757496884395
99.876997291808493
98.834067958096966
98.823608009043710
98.798492367301606
98.803372560622392
99.464355930954753
100.056071317296755
99.460763321722879
100.243338086871518
100.386199132351067
100.347285150627158
99.461848383796223
99.656606253197424
99.441643488551108
99.426952574998722
99.474370060871479
99.548894014822054
99.910616721261249
99.650915574301962
99.484785113103044
100.320147722735783
99.961272432660735
99.147191932072474
99.511308714823826
99.149527112260785
99.129479218407596
99.386891337015186
100.006729461616487
99.114298224561026
99.475914794107211
99.557972866914952
100.016566521500863
99.768132941891508
99.815487699483583
99.586300354765172
99.729409485403721
99.806841840043489
99.625018796949007
99.972305508303634
99.501661604198944
99.963906762329771
99.990625803038256
99.996554034154087
99.969958064566526
98.854074333425160
99.168063208160220
99.264938936622912
99.469064989950311
99.497823635173972
99.837222428134282
100.360063049907694
98.853121560072395
99.112042204579666
99.222475144941200
99.204195540038654
99.561284384948522
99.542984202866137
99.193747102292036
99.497917462203532
99.912478925063624
100.113064977636441
99.710350499417927
99.489841654780321
99.124716278662618
99.533187831171745
99.732356544383038
99.787498701842196
99.986102979172756
100.010597670458992
99.588858881084434
99.571858271109249
99.719560141278635
100.476971557000525
99.505840472533691
99.104025976259436
99.601339501015445
99.598401212078898
100.227800034486336
99.931215225245978
99.694190839043586
100.304953067033694
99.508792708609690
99.854699112621802
99.475809035759085
100.329448457623130
99.398906335412448
99.454079593763709
99.453628930053128
99.154258070541800
99.110417662640884
100.019001498631042
100.100030793468704
100.024664815496635
100.033012633246472
100.086263176426201
99.737101104413341
99.538991816335511
99.526633129909442
100.039721423974697
99.069381614979193
99.749509792122353
99.124163626271638
99.079185874195900
99.074637093325691
99.054237885855855
99.064749476890029
100.439010011112259
100.694051207435677
100.432035331682982
100.400006044012116
99.878427360310070
100.179077529890492
100.168809721711568
100.399031662514972
100.408488541920178
99.831995469603953
99.966172073098278
99.984036982816633
99.991210798368229
100.253455848539943
100.375379840546884
100.353152012635746
100.059915578708569
100.392742961045315
99.962504185044509
99.549729700680018
100.738252613646637
100.337402319355533
100.738622228904660
100.344238041702738
100.337769111804391
99.689675265591177
99.592527750876343
99.599382763497033
99.643179353001869
99.661546314954194
100.332917634043497
99.714908906301844
99.807498886013491
100.749551775588316
99.032985974947223
100.467476901559621
100.476328349177948
100.435122856736143
99.811768688052325
99.474545168254281
99.494139707155227
100.326499276600771
100.708084095199411
100.267796325989366
100.338806755760743
100.724798478073808
100.708340348057391
99.776053293826408
100.333639435019904
99.509084291628824
99.664738613207646
100.327458756134092
100.327622538063224
99.458802247870153
99.214375488187216
99.806011543994828
99.567426285507736
99.169647859933775
99.877592313099740
99.683453037571326
99.572132685783799
99.528399556443219
98.843345125351789
98.797981148761664
99.450766296359689
99.049724342570698
99.538199853518108
99.581419851865121
99.561808441788344
99.583423008419686
99.573864627646344
99.564418031758123
99.720192744979613
100.102634952194876
98.818916945314413
98.792949263037372
99.003515333176892
99.361288427898671
99.182281149933260
99.618758919323682
100.053692634560775
99.516389792660448
99.643424917694574
99.667021313532132
99.682158942017850
100.038660807686938
99.133985555539766
99.037851742818020
99.020072981241356
99.503632210477463
99.706752091627550
99.693991855606782
99.321431760683026
99.342058379002538
99.301991693735545
99.261532937326137
99.256717695353018
99.267239029454231
99.103987783580578
99.058805736328395
99.014197922306266
99.009552612575590
98.942387622103524
98.936349867210538
99.784359328593837
99.437529007640478
100.585391726693615
99.825596696162847
100.813600348834370
100.831391091818205
100.294508450856029
100.467987030397126
100.147023667640497
100.616079646565140
100.623200779615217
99.217004836039450
98.915584744306216
98.906809133299248
99.972388167680037
100.460740294045536
100.616083943386911
99.405223751304675
99.210964778034395
99.411384770043242
99.131622599978527
98.875310900444219
99.040399212069133
99.346658521459631
99.716303581581997
100.083237826402637
99.918992002928917
100.124860803266074
99.846339040066596
99.840251938113852
99.787342317043112
99.743324836869306
99.376687680926807
99.822059805948811
99.828006350383021
99.669453757601786
99.767631078243085
99.782986406920372
99.010512260029373
99.541773427004046
99.511753234512980
98.950668484144444
99.333309242779706
99.289925155479068
100.181211467337107
100.149394421368925
99.637567458494686
99.766933899597461
99.626742740127156
99.686558181680994
99.644144302792938
99.610590360970491
99.573549997237023
99.568226069462526
100.187028617377109
98.912101052432718
98.914437771823032
99.670359013034613
99.805456722628151
99.805694260106520
99.820729869098159
99.704811422658622
99.740576019885793
99.819525540640370
99.594575860190616
99.813400377313428
100.099202949826122
100.041457729942977
100.024669492645444
99.757837483762160
100.155011831684988
99.895013232882775
99.827474227698076
99.380584667226231
99.341253446119936
100.127609550760099
100.139984738161729
99.758315181230046
99.763027712825988
99.756142924860796
99.300203907323976
100.049171417884736
99.731260279314938
100.064516292381995
99.173361812725034
99.134055413265287
100.109343482402437
100.056265885656103
100.042100758244032
100.123147394753687
99.352535962196725
99.363696425983562
99.681437197270952
100.121720829922651
99.672793376686059
99.362258562528950
99.349882530003015
99.089310390929313
99.129394550166126
99.443469387032110
99.418150394953045
99.677577501573523
100.119279896494390
100.078293842256699
99.708988243800832
99.432893549429991
99.699386773760125
99.167278454496227
99.487032131568412
99.428032046727822
99.123259711968331
99.193218003722905
99.345566690433316
99.494102838495110
99.752703541580104
100.049184789049377
99.309008321300553
99.503712693202033
99.337984147808584
99.336565374443580
99.307102694736386
99.327607086682747
99.284386300904771
99.470367669517600
99.208502779079936
99.340639730245584
99.671527882999271
99.367309073699744
100.024570700608365
99.201335663144619
98.902792188693638
99.068782275816375
99.463928819513058
100.359321358278521
100.363502097490255
100.046554705306789
100.073298858244470
99.836555686970314
99.835777814772428
100.396341759764255
100.322393723737605
99.634115964926877
99.795564553376607
100.338914082278279
100.361658953567712
100.355270329957420
99.629217015293762
98.882940631612655
99.576186804940789
99.229078301872505
99.648948232310886
100.489219079107897
100.043948559172350
100.201339652276602
99.963309663862674
99.742897335168891
99.839483757157268
99.719982943319337
99.812771921894182
99.983972196056129
99.180191599512455
99.110579533214150
99.728410419450938
99.121157576755195
99.620263166039422
100.283963281611250
100.729308055094407
99.172367734070122
99.579855121686705
99.020375028077979
98.995392251470548
99.937849878806901
100.102997070340734
99.404338402118810
99.251406136371315
99.232979094500479
100.133943347831973
98.874279175253832
99.550142389940447
99.563631660709689
100.081452603782054
100.105048112546683
100.109187739546996
99.379350473983777
98.899261353945349
99.433137511025961
99.408120370266715
99.612629283288243
99.995866641082557
100.001279154832901
100.035827683979733
100.144015808971290
99.572061984663833
100.041880643065724
99.623225511304099
99.080836689203807
98.974806945632281
100.010107572296874
99.615442251748391
99.596796962567623
100.016563435086482
99.141739169882385
99.100692773984520
99.292604947147538
99.332962666626827
99.974495156757257
99.984539748185853
100.055437772430196
100.163975712148385
99.624028037118478
99.988456428047812
100.013095761662953
100.015580091355332
99.618002166679162
98.899508861279628
99.100624620160033
99.582055459815365
99.596074263323771
98.870692916636926
100.320457007277128
100.163629361208223
99.920593788860970
99.985152898833803
99.948796915097319
99.576147972193667
99.663549128954401
99.546906994055462
99.905400792721593
99.943194490349470
99.992781346318225
100.020055796507677
99.833676802651553
99.856426506084972
99.639913170384261
99.800793074341072
99.979526989950500
99.638031240543569
100.279879212799187
100.014626006629442
98.878095110519553
99.692878947816553
99.673354226725223
99.607077021193618
99.621238683824231
99.646280896620738
98.915283177830588
98.901323822341965
100.014375273562109
99.090231214260257
99.469484297332656
99.658127745456113
98.867668676603898
99.075841812968520
99.165498016290258
100.209317327252393
100.205412140263888
100.062582207955529
99.887963096875410
99.908218331307125
99.893890668549375
100.011415587380725
99.844993111143594
99.727033481189210
99.199356362200433
98.966450687651104
98.999601508727665
100.044576068085007
99.135689445281059
99.158796396023263
99.131706613896313
99.162039170331809
99.723457890011105
100.190149720000136
98.904947967702810
99.640526395946381
100.069974965929305
100.085055238617315
100.046743827954288
100.019496899562910
100.036838064712811
99.463526698116311
98.826472673050830
98.860272448550404
99.297326122484264
99.337469530121780
99.656742468319408
99.662651822729913
99.094484348698643
99.633045015094012
99.652071454364886
99.428651148797144
99.403696622664484
99.628449456604812
99.638298064680839
99.599735908794628
100.025072784746499
100.028960232597456
100.039275341686334
99.461700015030146
98.970421748413628
100.147492876956676
99.609440437709964
100.038665969967042
99.451894501714378
99.631888798729506
99.432314060305998
99.437165407882276
99.715759690703180
99.455996092963687
99.172747532433277
99.334845812983531
99.614069844538790
99.738406843862322
99.329687715621276
99.474140576588979
99.587391328713693
99.599428686289684
99.573663642927841
99.503325846802454
99.549529698808783
99.507191637150754
99.470201109838399
99.485965961617239
99.480610915396937
99.720631550079361
99.323118305023854
99.019680981849888
99.467870834807400
99.656413224325206
98.996371175196145
99.987063873791612
100.162480175763449
99.652727090407097
99.641472138680001
99.652870453211563
99.641858244021478
99.645303937355038
99.716906466708679
99.757995490307167
100.119544909954129
100.125479961028304
99.076357723420188
99.638957666654278
99.170672912322516
99.599031428485432
99.349930611839682
99.343821518688401
99.861980335017506
99.894935530043313
99.438181625451762
99.478116137254801
99.698974265651032
99.178330035348608
99.927436053152178
99.909216873349578
99.856197667507331
99.467497484145042
99.633933439093198
99.659283320429040
99.667597927096722
99.626567705252000
99.862320702101897
99.628349529981733
98.949983184092162
98.961930165639842
99.093835597061116
99.615003294639337
99.609581088778214
99.776611839387897
99.780070368856741
99.820234021010037
100.363501820937472
100.241048611052520
100.275318312159470
100.267620291689582
100.270052710307937
100.018639147566319
100.235459432593416
100.320502939161543
100.315614417619599
99.093242977708542
99.188380288105236
99.063492285151824
99.944114002098559
99.182843704974857
99.672917472120844
99.670775580363170
99.928180555650215
99.615266135829188
100.457216361410246
100.451678962233018
99.611222629624990
99.606363409224286
100.208770984771945
100.376090348890557
100.670805132234364
99.935431432103996
99.202822102494792
98.852288524391042
99.855772702403101
100.397455324949533
100.353386600601880
99.637808238525849
99.933287538225159
100.673940877467885
100.666684768106734
99.639955162017031
99.228518787490884
99.190189915888368
100.226793274556258
100.013301419992786
99.836752533971321
100.002488926312253
99.669394417279364
99.658578840905193
99.218125498830886
99.603187770038858
99.654554360706243
99.662151747180360
99.081358956295844
99.121568282599128
99.575099989953287
99.564673890748054
99.085848531731244
99.036885748436816
98.850772739412150
99.431715439808613
99.426774207678591
99.427215326674741
99.954170537005211
99.380433998904664
99.953935477215964
99.983696948408578
99.674422355800289
99.434508735477266
99.426090484701035
99.430299492530594
99.312979221868773
98.823387483895203
99.778789070106541
99.350911627765527
99.314663183502944
99.886904648013115
99.991130601440091
100.020644195693421
99.807297781554098
99.992610485634486
99.951429786130575
99.977868632254740
99.995300326260349
99.710133285136635
100.131832599231529
99.825197646281140
99.815541396628305
99.816168112142805
99.556452504411482
99.555137411503438
100.016183024291422
100.024189717147692
99.699078899514461
99.710100517529099
99.250449901591765
99.724061455906394
99.700206848250218
99.102823528423414
99.107985674835618
100.523835712041091
99.974339305883404
100.787952090120143
100.498916455811468
99.944346550309547
99.924508865491589
100.397372068450750
100.544526063389640
99.526477131914817
99.095852196923715
99.067994843477663
100.574262975306738
99.514228966228529
99.519803578798474
99.513281767945045
99.488577322137644
99.072789255659700
99.033285868720668
99.028025146868458
99.050811247987440
100.482143766504578
100.671021674929307
99.046627893518689
99.217087533588710
99.227485539146073
99.679368630944282
99.675799286319943
98.931055113716411
99.266437221865999
99.110738705058338
99.315330649406405
99.246707250404597
99.173975329514633
99.215982799036283
99.213062519424057
99.202601190031601
99.496154221303641
99.060251692792463
98.931420815655201
99.054639986434267
100.231476857845792
100.199285591316311
99.802454022329584
100.031194783557112
100.038520584541402
99.353643095476400
99.202141262606801
99.893653764338978
99.726462396310581
99.771688007857392
99.868694899384991
99.916492683713386
99.920479838006486
99.960652065431532
99.618988634841571
100.452757114075212
99.714768206997633
100.235738216159916
100.467448478283131
99.657058362720818
100.028967727317195
100.430747792938746
100.436044742604281
99.614021228592264
99.659972760493474
99.677814639932876
99.321035497105186
100.191056736235623
99.912656838459498
99.616640298257153
99.863861648863349
99.907680968617569
99.409266928122179
99.481830007971894
99.476332557412206
99.618532198714547
99.788501955133597
100.033692365795105
99.836351089931213
99.871939090023716
99.867885999800819
99.366802172399730
99.382513774837207
99.533835207048469
98.986044640895216
99.898226200122281
99.613037503063424
99.795274825090473
99.868748583739489
99.669651280911239
99.468166722609112
99.651093971992850
99.785563878474477
99.346427318304904
99.313533138039929
99.351617288737543
99.199884285505505
99.629358767818303
99.458445258085703
99.463242428121248
99.104499610672065
99.948768825108800
99.351702549569382
99.336629130293659
99.691231609000624
99.797058127738637
99.838027889942168
99.897628033792444
102.153113029040469
102.451684173618560
100.095246019922342
99.873566494613442
99.656403023369421
99.889412547493976
99.885770932176456
99.952834540696131
99.893155668705276
100.386670856642922
100.417611404729541
100.525340267348838
100.317347645135669
99.596844662729382
99.936480090471377
100.310322318775434
99.942943543781439
99.883747603036227
99.659093547920747
99.665234376416720
100.411066194476007
100.404820533844486
99.877613077488149
100.070442493205519
99.863153102291562
99.146428218658457
100.227048408157771
100.190956470123638
100.206009895138322
100.557027680552892
99.675845478690007
99.664816775999043
99.659648109764476
100.253426377288179
100.192710720707964
99.069558922832584
99.323394585067945
98.833693320477778
99.581282378862852
99.015961079395311
99.102457081091870
98.826174057808657
99.222542988079113
98.993273937032427
99.658670626281491
99.693215436434912
99.684532667644362
99.973527900228419
99.941240114514130
99.562094430934849
99.428235272418988
99.653280242645906
98.864523844215000
99.206227831194155
99.376180817240765
99.415429573376514
99.265614886018739
99.410130642233980
99.209065909299170
99.373238082054741
99.038960947616488
100.330127602239372
100.180412312223780
99.876200994467126
99.860794054128746
99.991295240514773
99.882052300264604
100.175651489014854
100.163677149590967
100.118224730784277
99.159755587118525
99.130578125506418
99.083845551674131
99.712353349344085
99.827501763463260
99.661592232405383
100.013961741725325
99.165002841948080
98.991618454868330
99.782032862375218
99.625833927962958
99.812645218051784
99.971322689827957
100.015585384031965
99.086788612837609
99.831921863678417
99.879598896902735
99.825452944481185
99.501272497961509
99.056396761987799
99.203894729418153
99.941591654644071
99.914790781598640
100.003669021627502
100.627226204624549
99.971668267566201
100.180819020296440
99.808360215311041
99.786256141751437
99.892448260974106
99.911713749676437
100.044653615396328
99.290368870662405
99.540778880651033
100.040981350985930
100.429904855803215
99.807900174445876
98.871077723074904
99.974883386125839
99.970916084491364
100.180395883416622
99.472096972956933
99.124932843818897
99.628170651310029
99.667904473320505
99.629521990171270
99.059408651569356
99.059061315736471
99.809463114313075
99.003546982852640
98.882405445280710
99.029570935281299
99.317347836061344
99.053026055996270
99.661282424170622
99.634634798759180
99.360935682363561
99.093983919396123
99.097384285958015
99.627352383273774
99.636801626400484
99.370817179385540
99.081576864118233
99.293492136092482
99.663460027768906
99.280258416427387
99.320646721282174
99.331568500646426
99.336701815811921
99.906682614061992
99.954349222578003
98.979842565798663
99.169588325449240
100.004997211014143
99.985605024718552
99.883528508781183
99.839279045680087
99.304866905366907
99.117115255775389
99.889849389777737
99.834144117819051
99.417123336171699
99.846398386574492
99.833424858122271
100.144276350617019
99.410867700896233
100.169881371394695
99.394026952370496
99.431065664123253
99.374951287764361
99.423596244009786
99.171841003273130
99.948594290447545
99.753907966552561
99.367538751015672
99.644882273240910
99.877467595651069
99.890382780506570
99.426098842884585
99.791896007358446
100.127438852560772
99.897644822609436
100.377546688784605
99.639611502498610
100.263700539664569
100.495411816125852
99.891824124797949
100.370293606866198
100.347524160848479
100.342538334896744
100.387213562615671
100.448252389207482
100.392118428248978
100.479532475495034
99.390578997281409
99.685014347176093
99.160634036277315
99.147864946754453
100.056923562762222
99.498406628611974
99.106057884888287
99.440965614857760
99.086649761394256
99.221071086221400
99.298138418530016
99.772243755555792
99.706216993655289
99.702347555860797
99.740191636578857
99.692278559645729
99.731493253204917
99.725345780017506
99.548435248026635
99.499949044387904
99.885310891811514
99.315844367600675
98.837649371142106
98.867398205419249
98.841810710185200
98.832756949922441
99.725626634858145
99.504297652915284
99.948617253527573
99.190215195535984
99.939842257705550
99.895254556287455
99.882522305318616
100.078426416553611
100.403610184108857
99.685396609139843
100.167357670660294
100.126249880328942
100.150785683062168
100.708730450831354
100.694241993835021
100.004782014909324
99.906969937589110
99.904225916222913
99.629867877238667
100.131870544066715
100.742360463222667
100.756617490407734
100.344033312730062
100.357377279239699
100.074090635676384
100.722011902466420
99.951505070782332
99.067511495763029
99.026808717803306
98.802863490052914
99.022828238238162
98.985583090297951
99.011199072190266
100.661129734236511
100.080302733409098
100.330097122598545
100.562775735115792
99.906491641812863
100.327298784985032
99.688366108858645
100.082489895321032
100.086977680908603
100.399512512994534
99.177973661569922
100.242271812829586
100.099163160430180
100.673027289667971
100.666011315738615
99.586512945886170
99.303754246058816
99.927371423929344
99.725908162905853
99.939904471419140
99.654863423349525
99.467331712227406
99.574553937693508
99.827754902992638
99.565022899377254
99.897755495131150
99.522439477485932
98.905621952670117
99.755451493312648
99.937197530872254
99.284645974702471
99.908032012075637
99.274183630112475
99.840759835448353
99.896043077254035
99.838609660586826
100.107621759476388
100.457320773988158
99.741344441436013
100.289811255448058
100.441785129413347
100.516422077584593
100.458695688734224
99.827962542363821
100.083603369689172
100.059733776036865
99.171843871250985
99.180699291075143
99.489072165963535
100.439588421804274
100.073013601519506
99.403703222746572
99.936587277465151
99.965055488349208
99.731437067057868
99.380617220924705
99.401789881783316
99.388946194493656
100.668545238112983
100.138330159116776
99.062076063091808
100.097049440325918
100.246636367337487
100.230002150112796
100.362527764505103
100.252426074468531
100.196923238427189
100.044272290728259
100.048361765087520
101.216751400351768
99.910778918335382
100.258278769064873
100.207151525759855
99.069481755348988
99.023694105998857
99.741068806363273
99.591904314759631
99.032353928144857
99.027694746595898
99.050833738099300
99.033702169514072
100.201276422455066
99.637409459066475
99.090712650695423
99.275235267415155
99.810544929218850
99.850554927863413
100.453126080367383
100.421676893155563
99.604279335604133
99.504588048878304
99.643441225288370
98.857176432472897
99.358269764415581
99.359424172976560
99.880239705677468
99.681032898951798
99.881395425287337
99.946289998769316
99.919848671520413
99.591754999636123
98.926531271097247
100.576421620045949
101.057381941840504
101.044429450078042
100.396996504644903
100.001992968336253
100.002457830412368
100.723307336805192
100.775277941974764
100.749724599759702
101.064626710217453
99.379432224342963
99.439075650439463
100.019348375951267
100.755951169382115
99.803073993289672
99.392421131535230
99.771586913213469
100.531268073674255
99.802158022745061
99.680896778118949
100.406097473029149
100.332945700727123
100.154907099270531
99.848834626788175
100.121185638246970
100.244250651530820
100.129554204361739
99.514711553192683
99.558101987073314
100.124216519816400
100.144280754117062
100.138106609449096
100.073806759801755
100.060847204897527
100.365646121020291
100.224296071646222
99.970520725139977
99.970398381155974
99.317144293152523
99.940873563484729
100.383464648168228
100.158930446831164
100.231813297178178
100.215503675667605
100.840273474945207
100.312307717736985
99.832018803309893
100.460917382074967
99.563251855117869
98.950208245889826
98.955067015116128
99.357352917844764
100.158746679084288
100.156191473295621
99.327498644677689
99.959408157151756
99.978571179789014
99.806893701129866
100.675392370989357
100.670950004587667
100.275710937954500
100.686692248339568
100.472529203237173
100.452868065963685
100.218183238374877
100.205908266122606
99.982421316389264
100.659979858402039
100.645116886450069
100.961104611311839
100.834580880643898
100.653103952359743
100.869199104638028
99.801596761095425
100.923879059687351
100.919744828962394
100.880474247900565
100.868928019929626
99.936368878968096
100.888851668472398
99.256049605935914
99.258963139730895
99.331767564749953
99.433211751516865
99.823987091892832
99.847941091672965
99.238044613118745
99.381163143165395
100.043271148882013
98.784408010018524
100.085481334535416
100.128475465043266
99.097488367925052
99.243060965062341
99.578800360096011
100.020787001303233
100.029018292130786
99.227817045872598
99.274987990813315
100.246567904580388
100.598493435791625
100.044755519745650
100.242514193111674
100.244177571137698
99.511976006313034
99.974859492742780
100.223484272304631
100.161384515241934
100.863098855417320
100.490682167507657
100.161034092608134
99.486948633141310
100.245107512442701
99.139788982620757
100.076004867947631
100.081878820936254
99.974344242225925
99.966494499375131
100.129516643324678
99.963622859564111
99.775234490119601
100.132878213541062
99.959134841871673
100.080714377479580
99.959669298852077
100.097714643392464
100.103556789343656
100.097950444175694
100.432839459509978
99.782357914322802
100.083205677185560
100.089742294799180
99.804043048719450
99.567217117153177
99.570090366732984
99.908343065168992
99.916203058958672
100.318925344740364
100.325257411858729
100.197280138549104
99.915457298414822
100.161056056998405
100.303947178122598
100.171599097860053
99.864400176130403
99.898116309300804
99.908538494014010
99.918062959219696
99.870969238100770
100.177007988470450
100.296084944702670
100.699056511084564
100.497745656539337
100.326361289880879
100.360918550584302
100.577482796383720
100.439867874585616
100.191961595645353
100.063546102031069
100.400614950339786
100.402718391991584
99.835591820062746
99.841278043580132
100.244292659450366
100.243797528706182
100.253858234876589
99.968410871642845
100.570295225070367
100.260074711553443
100.182284959343178
99.526709727010712
99.544702069086725
99.632241980314120
99.473711436809481
99.481913277372769
99.876390792430811
99.909568625619158
99.631430638265556
99.081008991227463
100.019418270027018
99.354225261789452
99.360755081599564
99.331438392523978
99.734955927751344
99.726706199219279
99.549044515558307
99.771140498858131
99.627290112580795
99.656600765294115
99.697257576862739
99.521754895698905
99.004763234649545
98.592492031309121
98.607359170304335
98.610244177676122
99.399345316205654
99.668076399902930
99.682901536701138
99.687673897407876
99.395241173504019
98.569019621179905
98.602784468697791
99.420091034248799
98.875550479770936
98.899671994907294
99.189992427963261
99.311129822687690
99.199554186046498
98.599879134596449
99.181565187981960
98.589635047811043
98.566123397159117
99.441776376257167
99.663976106553946
99.688829326240466
99.434339211979022
99.418282465926040
98.626326320966655
99.687017587531045
98.895427294574347
98.928339916824370
99.214595422329694
99.233736449998105
99.224318987383867
99.335761000480488
99.354907214000377
98.943091250879206
98.916699943844833
98.894274019625755
99.187844100267284
98.813579162188944
98.796996637907341
98.832759276473098
98.767886356110921
98.801278751915561
98.788364289797300
98.834869832458480
98.818136604200390
98.777220974346619
98.753865178057822
98.750972126978468
98.821880270207203
98.857214746472891
99.037629007071246
99.053382708262234
99.031648019406475
98.846755577276781
98.922125784863965
98.726391336168490
99.363384136871446
98.722570540399374
98.729806688827466
98.962698376768913
99.165845543337127
99.070513597327135
99.086278059088727
99.216888480204489
98.869019604449022
98.762525553728210
98.590173716231220
98.854861947415429
98.588132869737365
98.744239451145859
98.979419036889794
99.418820638221860
99.384618298046462
101.720201924916637
98.946708761966875
98.943820280785985
99.387498276900715
99.037154274858040
98.857746483890423
101.741473585324002
98.989524851289389
98.986627598204450
99.187047317042015
99.428849759934110
99.028407595717908
98.830198753343666
98.837033054820949
99.041480093349492
98.871202080091734
98.892176076761643
98.868544538837341
98.884005287295622
98.903200204015320
99.072818392322915
99.476761798664938
99.215848404490771
99.089640048026922
99.509934095667177
99.234209141593510
99.177883406005549
99.210942096773579
99.209690963955836
99.215948831422338
99.201047155107517
98.881006198968862
98.888406233664682
99.495118478474978
102.035337028981303
101.716720170698864
99.148850447215864
99.182432224017703
99.180667403637472
99.105033517990250
99.215353145779773
99.197155159713475
98.868162839985416
99.220938919408582
99.591460076024305
99.581785090516860
99.598691934213093
99.234384871680959
98.899979021445688
98.854520227052035
98.878981313458098
98.854154087216102
98.858751597041191
98.902573550648412
98.877780974264169
98.907825638821578
98.881707631290737
99.228166646116733
99.064720239809503
99.090467918882041
99.079115378210190
99.065478313436870
98.917145515349148
99.093515858607134
99.040659019825398
99.178357434538157
99.045034785897315
99.054658816894971
99.014002334213728
99.182732005457183
99.006525521445383
98.965103955380982
98.873573956778273
98.855070723411245
99.021063109128590
98.809433683969019
98.803241675513618
98.894015686396415
98.896012740691731
98.937050099896169
98.993004092244064
98.815556590539472
98.814326260277994
98.784496495793974
98.920611232806095
98.893442453029820
98.953902072542405
98.945744841496435
98.944653615355037
99.257101117609182
99.105492626606974
99.243430246106072
99.119171028212349
99.144947570533986
99.137689995949586
99.202418499242867
98.959711107389921
98.952825760812630
98.928111473793251
98.957551376536230
99.008948265061917
99.363545079115738
99.542410332384407
100.067722032408255
100.121550567949726
99.174922986520414
98.993367370574560
99.749122485704447
99.002587904223674
99.195180561597681
99.631137781553207
99.603720100848932
99.089503008748579
99.075689273535772
98.959162228060904
98.855082475576637
98.849505850883816
99.165853191267615
98.985123893194213
98.845504404311669
98.890235829861012
98.950513558934290
98.774503330022071
98.816926428261922
98.998937125898010
99.179661278880303
99.344004052190940
98.846839644557349
98.773645814540032
98.767350216391151
98.830672568721639
98.745074116601245
98.732636777313019
98.762057092317264
98.771629589029089
98.772698948317611
99.359138860795156
99.081050851585132
98.973897625072368
99.219274311813024
98.836027952349014
98.841541171582776
98.803137408751809
98.831967678948331
98.875318799508932
98.846875234442905
98.951440416922651
98.920336539021264
98.897277649051375
98.899861162403340
98.954026123627045
98.948980539899367
99.062579435924363
98.943441196237927
98.964606973649552
98.938543160518293
98.982400452609454
98.947271388557965
98.980323564604532
98.942129707706499
98.971348340035092
99.006748223314389
98.944998794393086
98.961365909506640
98.945199605992912
98.986050112691828
98.964448130117944
98.989274687480702
98.972250144577629
98.934079644614940
98.929577950657858
98.896193998800754
99.009517893583507
98.953866137235764
99.000563093530218
98.960498796811862
98.955961272640252
98.978663492825035
98.945706515195070
98.997079546114492
98.931126458694507
98.926998007051679
98.893601048460823
99.004821511884074
98.979415760815300
99.060605514400777
99.009015051834012
99.029000055952110
99.003795926319526
99.032166031855468
99.083648541604816
99.031298846911795
98.996261925438830
98.989040577154356
99.013187884059789
98.988042357423183
99.016404454056556
99.067859158326428
98.975892327021484
98.985101438374841
99.036504502868866
99.040402443693438
99.001918115444823
99.024432334483663
99.037370940065557
99.031281270631098
98.974765200011916
98.925498561470704
98.982047702452746
98.976931963843072
98.980585806635190
99.001575525495809
98.973500608996346
98.990695997931198
99.050025316986648
99.045090213877756
98.985475481121284
99.045070122540437
99.034617376306414
99.040446776560657
99.044452422568156
98.994900137577133
99.047118943894020
98.949267184314522
99.070723940807966
99.053635905926967
99.064172718551617
99.056226324990803
99.015820686585812
99.048869060779907
99.024755941378316
99.029716057730639
99.040209026911725
98.989174194181942
99.058724982917283
99.027006985953903
98.992447470370280
99.025900428846398
99.049434421739079
99.049366746645319
98.972923729214017
98.973608631465595
99.024792786039598
98.957337389129862
99.095151703034389
99.097442120269989
99.097076264669340
99.088111214342462
99.057076143067206
99.061967890195319
99.050731953224386
98.960058168610431
98.999482553414964
98.926532281872824
98.919354961827594
98.924159310976393
98.959687701644725
99.004647837675748
98.970569812246140
99.154508327357689
99.115330809544957
99.421630578047825
99.031030351960908
99.028069848232462
99.047744955426879
99.057938193479458
99.157710975567625
99.378656071433852
99.062161697144347
99.080560123418309
99.021686640761800
99.118351346125564
99.136719977032044
98.988211830360342
98.954189057961230
99.048841454765352
99.018210361719866
99.029037314659945
99.028702753342259
98.989290908517432
99.026390456460831
99.025955127977340
98.986567023805492
98.984873808682551
98.981441604446445
99.038532717028374
99.037363148050645
98.995938175112769
98.994736331604599
99.049318489314828
99.026186341039647
98.991397727670119
98.990147133450591
99.000105403623365
98.971000320445000
98.968964601176594
99.028911811755734
99.039710626707802
99.061982404319224
99.131499722411718
99.089383357805218
99.452382809186474
99.083048443812459
99.041439664979407
99.056782509795539
99.057746555469748
99.029475260766958
99.030475687179205
99.046447850124878
98.990030605170432
99.012726435899367
98.992511682502936
98.992665808497804
98.971634451851514
99.021933183882084
99.056908202839622
99.006387309817001
98.985293726406780
99.046158805822870
99.038476263096072
99.098780071707552
99.064236535525652
99.070700922129163
99.068292050781565
99.044353341454098
99.074849156433174
99.093692219878449
99.094114879888366
99.061418580971804
99.094904647025032
99.085269815522224
99.064604680972025
99.055612463204397
99.078438517683026
98.982079055094800
98.952482997775405
99.091735858079119
99.124879329783653
99.100866305713225
99.052438843005802
99.046981984681224
99.083083813820394
99.072072264933013
99.025764318391793
99.020472212780987
99.102534123343958
99.057346069423602
99.051868985997771
99.076952638275088
99.035687942109689
99.078829409373157
99.069009500243737
99.051337120062726
99.061850197334024
99.050490643629928
99.012238921249718
98.980621269513904
99.051730915817643
99.013630434963943
99.070250162304092
99.064808757092123
99.061031845155412
99.067231164351597
99.055796012905830
99.073151170278379
99.106198601426968
99.116649144171788
99.065898842293791
99.091786941804912
99.087314242248794
99.410524379946310
99.084128765188780
99.394836097069856
99.423993421942214
99.063193945920830
99.012398525748722
99.018836546491457
99.071165318029671
99.028010606298722
99.021639063004841
99.097489919523923
99.132745211074052
99.008306382561841
99.031940466090873
98.999475996517504
99.005875647461380
99.080824655782635
99.074765241854493
99.042730747147289
99.078091346027122
99.082162871340188
99.110898713494407
99.150286827330547
99.153049703094439
99.115149697288871
99.114934911108321
99.098703728322107
99.098119934826627
99.121271448151219
99.155176687609128
99.154498981830329
99.151451224439825
99.092773676469278
99.062295933797486
99.462869574298566
99.441008479657285
99.091593474160618
99.118945577145496
99.068383891852136
99.226674716964681
99.251567724187680
99.229005045157464
99.114155567713169
99.078761963992747
99.084418869501860
99.147327904710892
99.121648060678581
99.153657198203746
99.150407106864805
99.124615327846641
99.109062593349790
99.104220090061972
99.118003668495476
99.113124045607037
99.052154414777306
99.024447898131257
99.020736219700211
99.068211132092983
99.063488921496628
99.135410180917461
99.144391340163565
99.141999609551476
99.162392188064587
99.198485088759753
99.162797245829097
99.158010273691616
99.175190902824397
99.045026497672097
99.066401527325525
99.061605711421180
99.045731695389804
98.988702410834776
99.125496487014516
99.146645211582381
99.141796567168967
99.099228198371293
99.124547240093307
99.079292562073533
99.119759752552000
99.113443190208727
99.055621911893468
99.044460153658747
99.043920695508859
99.017179750939249
99.016820277723582
99.021929284090220
99.102138526366161
99.137122857091981
99.141931394161020
99.114463212648843
99.201042013163260
99.181616557641973
99.238895263259565
99.121819411919205
99.071734786752131
99.094859857668780
99.071887489251367
99.048863224272736
99.022225930013974
99.147623836815910
99.128369985451627
99.064907914524611
99.070126304746282
99.140871120289376
99.112696377405882
99.139689469766381
99.171065775540228
99.114451412316157
99.123943246992894
99.140636064688806
99.096273371076677
99.134707436534427
99.063212801241207
99.105554079236299
99.071133397083941
99.010754965365322
99.018685682262912
98.998090533315917
99.055732152660312
98.995722481950452
99.075778067552164
99.170817816918316
99.215428562189118
99.212578947179281
99.162924189650312
99.147127761403681
99.143539249709193
99.119382668954131
99.164155789808319
99.127934154403647
99.140798336889020
99.123609347944239
99.135626908480390
99.175841050202052
99.183503325659785
99.394649992508675
99.399175914648367
99.349530413131561
99.142603693563160
99.419467191759395
99.480827819928891
99.442719266797212
99.410310820178438
99.403017340579936
99.423131459751403
99.157904318990859
99.280077625876402
99.254580513927522
99.486673936820807
99.500083998014816
99.510259721957027
99.397970072643147
99.114472694253436
99.064831964605673
99.425235005272498
99.405420214374317
99.045078831981300
98.983939885702966
99.066481866679169
99.089068259875603
99.096363811257106
99.171123277998959
99.178419599076733
99.184332061731311
99.224660925963690
99.164530104079859
99.198178434176043
99.191458245001741
99.003622106306466
99.373115809505634
99.441878302192436
99.390467137763153
99.414074218497262
99.440426530000877
99.493968193099136
99.542514568788647
99.440070769185695
99.517910534740622
99.248021214049004
99.255332884966265
99.142540123732033
99.151214967111628
99.143450885485890
99.092355524751383
99.112638876070378
99.109665755266178
99.076036338869471
99.137051969550612
99.107089381715923
99.055932793447937
99.077543323312966
99.101178001451899
99.107417176017407
99.085763565266916
99.131062370764994
99.158544374711710
99.168774185665825
99.103015510750083
99.126691158054655
99.093422404924695
99.097102715525125
99.129336638981385
99.124396808955680
99.168986116987071
99.124225158679565
99.107267555220460
99.091610075968674
99.060956789973261
99.061498922991177
99.037250483374464
99.050978980430045
99.033501171279113
99.028696945979391
99.071284083246610
99.053841200889565
99.048246573991037
99.036747080500390
99.097412600060579
99.157545642027799
99.145898710009988
99.190802414831069
99.131512600570659
99.161930617000053
99.105271478054419
99.150313906238353
99.193295297109216
99.161748075429841
99.148672226411691
99.131765478948637
99.185914044154288
99.123856754208191
99.239935771402543
99.261648370322746
99.251389235107126
99.218437667834223
99.169074888648538
99.129263630256901
99.541264659982517
99.512451831933049
99.515748530098790
99.499525195043589
99.120777408410049
99.144507398212681
99.187279623748054
99.165678546245090
99.105515295788337
99.152898223986540
99.080739384622575
99.050840073668496
99.102166556934662
99.075098775836068
99.144127288879190
99.142553086746375
99.165619595366479
99.188335841917706
99.195244745703803
99.223060072083172
99.180437692504711
99.174666401159811
99.178582525143156
99.195127998086264
99.201428583032794
99.141282877151752
99.135639388530763
99.748797977295453
99.159038814469568
99.732341928362530
99.722287372117989
99.706425660024706
99.722293848829850
99.701425184819527
99.198296322863371
99.792680014586040
99.812926474542110
99.813307418956356
99.809215488272912
99.199871211254049
99.257775029933327
99.189163682107846
99.190791613299098
99.771296984505170
99.724195533482543
99.755103018228965
99.746802408667463
99.727687137749854
99.739880972663741
99.795579877406453
99.715880329148149
99.747615376469184
99.715751461890704
99.726749723262856
99.731754644041303
99.205980395713141
99.180686422493636
99.174522181084740
99.170723974546490
99.151022484724308
99.121902828731436
99.157058398314348
99.155009029491339
99.136519482105086
99.106686696833549
99.138778360959805
99.336639842271325
99.169596560570426
99.181066479640322
99.341674451094150
99.174630729817181
99.175863686349203
99.347732977462329
99.341567550693071
99.212544036104646
99.115467006990002
99.065368457142085
99.095735676756249
99.137496854437813
99.119102335066600
99.152728639941415
99.147062064384954
99.177374741160293
99.192672097278773
99.162326459046653
99.147001198332873
99.120182566200583
99.104913820652655
99.089796506819766
99.130243213584890
99.103417208670180
99.088050564164405
99.074143874044694
99.099509636596849
99.072703289556102
99.057275849350390
99.043399970370047
99.282113475780079
99.275543483793626
99.478650199557251
99.267937309712124
99.472040446245501
99.157928198367244
99.164529783236958
99.302841732533579
99.417391163291995
99.171889236572042
99.206282373681006
99.174346762910318
99.218666271906386
99.211865546315494
99.261327522304327
99.210710481243950
99.477462229185676
99.269789540641796
99.015816404373254
99.896618510103963
99.245297320957889
99.937538489185499
99.970792791222721
99.220488557149110
99.226764113579520
99.447233760154631
99.244707996031593
99.238767801931317
99.216232156571095
99.251718495939713
99.397385688295799
99.286006081176311
99.328761724142623
99.175388082659083
99.178680720867305
99.184661375078576
99.178032035105844
99.184138869539765
99.212716991822617
99.211337898789679
99.216868653166784
99.257717551771293
99.220143152940636
99.193380417798835
99.192101561902291
99.197695047252182
99.238329048849664
99.218257204634483
99.258820101530546
99.256424539767977
99.667901027964035
99.261669807069211
99.264434768453157
99.120859339558137
99.099942325541633
99.273155116918588
99.402538442628156
99.234889692520483
99.252144877568298
99.189610851848101
99.206645581552948
99.209795019446119
99.224844681583363
99.196721825964232
99.278516575369849
99.210408173290489
99.196954029498556
99.155907112449313
99.476395920284176
99.251801788245757
99.215442159167196
99.210500527844488
99.255095392039493
99.251631459050259
99.235322019237174
99.179200919897994
99.190675465639742
99.212515991712735
99.247435027141819
99.246759444319650
99.267967448701256
99.306667937894417
99.302774538916765
99.281868675477654
99.264686583268940
99.240468988081375
99.238717585657014
99.199683879333406
99.208631689869435
99.191252407259981
99.166916775345726
99.171718467721348
99.207563217698862
99.184415666117275
99.182912057407975
99.191896357771384
99.173243394680867
99.148738945446439
99.154161035335619
99.186705800996151
99.191588785130989
99.164556225432989
99.169328368037441
99.241527496389608
99.198667969119924
99.203498112759462
99.279337091729303
99.269627961122751
99.295681359670198
99.278706287574096
99.180335632244805
99.181716066442277
99.120451369406510
99.114346010379450
99.217726322100134
99.121612678621204
99.276387676760805
99.275064722146908
99.270318278159266
99.263379318962507
99.239906376859381
99.269221533753807
99.318952590502704
99.311629896089016
99.364214787968649
99.256179743355005
99.251456567404603
99.274359657139030
99.307460050204554
99.301662211974872
99.278434078550617
99.282482740262367
99.292926543644171
99.320409008793831
99.226326457452615
99.271105143140176
99.214524972917843
99.205438852797215
99.168757972488947
99.201616273658146
99.311108580568998
99.286488249519607
99.419437797124374
99.423309028501080
99.297178890948999
99.315726119151350
99.282917895744959
99.301508122104224
99.664521568215605
99.255256830799226
99.283610658645557
99.243022459904296
99.323700976036434
99.307075996115145
99.371830827773920
99.316659175974564
99.232842724011334
99.239265699048701
99.272814205881787
99.254315697158745
99.269496612810144
99.312255541031391
99.280990609159744
99.423147486365451
99.368190023522857
99.464593465800135
99.340804698988450
99.318620768513028
99.323761055031355
99.328097095513385
99.363649477578292
99.283622291337451
99.265054492454965
99.298756254826458
99.265066872963871
99.304127863626036
99.358039408549757
99.363862575794428
99.293461789574849
99.265129747214814
99.260660995928447
99.309921956869857
99.236711290709536
99.362393154018264
99.308515027930298
99.426419119367893
99.460772060528598
99.419397554291663
99.269480119386117
99.273944329796905
99.281971777655144
99.277175910078313
99.368497334995027
99.288458969124804
99.285512907308203
99.325038204041448
99.322391555086142
99.206677244716502
99.270034186922658
99.245745418369552
99.211692306217628
99.206843837516317
99.148395858508138
99.172799646303247
99.299681986440191
99.289235161506895
99.323882730741389
99.342790172430796
99.376209522456520
99.524801140074487
99.538360126968655
99.398383832721720
99.341286392679649
99.370308094110896
99.415749421581495
99.540055956135348
99.363896480906988
99.413191595253011
99.267562301344242
99.431982575611073
99.309447999644817
99.260180453113662
99.383339529971636
99.279607707414016
99.269746725109599
99.269500424260514
99.501491184308634
99.534899572876839
99.543389453247073
99.528724439825965
99.500046878731609
99.303905931225017
99.297040289122833
99.254554608174203
99.549443993564182
99.207248196063574
99.181011953460711
99.159481832818528
99.496197203936845
99.481479998495615
99.510993771272751
99.330549693250759
99.317008417837769
99.307721159745597
99.287519071251154
99.316809596784424
99.438341351737108
99.422736709434503
99.355852094754027
99.360032264854908
99.341422824157689
99.304835900633407
99.253112472040812
99.200343401970258
99.516212983582136
99.332877508640195
99.721667763883488
99.306390286587884
99.598478166587029
99.188327789768664
99.241100111896230
99.147425282208133
99.233795493893922
99.175312852868956
99.228114049321903
99.242965970451678
99.241922537863957
99.190202343429064
99.216409267568451
99.243175824266928
99.215447401806159
99.251180562373975
99.154689593855437
99.309714885840094
99.308021769570587
99.290935969382645
99.357608406623513
99.221518676544747
99.199317754068488
99.216562858372981
99.244066660367025
99.350359310617023
99.356671371644097
99.370905780166595
99.406366683108899
99.420833294056138
99.295904150983461
99.353369661319448
99.053019574530936
99.355001936284225
99.370642783750554
99.361515612522908
99.377710163703796
99.302811467635820
99.267544862331761
99.288924471494738
99.278067401610770
99.263732735486883
99.283798261207721
99.249052475910503
99.296736969206449
99.320830195479175
99.291345837219524
99.288978442123607
99.354641124542468
99.323060986141172
99.275035395912710
99.272762411765143
99.269918427790799
99.267541975850691
99.329363488599029
99.286513749662390
99.283531902496179
99.326781680948443
99.305418139994345
99.247726801606404
99.296477412590320
99.359929028536953
99.296752373693380
99.333972931475728
99.352733254733266
99.317505874525978
99.318421265301367
99.312569357952270
99.331318697934421
99.337656540074022
99.328018536601576
99.296120985305151
99.328621417947488
99.320200717196713
99.308906835959533
99.306174909985202
99.296654114036755
99.339723494636928
99.350757689108832
99.335894713762627
99.281800897506855
99.280626981458681
99.260680129830689
99.272149994143092
99.292065962135439
99.277328808938819
99.304594574077328
99.301463130094362
99.291987509931914
99.287911660243481
99.254542542547824
99.311008788377876
99.370327466586332
99.255843827581430
99.237809053970068
99.234853303112686
99.257325830681566
99.313632754694481
99.252865996434593
99.242304707768199
99.238167603905822
99.204767785603053
99.261415780129482
99.247224508779254
99.303752960702695
99.366994269620591
99.248487515970282
99.331688527888218
99.192113967006208
99.378076608728406
99.336638772596416
99.319136255641297
99.356551553550617
99.324141339273410
99.334912610665924
99.348386277418285
99.314000726180439
99.319104495792089
99.364294426165543
99.392803185859520
99.364262987935945
99.356634841870800
99.326660720659220
99.337903068900687
99.366384700231720
99.337678366605360
99.294705222543143
99.268328592648231
99.279197308905623
99.307879647746631
99.279150628839034
99.338411608952811
99.331269310667722
99.230055644627555
99.256444874255976
99.242027404576220
99.270369775146264
99.241674259711544
99.300818443895423
99.284751732635414
99.257439226095812
99.259441915313346
99.362720207067014
99.342165609692074
99.204426706342474
99.321560148810022
99.274697758793991
99.239731522891816
99.381276257083755
99.278683254922271
99.416089517158071
99.346351979892916
99.325515603357871
99.355313487443254
99.339216345710611
99.328942510726847
99.311685221331118
99.305778080251002
99.306571721896034
99.351418912558529
99.334170155448192
99.328322687031687
99.329222651512737
99.296733591206703
99.268380083757165
99.335036724851307
99.335879389130696
99.291111547247056
99.229107056522480
99.200731633192390
99.192555704502865
99.211205650172815
99.316901293570481
99.315335570886418
99.285311629054831
99.322176874131856
99.326600648127169
99.300211848324579
99.275692105795315
99.295779251246586
99.270699936657365
99.284159832604928
99.326418970307714
99.359375721317974
99.608442542703415
99.645400506774422
99.620367235394042
99.293626006002341
99.296934543000134
99.270579182154052
99.246120023216463
99.289117214897033
99.353349753512248
99.319587511456575
99.332518114872073
99.360586849077663
99.368652302239298
99.358768002640318
99.653565432932737
99.267472353606081
99.257198429843811
99.260159291691252
99.294978618657751
99.358358130316446
99.346632366831273
99.366700407531425
99.358880160521039
99.352824816906832
99.346358109452467
99.375608541705788
99.411022848527864
99.404504082961921
99.442050866185127
99.433803547879506
99.359512181851187
99.418943282938017
99.325659688617179
99.329840127426451
99.346400614213962
99.336557341430307
99.338079060737982
99.369003783830067
99.328908863338256
99.319126475529629
99.320823962892973
99.351611243441312
99.434755878668057
99.404578774820038
99.397168427912220
99.564272289649125
99.551714236125463
99.386991472671525
99.355639880136096
99.384619786075291
99.375893964385341
99.415452730750530
99.324440756121930
99.369936189535565
99.317673516315153
99.368044406323406
99.336658048162008
99.296833486700507
99.384556727384279
99.402337541682755
99.436166429742116
99.443623866865892
99.356281543855857
99.361059123884843
99.378863726757118
99.412623156601967
99.383802350288988
99.747317662615842
99.734066944240112
99.730207709027127
99.728962658919500
99.711014576997513
99.371291874367671
99.349941099887474
99.373068152227916
99.420119645465093
99.359841959669666
99.373591353583834
99.383329684531418
99.500885879280304
99.379757102466101
99.482759023138897
99.494719519533191
99.489325058118084
99.504469854904073
99.521901135268308
99.378333231712077
99.388343259236080
99.423457137492733
99.416271043751294
99.377776741511298
99.412963571271121
99.384192064490435
99.405989478772426
99.284856516400851
99.263688602414277
99.303658850430566
99.323106970899971
99.238078888176915
99.197621656818228
99.196875770638144
99.419737392188836
99.450970629443418
99.426341816918921
99.386186808808816
99.411211419306710
99.405209146258130
99.390814521717402
99.375724953503322
99.400401242424323
99.428019104460873
99.415703279761601
99.419667786341506
99.393749267776911
99.429312952816872
99.309167733443701
99.404176835084399
99.379075259726960
99.398241163161856
99.393999648418685
99.407997601856096
99.397657896290639
99.377662468269136
99.391028453814670
99.371097616136922
99.379061261898187
99.384485965194926
99.514540124494033
99.511329921574543
99.366350592327308
99.374317092933325
99.373061359248368
99.362459910144025
99.413859067243720
99.318118508596854
99.422156605161945
99.376246466317752
99.367884938268162
99.347042167012660
99.297429375162210
99.401193489449270
99.435233284422793
99.440706242503893
99.421805035356101
99.455279238437015
99.445332282518848
99.378843167662581
99.371715609247076
99.351888128176597
99.323367099089410
99.289658756317294
99.418753027979619
99.441491622845206
99.446537939918016
99.419926404114904
99.404385316588105
99.375193504680283
99.398051796844356
99.366435717459808
99.429894515457818
99.487500229547095
99.464733793218784
99.398435724617229
99.429864564086984
99.424409876686241
99.411614389148781
99.405651646207843
99.382945863675104
99.403921616562911
99.456956435174106
99.489081424250344
99.390504231495470
99.386393998642234
99.396891871273510
99.401129508315989
99.426875503471365
99.384789263794573
99.410434455488485
99.428745591429106
99.468986519711962
99.417156824872109
99.345635743074126
99.341839092654936
99.388968236245546
99.385283566434737
99.317444018210153
99.313771586698294
99.337692694224643
99.333886898518358
99.443484280648590
99.342250573825822
99.322358960414476
99.463637102995108
99.349803574364159
99.392276257412504
99.342513204148418
99.452978868300306
99.310939348816191
99.453485813614407
99.449014663086473
99.453668080455373
99.306160952239225
99.463247337477242
99.427789476168073
99.418326909763891
99.270809926655147
99.445183460661156
99.433669295025538
99.462283631698938
99.482750017749368
99.389165678870540
99.346009052123463
99.470758599666169
99.465412089250549
99.497206501141136
99.487424774560623
99.689228553017983
99.607950594845533
99.751427283579687
99.831912195488712
99.658601179021844
99.733029253386576
99.912508227218041
100.074847948968454
100.001934399112088
100.239876469529008
99.546204895012124
99.561162520223661
99.601363315010985
99.370692626999244
99.481706567965375
99.342061065496637
98.776897464554622
98.843955433663723
98.776677529190692
98.815236382402873
99.563724979559993
99.562328372318461
99.444797690313408
99.827398882250691
99.839256279554320
99.481486439119180
99.450467954431588
99.471479612651819
99.530033157590879
99.799857500073358
99.791057477858885
99.783996909706275
99.798408601178380
99.818004850104899
99.835272137859192
99.456823695568801
99.447130903945890
99.462552621910163
99.431499705380247
99.452484452730005
99.484898585987594
99.453885607099437
99.474967883801128
99.330327505111200
99.828149835027034
99.412337559380376
99.551070329976028
99.525523114954012
99.883656308286845
99.577714806523090
99.442499292034427
99.414486865444815
99.580401109712511
99.574381002896189
99.431336406961691
99.411539146962696
99.422493810197921
99.452872722097709
99.326893460101473
99.464635419206843
99.491320620790248
99.468056409460587
99.367349552839642
99.500427458101512
99.498798387156967
99.476097179770932
99.519891886910500
99.529357694525970
99.552098018432389
99.523134120453051
99.382146047358219
99.401846865160223
99.440951941648109
99.549118028036901
99.467852522654084
99.493649184380047
99.495252847639222
99.472213111630936
99.494958780531306
99.493491452402850
99.472092602545672
99.512554776082197
99.520552142368160
99.466132108864258
99.473363155885181
99.442948927356611
99.382163257594584
99.348639819474556
99.409632422250070
99.413252583648045
99.412292317699212
99.400262771138387
99.391666352671109
99.358482780031864
99.510947069061785
99.528073067731384
99.372536780508199
99.339071072688512
99.523059068100793
99.541250634659718
99.478565573929700
99.501554200265218
99.520103415392896
99.538333431835326
99.507868794232309
99.526488535903354
99.556018164469151
99.574470470982760
99.572004338549959
99.635277724833486
99.504723549592200
99.308154133909738
99.508424095649389
99.459861649543200
99.473367770981440
99.287475200574136
99.479352839153307
99.453603244368878
99.468920363561210
99.490852554836238
99.465211777024251
99.471467737168041
99.281323550178513
99.476130356753856
99.491861889337088
99.514329199458643
99.559435515425321
99.616393780611361
99.455524761446213
99.437904128353694
99.423977782184920
99.418074135531697
99.440087238278466
99.433462748030252
99.444765069767072
99.429366254280012
99.496443314403678
99.489614636137048
99.459434992646493
99.441260877641525
99.457623545113165
99.451190608644538
99.464647036559654
99.446423536210204
99.462904618292214
99.455175141710242
99.494586327861271
99.500049080093959
99.470484755912366
99.452398084494234
99.468848608651115
99.460997243907059
99.422841765206158
99.409055897735470
99.370617556367961
99.380436053743324
99.341858653031977
99.469097233967204
99.481033056346860
99.459988721416266
99.513781899683181
99.482371129043258
99.455826792750486
99.474789699111625
99.487976147500376
99.456529999361464
99.482247180778813
99.502048349406778
99.470641297734346
99.506176674946346
99.473800760977610
99.468746565992660
99.301707981859636
99.334162818786353
99.471907573347835
99.503662887884275
99.498038152878507
99.518489645926365
99.486316640392943
99.505787654074084
99.525321420383534
99.518844134031951
99.462934313482037
99.431706660518103
99.630664648205766
99.660850487244716
99.644368860871054
99.488850356698549
99.495358082514031
99.659837588790651
99.576233837907239
99.645679365116393
99.628929969470846
99.589030719101629
99.622764201853897
99.483484636059984
99.476997765445958
99.449578384410870
99.419278653837409
99.425865409580183
99.448307057926741
99.444702274587598
99.417160283217072
99.381938691843061
99.401631154527877
99.410652220877182
99.430288812710842
99.430542057465573
99.513490614156581
99.532186331739467
99.521638051920036
99.550014268963423
99.612026337160842
99.502447739569561
99.536212052457813
99.538849213985486
99.520025019235618
99.530626644428139
99.537955865933327
99.566956459243102
99.558868156113931
99.561369378762265
99.542738256012399
99.553319004475270
99.561758581510730
99.589523267491586
99.502317795297131
99.484121151293039
99.493326013175647
99.444547477161450
99.437493351587364
99.434416322788366
99.442219050934455
99.487211191899405
99.459919671832267
99.453047018061625
99.449881200414893
99.458271653233169
99.473291221704130
99.456219585673807
99.422500996999588
99.425822835161398
99.429448914052500
99.458869310516548
99.502078932537188
99.483758390551429
99.481469692212613
99.488786814732066
99.533592177350329
99.553026559245154
99.567461994598489
99.479909186578880
99.446628351970048
99.449938593162642
99.453608572365283
99.481801050730155
99.406336826340066
99.405116884838208
99.428895021565950
99.432917202288081
99.460400382178250
99.399757947776834
99.423522081888223
99.390027563548301
99.393366569020145
99.398942039995745
99.401603989895193
99.540192514848513
99.542043983542499
99.498893953491915
99.524494505038547
99.447687127255449
99.522142972829897
99.498056260865724
99.509741281961396
99.534610014618011
99.508807459147192
99.495808214869157
99.482890277835850
99.514272604722009
99.493675005557179
99.462090946865828
99.482092438781820
99.517799463639676
99.490688142393992
99.487498803630842
99.526073613315020
99.480196661601440
99.453456925489718
99.492147813828069
99.497876017280305
99.615567376106810
99.585947883641893
99.508760233021803
99.498219549589976
99.522473253906355
99.582175497357639
99.611765036645011
99.483900445284235
99.513483706432453
99.552196881392319
99.539979169225262
99.508987906462607
99.637606651347141
99.619043856913322
99.520673552251083
99.530345867377036
99.434289945113960
99.433469786640217
99.468537519374877
99.442912295679434
99.441962646363663
99.533956543541535
99.448299476747707
99.466355680453489
99.528523578225304
99.534995395395072
99.271206556790730
99.284622176456651
99.294708825597354
99.572705976478119
99.573084769016987
99.507674435799345
99.550680232338891
99.545403899419853
99.542075742366251
99.277184985798158
99.483210004369539
99.540841080342943
99.575471655719866
99.575830959224277
99.535011545148336
99.554494968378094
99.557286787756311
99.557778788910127
99.497397780389292
99.468003986494296
99.470882196670573
99.485091598780400
99.527761020781327
99.505142428498857
99.490375136665534
99.554309332621870
99.535017963503378
99.519139493339935
99.547696599954179
99.500290781973490
99.506359714000155
99.538491001183047
99.506885639022130
99.517891384728955
99.503167025313360
99.554407288544098
99.553581619927172
99.481421378216510
99.537487673032956
99.542388934363771
99.529465588232597
99.549413242713854
99.575867033386658
99.530185189870735
99.535089391381462
99.521593048178147
99.541448196132933
99.568074318346135
99.530044256069687
99.525574883919489
99.548929421167031
99.544535085627558
99.564176761954513
99.590734359373528
99.530286319529750
99.537721423311723
99.524814551680265
99.632962859427607
99.564844771704884
99.605335078096687
99.571978721606683
99.525053436966573
99.426967247784432
99.401146774683184
99.430270835228839
99.466048201226386
99.499772126725929
99.472163084208660
99.395456105278299
99.424541381279596
99.368468917636619
99.342676031762039
99.371837941457670
99.503962982932535
99.515677771159517
99.525823552210568
98.830697778569629
98.831077113080937
99.591840236303142
99.976324229037346
99.681652133812349
99.976536232606577
99.612277914748574
99.993820697759475
99.598286145953352
99.531592462027675
99.525814838210408
99.526938842519030
100.014827682012310
99.722441775551033
99.697453775438589
99.300458856521345
99.596823953966577
99.533097670476309
99.534212684107388
99.525369693775701
99.532660287337421
99.534948544208419
99.519899173933482
99.522134342026220
99.499206640333796
99.258777217221450
99.526934062446799
99.568462050277503
99.302066563759581
99.522029221842786
99.530740379816507
99.490582887382516
99.484062149384954
99.485277162146303
99.570767733989214
99.530830314273317
99.522973447191816
99.516411542865626
99.509664034742855
99.492619845947047
99.449667298886197
99.392163775714380
99.372216903151184
99.353891762869353
99.417377849600598
99.521961590166484
99.936047745355154
99.938622356242377
99.361091197385576
99.424555878411411
99.549477651944471
99.496028952489723
99.453313079024610
99.493834736504596
99.600172086001749
99.548369097887644
99.517789710690522
99.522848069977954
99.540809242222622
99.510807775340254
99.515827303534479
99.531982853176032
99.526481038662951
99.485533014226348
99.455519246856966
99.465521562136928
99.470351136319096
99.518554571738605
99.477664990842186
99.448193475523567
99.458067895182467
99.462856024972098
99.529721492968747
99.493877600461019
99.487170444774165
99.446009711405168
99.415985802422711
99.425892841401037
99.430660838179392
99.437121058899720
99.404154859152641
99.551295760070388
99.526644598677194
99.513848720920578
99.529717174584221
99.538493612171806
99.554267575184895
99.549375256092389
99.556316622995382
99.536922841702108
99.627622562461511
99.629465186163543
99.644559153139653
99.647059810625251
99.891244513045422
99.911118534228081
99.908215061433111
99.966917655447560
99.570539867524985
99.573785455246707
99.552616722485254
99.579697874743033
99.558710787343898
99.558993807370825
99.545925891145998
99.560649639817257
99.529913820992988
99.544675513923266
99.999761681611290
99.616321656993932
99.594822734432455
99.646210367719050
99.570975937727781
99.580809668482743
99.705970350349617
99.665787365821416
99.606457146881439
99.627141673891401
99.545848434490836
99.549510074858063
99.512325439116466
99.535533591601052
99.563446000884596
99.517428705063594
99.521081203542053
99.483993768918026
99.507053242797156
99.724239807187132
99.683993439823553
99.693550762538507
99.645237146982254
99.662935791045584
99.564229108560994
99.663373301879346
99.678369685232610
99.752094705731452
99.733516650324873
99.772451463668858
99.624474590571936
99.791018476193130
99.613824080538507
99.543323129286819
99.546043529871895
99.750504642161559
99.617821343329979
99.646054749272935
99.608376760156261
99.689762633399368
99.711691870603318
99.707972229433381
99.569870253086265
99.602885369739397
99.600788041231226
99.593404672707038
99.587339652887749
99.589552170428760
99.564940484156978
99.572990176341591
99.570920902005582
99.590478699561572
99.589602960691082
99.586547482985679
99.559072814712636
99.541900057609382
99.575344496658545
99.605049086362669
99.577876713062324
99.572068338388362
99.605452109072758
99.586047565725949
99.544646048741015
99.595101184349915
99.580376585166050
99.625993303492123
99.607294238935538
99.625980344406344
99.635617650582390
99.417143573942212
99.426696667048873
99.555845030166893
99.463657511166730
99.560316840826545
99.421618259517800
99.543118439591581
99.558829129588503
99.518470919681931
99.534282484667074
99.530114909206532
99.533592580608456
99.641008835760204
99.545932561518384
99.764679669857742
99.774224803176367
99.745969224301916
99.783845973067855
99.564579272429910
99.499591760878047
99.676669985785793
99.703107050998824
99.585800047835164
99.560594514766763
99.566037782481089
99.591754795649649
99.545927163647775
99.565554752604839
99.830805388677618
99.610996027713099
99.816380651453983
99.802990005000993
99.618898310030545
99.803278748570392
99.784795656445567
99.771319996674720
99.603982411719244
99.932590585200160
99.601821163659224
99.597533579722040
99.627402589592748
99.643678151881886
99.863779522563163
99.582394679172012
99.549243053805185
99.556928974787752
99.571032744808235
99.629959462888110
99.584698086566732
99.590785743335800
99.614296818392631
99.623105326137647
99.594662124858132
99.600746874169545
99.609814556958554
99.623625891825668
99.582403533051092
99.554116350412642
99.535198823496103
99.505522720074168
99.515413012717545
99.546496500633111
99.517889834790367
99.527878578339823
99.494779784395632
99.611891488897527
99.640095759324140
99.607717689073525
99.619538615055262
99.633500465145971
99.625097413300864
99.639001318719693
99.607980514953852
99.632360671288097
99.614226596465869
99.601486562348327
99.590803528256401
99.602326414703839
99.726090109541929
99.604960927711545
99.596364647960854
99.601232213495223
99.614593271006470
99.608685149316443
99.729814929209624
99.621916701309601
99.743047091832523
99.600161442280751
99.587391054901673
99.576762786027302
99.621590619206927
99.583139728053993
99.578409883610675
102.167427214172676
99.596295034215473
99.584571288233747
99.611987028413751
99.604043169430042
99.582355607049976
99.570601281893232
99.596765508450517
99.604447374820211
99.582750636363016
99.570990956783135
99.598196210662081
99.564387412039196
99.553980267201496
99.548145718687010
99.554074592199868
99.583183630097210
99.577354122279303
99.583292030634311
99.577526141872568
99.537285831606823
99.559352440603107
99.587063404019318
99.593006195360431
99.604135818215582
99.557679052320509
99.579765804380258
99.599555792638057
99.596447721863569
99.625913164752546
99.622709366327399
99.627910620009061
99.657379788460730
99.674478582465326
99.673620188965742
99.690915248419515
99.622893487094643
99.584735203854962
99.616074867529278
99.620730097825799
99.634120276095473
99.624949710183500
99.641328484826317
99.617678026340400
99.624565493893897
99.605432407608077
99.606382214230052
99.603422118033450
99.636591116939599
99.586132918529529
99.605321804794130
99.599284401118894
99.640141559733365
99.649898681274863
99.575753124499442
99.593227407243376
99.571971405340719
99.510996067688211
99.528456785279559
99.540773106444703
99.724132640961216
99.269943577593949
99.366553440087046
99.653076377241177
99.831980488531826
99.377786989165543
99.839230186779332
99.621756324325816
99.611843742312431
99.136761545710669
99.598166811189913
99.762401697219047
99.308231198089743
99.769670055910410
99.592671973863617
99.675380046764985
99.610547225397568
99.597606686709696
99.620577324876649
99.578458968263931
99.482373959620872
99.548447156131260
99.504055335325120
99.453123080340447
99.585236606074432
99.558068961235222
99.566485169445059
99.593493410921837
99.551356488128931
99.455287292938920
99.476900831914918
99.426054681540791
99.512259584068033
99.563210567323495
99.467683478389063
99.618029478146582
99.657733542870574
99.664066848452876
99.652391955110488
99.601979036151079
99.485460208971745
99.514072293865866
99.434516501841699
99.530026727571567
99.463776608241005
99.626908153176828
99.666647524121345
99.672950732876416
99.566813098896091
99.545140317040932
99.607487102583491
99.590898513034062
99.565708127010112
99.577172341010737
99.642528484802369
99.636063873975218
99.665433251243485
99.658754866601157
99.229805841161578
99.677847423652565
99.621007622408342
99.632434689087404
99.653434118728001
99.211116856713943
99.569178479378479
99.558888614553780
99.537112895791779
99.118190061129553
99.604543376574838
99.674909116683011
99.652163039342213
99.625431965154803
99.568271707524673
99.592397788914695
99.544947752024200
99.568996893917756
99.531878764292742
99.555918526873029
99.628460445784640
99.604942048020348
99.590576015166789
99.605280309131103
99.629419216136739
99.618803252420093
