98.627874849700007
98.667607164299994
98.685871629900006
98.706896849399996
98.709254792199999
98.701575668700002
98.702211064200000
98.720555208199997
98.739744948400002
98.776418457399998
98.759174372600000
98.809234944599993
98.824244110899997
98.799607173400005
98.792898893200004
98.797835888400002
98.798075914600005
98.812692722099996
98.819704411600000
98.848908586099995
98.836053884099996
98.880171507699998
98.892373917699999
98.885260582200004
98.897674643399995
98.924700021000007
98.932314129399998
98.924912011600000
98.960108888199997
98.961415351699998
98.964734553400007
98.958383833900001
98.961360930100000
98.971324346399996
98.981594107899994
98.949634349999997
98.990565133299995
98.979397332500000
98.966445444900003
98.995212570000007
99.001427930000006
99.002025333000006
99.009498703399998
99.010853064399996
99.016856166300002
99.039510212699994
99.018454147599996
99.034371440200005
99.021810761099999
99.048889299699994
99.031691738800006
99.045178671900004
99.039429425600005
99.053312578700002
99.032070134500003
99.047689543199994
99.050800886299996
99.051584456200004
99.054425857499993
99.058013884800005
99.051358849699994
99.062179856300006
99.056155133399997
99.074734393100002
99.082012161300000
99.106286994300007
99.075124258200006
99.057515793999997
99.067747688400004
99.096934238700001
99.102764238000006
99.068172979300002
99.083411243200004
99.073287014399995
99.124478473099998
99.106856620900004
99.102676091600003
99.114502898300003
99.101262479400006
99.114972436000002
99.112846643200001
99.119541754200000
99.120064614499995
99.116333352699996
99.129083852099996
99.125390919400004
99.122272550399998
99.100566644799997
99.100426536499995
99.120166077099995
99.132252511000004
99.123348053399994
99.138950184799995
99.131487739600004
99.139197037200006
99.129348292399996
99.154939396700001
99.167856096600005
99.139249241499996
99.143947191600006
99.119577503499997
99.157683386900004
99.155285351399996
99.121665206900005
99.166308216199994
99.166898549899997
99.158544195800005
99.150855427099998
99.169841124800001
99.156300588999997
99.187494569300000
99.162984727999998
99.144334283999996
99.160847424099998
99.165116173300007
99.149144897799999
99.158505137800006
99.171318146999994
99.160087009700007
99.173891138000002
99.184848078800002
99.172194958700004
99.159137366400003
99.162877243200001
99.246035721799998
99.179876585800002
99.177877469799995
99.192693535399997
99.163852229300005
99.198692947699996
99.191011244199998
99.199227317099997
99.211249113500003
99.206536311400001
99.195158886499996
99.275659534400006
99.209091091100007
99.269655751100004
99.217882574800001
99.222915185800005
99.214420595500002
99.224094959699997
99.238486987599998
99.248349861999998
99.236464503600004
99.238691037199999
99.213946491599998
99.247009560199999
99.256364573799999
99.224658348600002
99.262511856700002
99.263839579800006
99.275821805800007
99.234261320300007
99.249188441699999
99.251275704999998
99.278177209500001
99.285028002600001
99.274726035000000
99.280447448100006
99.266379548299994
99.253320721099996
99.286180912000006
99.245287068799996
99.276390808200006
99.297924611699997
99.282081672199993
99.282635715400005
99.299572335700006
99.296713851999996
99.303071811400002
99.299264097399998
99.297902562700003
99.323323574400007
99.308121371599995
99.300597912300006
99.309573678800007
99.304772896499998
99.281163846499993
99.335400294600007
99.305500141300001
99.317896141299997
99.311238268400004
99.293004856799996
99.317279895400006
99.332854958499993
99.337575095199995
99.341315228100001
99.337689214099996
99.339764004700001
99.313385793999998
99.345124299800005
99.355990557900000
99.331998426200002
99.348493479400005
99.350969523299995
99.359283732400002
99.352298747399999
99.340018659500004
99.351826631899996
99.354359912400000
99.361880107800005
99.368285382699995
99.365257500900000
99.368239654600004
99.366859824900004
99.372902071599995
99.373302826800000
99.378935945400002
99.359644242800002
99.318398120300003
99.360697727300007
99.393488495499994
99.381918163600005
99.377155414699999
99.367343892099996
99.370209952500005
99.385591035999994
99.405472114399998
99.403265986899996
99.413038117900001
99.409812403399997
99.401210052099998
99.337717673900002
99.402140713099996
99.416077771900007
99.407640816799997
99.444280902299994
99.419391342400004
99.426769886800002
99.398089857200006
99.438919298100004
99.433154691400006
99.443808968699997
99.420193114300005
99.446841716400002
99.419051040799999
99.423017162999997
99.447209542500005
99.462196462300000
99.455308652699998
99.471489626600004
99.484290571100004
99.455583688499999
99.462375833400003
99.479955606499999
99.457193222699999
72.079145810296453
72.093590552511714
72.047649564671389
72.077006752716130
72.070102397386421
72.111133372611803
72.164966554044042
72.173715439328930
72.098459462968563
72.095405032687168
72.085579247897101
72.099614198718683
72.091275653938126
72.132479791624036
72.133192723328065
72.107553823167208
72.121836199490488
72.113584745476714
72.154757205648508
72.155552285421578
72.172374395306917
72.115462923196986
72.115491880723255
72.142954011729074
72.180661385408001
72.100979483611908
72.100866301237915
72.128214847872158
72.165306035613540
72.177670251908353
72.088629824294486
72.110614270438944
72.106534497139251
72.120811554133795
72.112613715321828
72.153494281019960
72.154397492604204
72.164781951330340
72.181568374461321
72.074170984241050
72.070772205684648
72.091905195359615
72.106207613762166
72.143548155007664
72.183926401215999
72.176080634652450
72.177006269653901
72.188606256858776
72.205415808566343
72.083993269472430
72.080461723038468
72.101470858545639
72.127135732626087
72.142619049260702
72.135159582726587
72.232840381630183
72.095060589682291
72.116108638906198
72.141883120836383
72.157339494410294
72.195133733950897
72.235507630298699
72.228254083639911
72.229030886589598
72.251855715995490
72.269146481521830
72.179803180302883
72.172472899775059
72.270162190505872
72.052626298764849
72.048129271489827
72.100474850565277
72.119732300350123
72.435228986499368
72.479090861196894
72.023397587984874
72.030531015282094
72.328235299642785
72.250626318921093
72.106963700618380
72.065897580172390
72.038885221760509
72.017682051111365
72.020739962620908
72.257347045612732
72.137395152454403
72.105814271535834
72.132101422494685
72.125644380604442
72.162984909293414
72.174838746711842
72.272520136785332
72.342552427937633
72.405636580088640
72.106372145745809
72.096372255932494
72.296025019389802
72.107930903236237
72.283591338475304
72.412461236366156
72.108277926203954
72.221541839039730
72.113458961526248
72.092622883750238
72.140206701151456
72.410811243691114
72.347670961800290
72.040166308303753
72.086998162282867
72.236852227746368
72.057954256076954
72.059838744295931
72.048982080800329
72.268611094830135
72.259276934262516
71.975766277064949
71.975123365577232
71.980253920360994
72.072762123955599
72.138039607119211
72.247737150386939
72.148828285136560
72.192252175637222
72.262026590618078
72.025607961247189
71.998750188645062
72.080695823959744
72.090076019935509
72.324012803907266
72.195060418663786
72.274253602366315
72.090371571563750
72.111430997128323
72.138354889053858
72.153014170004283
72.190843518158999
72.183359474682334
72.223892666487615
72.246710914061183
72.247401733986379
72.258612565548063
72.274752162772074
72.236325690385414
72.259247751787868
72.271287821978717
72.288623641612716
72.205696592304150
72.218115360528770
72.314702246757378
72.193717308475627
72.194442705004874
72.217342294443228
72.228189434065825
72.244457145256547
72.341633395405566
72.145401590941830
72.224587555788148
72.235940076304018
72.252086994365499
72.349246674663192
72.197994079144991
72.191490298015466
72.204873645581046
72.219576131007670
72.372856953620484
72.311353101737467
72.362920135778808
72.273755723115329
72.560670148948020
72.351288912986149
72.073539478380667
72.100894978666872
72.459591575753407
72.268764936350351
72.294571466701342
72.324638600751030
72.416443579168515
72.430040889195510
72.499113485914080
72.311300201409239
72.150911029449119
72.179506573038722
72.084269553265614
72.328181481172948
72.245514779831737
72.149511024582267
71.919133735663607
72.456550605723336
72.146643627903515
72.008279095248099
71.982541954086244
71.934036730991153
71.909972233627059
72.342326537608770
72.084662228063451
72.180710747727332
71.963463225619748
71.928482016486754
71.939314559484117
71.928597124071700
71.920145799676618
72.205191903582147
72.153045960850420
72.488257955049662
72.488217240326478
72.141787057936369
72.129557907283086
72.342231460188358
72.341769974580117
72.320865176106153
72.297580267869208
72.367209325056123
72.568479144732819
72.284739840445482
72.512775299143357
72.144584940991223
72.158338870757660
72.145991893910136
72.473443109113745
72.468998276040452
72.441072160714981
72.416344715945925
72.447770519093524
72.489395264544527
72.225914347632326
72.238224567885581
72.597052478730205
72.809998625831199
72.466661152204153
72.680171430418113
72.629551582495097
72.414987883920077
72.478559197673448
72.438216447100260
72.672352507888462
72.599607015903416
72.663795081575032
72.440683314280008
72.400835144056359
72.426971599824697
72.430375379219910
72.557690784360318
72.401627036135920
72.214997676171237
72.104214388404799
72.187602806992075
72.183245564788422
72.199718348076587
72.354749095003569
72.614262032031135
72.796628283665754
72.758796553127667
72.792952502311977
72.347036018001603
72.516657219147149
72.370292840600996
72.296662554677113
72.143456718123502
72.565253221019987
72.027771918063735
72.017987246152060
72.046300255149944
72.087668717015291
72.088731714393191
72.439519431395809
72.141242757637428
72.446556095683903
72.493687104705771
72.897687024345117
72.960173715433484
72.412522040520599
73.012713246130062
73.340399319517019
72.550845612774651
72.820891129907636
72.846081162640331
72.616731967006942
72.343084635792380
72.347951811728379
72.554896218965482
72.391337751751180
72.300266594754746
72.294298050069287
72.401228352895629
72.289890568548131
72.413533619247346
72.322909635845718
72.478482387034049
72.646437319944880
72.425475166367548
72.084451558658429
72.314906060552929
72.300072467250004
72.421916514308649
72.452660250447096
72.420774821422455
72.275613202668382
72.469436831352510
72.413023808527001
72.312651734852921
72.298124546411344
72.298282617949496
72.318504469437883
72.121835132701506
72.479416058578423
72.293231774195334
72.670032490878782
72.572588206599619
72.511153810026542
72.702715572250781
72.633418583247604
72.458957881561474
72.358256026106176
72.373316591049246
72.454786478429369
72.434701107561580
72.461033648456677
72.480757150530152
72.507770513315435
72.504397491933616
72.423278528743026
72.308387855703785
72.246576110794138
72.302075039490674
72.455919616389892
72.134423061120444
72.071753322215642
72.036745203046621
72.366893383209955
72.360730700105151
72.406679220885707
72.374060631968561
72.414633549540142
72.430389580525343
72.068466811156000
72.035722880223204
72.043989604854403
72.076620667151829
72.379739805382158
72.049469767399074
72.437251771303252
72.420472998347066
72.387986942298753
72.040511726650536
72.041507364710739
72.056703326907609
72.204722555983324
72.223552810958452
72.288380156323001
72.124004923212468
72.262618056556292
72.008070023927218
71.892782903482143
72.280075090665889
72.182665179405575
72.456614697946094
72.117876965717997
72.103099582817151
72.391916842023448
71.934870755230747
72.178790044642824
71.993102981914220
72.019011113856820
72.196608519161700
72.424781866495863
72.152273600005202
72.005633133988923
72.138765057678469
72.323390584212916
72.031531626840859
72.574783092236260
72.558796209947104
72.626132176746864
73.022330188901080
72.628921724710068
72.621286166202282
72.641911672073689
72.444051983615097
72.574840335855001
72.637740428580756
72.575601672916761
72.593898357519294
73.030945447908465
72.603298242998676
72.551236863081286
72.548922836419720
72.093757864134616
72.168588090398941
72.231559483506757
72.450256161788985
72.056529334187474
72.135714626590612
72.130799502825340
72.105295768718193
72.115211704325503
72.175407141342617
72.247872334721961
72.099030877031623
72.077894673268119
72.119056871709560
72.184768727717682
72.778897223249885
72.799437975395605
72.689504941710410
72.592392217098819
72.668820377367609
72.444291429579224
72.610184981754514
72.610630380307143
72.535362590013492
72.476774879949645
72.476819279485710
72.314470962086048
72.571707898107263
72.345640701027449
72.799889663573907
72.656222430380623
72.347171548570458
72.608382992356795
72.604000607565879
72.624425214243516
72.518947195574739
72.508720607263854
72.139280771880820
72.425772852663741
72.429407608201629
72.442697620740745
72.459489938119987
72.434309379406159
72.420155949874982
72.426176149406743
72.462759990368369
72.456649737372231
72.451758925127024
72.315093098331971
72.315234677484924
72.577832899580457
72.401253364059883
72.403298206164280
72.233966280160530
72.374702919391979
72.389207104388674
72.231969120796890
72.358379589902469
72.455411397650863
72.357391365308757
72.575785195787674
72.247506342679088
72.253101195586140
72.139182240119041
72.589780335013742
72.289171859338438
72.268726071396941
72.415066693314813
72.107331433234194
72.009864579152378
72.019973827366172
72.463997825599108
72.401411889819940
72.468758619725975
71.971580621983762
72.016149613243343
71.967263173687783
71.965408325696757
72.481444166136228
71.976472315708520
71.972661259717711
72.245507044563510
72.234664832949321
72.653598324253579
72.627981994024296
73.412957263310574
73.043894692207644
72.769161756603552
72.977210761256472
72.658017104578931
72.776485067391221
72.475411775531697
73.011128890055332
73.008795946494729
72.990941871580119
73.009397337765478
72.983265523069832
72.196738456313383
73.025738892872027
72.624879984019401
72.651016727586949
72.632544365616496
72.634891101412578
72.453067267748906
72.469332162857356
72.486115751636220
72.436496429062984
72.428146057327979
72.414000464717276
72.420049244989301
72.419586751394775
72.135787012691708
72.853094391494167
72.902419442861415
72.981553276342794
73.014291332384673
73.045095934533549
73.098091893608839
73.079672815799285
72.476257038637442
73.414040940596720
73.016549129227911
72.963665159133811
72.757060933682865
72.741746319985964
72.379541911972865
72.770385419000448
72.743396820569473
72.689299528884320
72.691516505309039
72.777453652617652
72.341424273799475
72.209069567481762
72.640133576583878
72.637016556343426
72.600552983915506
73.026483349391000
72.483676270081645
72.774690710037930
72.995446768268621
72.782110683211698
72.997682113658598
72.995497535782278
72.977665462395123
72.475552565626160
72.472399615780887
72.619219152965712
72.497900625554934
72.436762168767743
72.450801027167472
72.460561258568802
72.577213614598790
74.895240253553609
72.494381468772261
72.482516320121590
72.911685261251151
72.892014634573016
72.608247262947742
72.393748673161724
72.999953774648120
72.920552348089757
72.967319623479142
72.968376184635787
72.514202157248391
72.901681350602772
72.504485189545846
72.376751857911174
73.007244553252704
73.065283435872786
72.985785823859800
72.639352116517017
72.791884168730576
72.749940632157006
72.429323807755580
72.490592313152789
73.376170039707333
73.350761034307268
72.638367208959295
72.594967686716458
72.609176923847301
72.652609104411454
72.671002182725445
73.372754523746067
73.374920796462021
73.397455426906873
72.691966269309376
72.551152302053609
72.019602990101291
72.618052098356642
72.582935754573953
72.569025648341679
72.618257008297519
72.495869813341344
72.606479049198114
72.367986922672472
72.343516499789288
72.032967415523999
72.023210064378645
72.010727765287271
72.037000710674945
72.014597204228465
72.018597963570414
72.357256240303130
72.374275589627288
72.389023748308773
72.873247244464608
72.921321506890493
72.364698376417962
72.549100964686573
72.930966441820289
72.889008285503934
72.486218207315432
72.738930453576074
72.437270884588060
72.911555615372180
72.838616321102549
72.837707438295539
72.696337415692369
72.498749936137784
72.894951615185931
72.683967052989544
72.851363730674336
72.858345153551397
72.863312975702542
72.868170096623203
72.858459541326795
72.437507637366409
72.879237686440504
72.497545783328349
72.507388855329594
72.505122363956417
72.832755896536668
72.666309886451515
72.860643278226803
72.839799445237333
72.876261183018414
72.861443413894392
72.481829913897201
72.678944755246434
72.512653186846450
72.502948039386268
72.365793238430555
72.327472361410187
72.412256666203689
72.414318573886419
72.532876211506334
72.470084320106892
72.919716127543523
72.529363045173852
72.498345255951293
72.531857647074418
72.591631831870188
72.589891819027557
72.321721107525946
72.144073836722669
72.414686548332497
72.458688280110323
72.337678385856762
72.494501011256204
72.499933466077835
72.422449874367999
72.154837312942234
72.202227563049561
72.504538193437185
72.474279394029523
72.376010648042040
72.441506485236928
72.411355334297824
72.163843788707140
72.391099289392912
72.360598269917091
72.354264670988357
72.361729833089043
72.355338229654592
72.387797217141596
72.400959752713447
72.408534408599508
72.424264507421668
72.520397889319312
72.388751777678834
72.850316027881306
72.833593318244695
72.710079468959492
72.512480445421090
72.871610825574820
72.697499309492244
72.863025096123152
72.447858284338167
72.517476099543160
72.500718272635226
72.457638894032641
72.035409502446541
72.066795829012406
72.063585571741058
72.394756659284681
72.355853209870460
72.362021984270612
72.410330385118897
72.402289544938284
72.524198541948323
72.426091808554318
72.368899763095868
72.369667854384986
72.063462197534932
72.039022618948309
72.043831039393737
72.526532244452881
72.382157162221091
72.051138483540015
72.186397153176472
72.147947758103982
72.377328024604253
72.382418508647064
72.726194461360748
72.661948899686081
72.717358488097105
72.520824848628166
72.423181912583090
72.516238588005578
72.593941163369493
72.619472990124962
72.373036929424984
72.632868117839450
72.639339567586660
72.630739146301124
72.231786280119124
72.334642790811500
72.470308424413844
72.679183633176550
72.548686044460169
72.529483985324234
72.546219032011734
72.743531572794581
72.934686591713714
72.494867139488008
72.403544825597862
72.236358160378018
72.357481150199703
72.378631622369682
72.618387207352001
72.474832042720053
72.444794547023960
72.398240855614858
72.701058952729156
72.739131155016409
72.364515911143044
72.512209976720612
72.259970893900245
72.299549696238230
72.452321657704942
72.747884792732734
72.810985288910729
72.541313636543180
72.694140154063035
72.719167545142710
72.729374814893589
72.733432549155680
72.275006257206371
72.053306436916955
72.086099333747711
72.067003508605467
72.526854588448373
72.429958561370825
72.407073183200893
72.414993516432176
72.050022679590711
72.356637603277278
72.385061466701458
72.363004644838668
72.386186011923570
72.379779155021097
72.425651829911828
72.393208415577405
72.434495942706505
72.451205294067705
72.547441494294574
72.073154140045773
72.371095613762208
72.404732632128315
72.386905211825166
72.436939838550416
72.534958689074514
72.420916906957942
72.388435321224691
72.380219791707091
72.371688143895057
72.400010079412809
72.403387461612070
72.905641575092744
72.886054916382491
72.734655413729001
72.539282161231171
72.720958126470293
72.930640735286701
72.914015416970685
72.471136406254445
73.036263189443176
72.985347014810415
72.847357238896677
72.961352651610724
72.947493762257722
73.049969364886550
72.960022121212489
72.957678333201201
72.941870784611353
72.748984402309304
73.511657332955181
72.880861281477507
72.533995952039163
72.786059251746423
72.724339406882549
72.711613764551544
72.742655799033940
72.561344276171170
72.833581339333193
72.928310680370885
72.868228065907417
72.853370677075617
72.565899003589621
72.853658636286710
72.618106226176380
72.626431246883229
72.666686862464658
72.730002086402763
72.477635915299302
72.381127087203168
72.562271849558655
72.589050276107145
72.613921020053837
72.585589797087295
72.602787351024887
72.099759637180966
72.141465839641882
72.211509033739532
72.114026485289060
72.481001591294273
72.074188226082171
72.564511354628479
72.180730318679196
72.090569809296809
72.175186205794276
72.096323818716314
72.055327942708985
72.017113917627043
72.017046923666840
72.021006633026502
72.561196041451595
72.510780100352946
72.660048831203284
72.919586631195003
72.944084722253606
72.939043595721387
72.942340671475591
72.472848028626387
72.478506919589577
72.564419278217443
73.124251422340620
72.896830053212597
72.432250148263719
72.403984991194619
72.408028139204063
72.458745672312261
72.422246910239693
72.331565488352553
72.914003220563401
72.524192101845486
72.455923037726791
72.417617794884848
73.120912905226930
72.115748280374447
72.469252670823550
72.189675796654186
72.173468909026653
72.170687809223040
72.133082035766819
72.123158637293500
72.566776356337812
72.719217977436202
73.027179030734089
72.729930936854501
73.101254114773425
73.079499706544908
73.073266003442427
73.054057730750444
73.079397368823336
73.083085862672561
72.941686317722230
72.575638136392598
72.917933651769346
72.569285284860982
73.056135074542397
72.936339112696160
72.996603647044779
73.253592060013332
72.493086427284439
72.652164103916874
72.640587395198096
72.637305742524816
72.463608999859417
72.687469246932068
72.570439754535855
72.646017219914384
72.848984425615285
72.885384025800533
72.558521906152450
72.060883190590630
72.706340397081277
72.598990792521420
72.579437936177655
72.768760376056846
72.649955081124830
72.504002884711767
72.662944271548952
72.695028504192237
72.464475064507042
72.569088740665450
72.601359115705705
72.440417215072401
72.343120503580352
72.570066591470166
72.631425881721142
72.228427441880669
72.177103864715406
72.182847346705017
72.804763662612203
72.234802805554992
72.338686081829309
72.370797048103256
72.302492015788729
72.302478131652450
72.406565919193383
72.420803554205804
72.418380622316192
72.439713391858120
72.440246242691643
72.472008255333890
72.488231718748082
72.585335317889303
72.458083258251207
72.442215687986689
73.469671348444379
73.495207864251896
72.415111022830629
72.451777269218880
72.599442772842409
73.544734350407040
73.398560013454812
73.408150593640585
73.452629796836419
72.641548987932381
73.002046040823160
72.929842232019183
72.574731197613644
72.915996115309099
73.025783076783867
73.021312128857844
72.231675324955589
72.106403103810834
72.576099635076915
72.104049814871331
72.136423798253290
72.254604275302256
72.141593512785079
72.134408021363768
72.157154196746788
72.404124623610485
72.404318330353306
72.425270780659261
72.432865263409838
72.419357812596047
72.466205476710243
72.433366954003091
72.475830614306460
72.491848249994092
72.588897810956212
72.406887823833912
72.422654004708107
72.428653136810581
72.436167705919331
72.468976694733556
72.478690458347359
72.495438050457366
72.591695858090247
72.285391600674870
72.097730124885189
72.090121144152434
72.104729123381105
72.453556115872502
72.380799154013374
72.602501092522701
72.604159292325676
72.602109314789985
72.640845810512275
72.413154497348515
72.686136150837214
72.585097785558702
72.674411939935339
72.627619660483660
72.583518991970593
72.428513316101117
72.153427361180178
72.132003982416933
72.075794250190725
72.753893008820555
73.057897436366062
73.087497369471095
73.100275474813429
72.852255933728912
72.318805966090125
72.968016767536085
72.587605006378965
73.103625720491976
72.640698013008134
73.008428368848499
72.983858164314938
72.934551834090101
72.954237494396779
72.956626694147005
72.917680191382388
72.907319966722781
72.589710084905960
72.904351441342442
72.897693321886621
72.900998546729994
72.891464487723383
73.589774346013712
72.747687249977631
72.814943839684219
72.766716103098830
72.845018066246467
72.777612662920603
72.004708218373608
72.607139348927589
72.479718412876693
72.733382483614378
72.736618529996122
72.167690718775106
72.270645879037389
72.413103484985555
72.412837462918077
72.434861409887844
72.475265454793686
72.442410618128889
72.485016903706367
72.501766745175232
72.598026128765568
72.449461549826481
72.443247397779217
72.476153286658274
72.486552047692399
72.503440932053550
72.599726494958219
72.358689516929147
72.697561406153909
72.736897714758612
73.151249980168217
73.128130660990379
73.140779535103476
73.063457994276504
73.094221899791506
73.043509089343928
72.334720238889432
72.351065306197071
73.547165508733045
73.097630125712485
73.048988652220729
73.030545436025093
72.318057520617387
72.938874209384082
72.597428778142074
72.930736640381994
72.434639572578135
72.454694769899035
72.625315548022357
72.736856752578660
72.707337269537476
72.983965044981261
72.800444453966080
72.789263305447662
72.776271881864687
72.599929990685823
72.709479823065138
72.712848268006525
72.918737322389873
72.919113602625657
72.475506658561045
72.520163995196555
72.523527108326192
72.536449145588108
72.478275220327632
73.127548710369140
73.098225314643429
73.586497951794158
73.574198844691253
72.582770798150818
72.948879822484244
72.601875018708540
73.027632258643337
72.445439611697907
73.046524560267159
73.044106993898367
73.033306618817278
73.544863873061416
73.014951393248595
72.549970285148959
72.539784578114222
72.525848416676695
72.700939171392719
72.675577522626753
72.610611578000260
72.591668567846199
72.801011089835896
72.702703485766932
73.200541410703309
73.583345858499939
73.575167839593846
72.956471232970216
72.573509503131888
72.575649087589653
72.601071085286790
72.622709702191585
72.673596517205056
72.613505317861296
72.488110706048090
72.603902796885251
73.222325763202207
73.110702147751311
72.963805723486814
72.739663019155856
72.678477264177104
73.145126177395667
72.928455156723587
73.560069130028225
72.949280563503322
72.604924947193723
72.941201550970902
73.076431317520559
72.634645124881374
73.114645585243252
73.062809741218786
73.060516774739568
73.061930101034221
72.288550276138892
72.732760375395614
72.714393733433710
72.131106831520142
72.131109148792163
72.447911073202846
72.462399967463710
72.497392531380299
72.464485005098382
72.609350921360758
72.513185879265109
72.455463574216566
72.563674819407140
72.248746658727526
72.257867977745292
72.608356129164960
72.533187628394089
72.553842747072409
72.625020833454940
72.581801540511137
72.429201327676196
72.641640236443109
72.617442806604316
72.540965496825322
72.580414867259790
72.563588954357471
72.371220522049100
72.405295368108753
72.130244447017816
72.845400137848287
72.874555207755023
72.437166591337046
72.383208950504354
72.610928489571037
73.014688409275635
72.444423590535450
72.446442429910178
72.451990559513689
72.160360719962100
72.605280415403385
73.133246907518767
72.840257049000300
72.428545049095860
72.438588425361274
72.913371254067158
72.431556478293999
72.858279359619516
72.433744823156971
72.079840264186871
72.111482475798198
72.087989282352467
72.355744037203934
72.097742938188176
72.482459823028279
72.472485986664040
72.672448410080435
72.606744787260055
72.657351004246109
72.638815938415803
72.816689924447033
72.849111538405523
72.619612998964698
72.456062449981545
72.055182081358055
72.964209176275631
72.090348687110492
72.463957680062180
72.931806198421157
72.356119519509150
72.425209699913907
72.425975088349404
72.467568606388369
72.453222147487224
72.515724265577205
72.499361940332477
72.612934039134444
72.841615098611669
72.853845255668858
73.337112118488619
73.028725599880474
72.507954579657962
72.775016872238780
72.514585540606618
72.612314046344309
72.520301238907479
73.185017957074791
73.230100377186503
72.701631044200454
72.699927198559422
72.820562649169432
73.255157207008622
72.816630141263587
72.779632327076499
72.459368219303528
73.312250786754589
72.766731490461027
72.779157533861223
72.779962052031053
72.744231645794059
72.964908863588136
73.151112885102521
72.948155743258326
73.163886490034457
72.972507812530594
72.625872664213446
72.696076631456947
73.078215360196822
72.723252387299567
72.389567295962848
72.365855778243713
72.432300458270575
72.469841091618008
72.415702229627058
72.224419042599706
72.351521402643385
72.632827698516394
72.423617863123624
72.578353218397240
72.096924942203657
72.192142117921108
72.627332918872526
72.285057379349936
72.375030078385038
72.087287166127652
72.080871337703940
72.674657259987072
72.396293738398015
72.681848921696457
72.627111867705224
72.382223401079926
72.429562591742169
72.517000903779575
72.583463457413799
72.936585046311777
72.356668465958990
72.340627644982732
72.342566146552571
72.365703540966038
72.335360306914211
72.328511822655159
72.418604472652277
72.337498416944911
72.389450529136496
72.346278002306548
72.838197133227283
72.709356099728581
72.685444772630930
72.715368790991789
72.780788989516438
72.712437450983998
72.636451749007051
72.626906029616947
72.401907953044713
72.411945246662896
72.694778672631045
72.396837560484954
72.493882414652461
72.385146194413949
72.536106665116222
72.633663044477728
72.607715307140936
72.560802152775722
72.559736598571320
72.602196169110712
72.634666499281025
72.374674057310088
72.391465165269167
72.718683914638135
72.624189792353846
72.405259169995631
72.395216905025947
72.166915196075252
72.146963732452946
72.632139880335316
72.224587199632666
72.129047583202890
72.172617861085882
72.131689001677614
72.686105991948764
72.923345478709251
73.053826190074076
72.391732369195850
72.370369775804861
73.144385139335469
72.635996199053707
73.155486029675401
72.794675890023157
72.642726587324617
72.631483408940582
73.046532101495998
72.697705332917693
72.806941211449583
72.800472317404129
72.357227374923013
72.412583432139527
72.744426136719881
72.681400361825126
72.665671433119897
72.558234909569848
72.819621476468740
72.627490349273941
72.867291729458344
73.047315549798753
72.672575756865157
72.854469887053540
72.698374061959044
72.629829503783213
72.640515887301802
72.677346685020922
72.719352561395965
72.758842808274181
72.669583502485025
72.784998929582613
72.759015123929998
72.695744518687874
72.128072593600962
71.914351049190870
72.400140704753994
72.146835500327299
72.975933119528321
73.039922521605078
72.633023780940519
72.297623559923210
72.311297764708058
72.578637275967395
72.873067131915946
72.490810219555570
72.136522777054083
72.092683519446965
72.090202858198580
72.131772833177735
72.690778494478067
72.990506773849901
73.005502553229348
72.275392774830664
72.641330207714617
72.242313864389061
72.228427358619413
72.160513315572288
72.050328826584291
72.023398520507158
72.692898970532070
72.734938130669534
72.756910730089871
72.753736342775852
72.722562190702277
72.920513402385581
72.894724348479357
72.958266837895891
72.752510729171362
72.566231790399570
72.918898007092082
72.890489548328745
72.680325107455957
72.680888167457184
72.702777980186141
72.431454795588380
72.453087390098901
72.265423230519119
72.438515900142193
72.345964041417517
72.550959929050990
72.817200513210082
72.774646138497573
72.805811499608353
72.472536743780708
72.471146396036900
72.263987941523936
72.511907747402759
72.315838390212662
72.467467768462726
72.790926302341674
72.496420942579803
72.355685204633204
72.401819360150668
72.762184069792369
72.747281179151031
72.411657336587652
72.408263910665212
72.301719277095572
72.775535677581075
72.837185599074303
73.215006388937780
72.638867932985121
72.627183478684245
72.593677406227727
72.795278431176627
72.970578115619489
72.758241312746534
72.720863593540358
72.725192838921885
72.745666011016027
72.728384564768348
72.730752799871624
72.782222367810235
72.806478770513678
73.224263406250657
72.513584071023416
72.153467977732362
73.136346799003874
73.038621061539345
73.210077663608274
72.738491360209849
72.512885203824965
72.762155811995385
72.856294015842735
73.166687122912833
72.753273580068765
73.362198641497386
72.741101447621659
73.016458924769395
72.849289271541153
72.832079272454294
72.778386014180043
72.734993209289399
72.617196420948247
72.774485193271133
72.966224555442778
73.185761480406228
73.183285023811564
73.014219557013078
73.006948490708751
73.578505687419153
72.787200114643426
72.786210204688089
72.769597251271733
72.754562401265957
72.598740215021422
72.642440720887436
73.586576224070654
72.525603743831795
72.776161759414762
72.391048065351654
72.390302267551476
72.438396859465144
72.464323389605511
72.710392320339864
72.632733693536636
72.619519062989667
72.642649942535229
72.527286345979860
72.715683430054980
72.699045102994560
72.787475721155232
72.666762953236201
72.705136307273747
72.443856893150993
72.505012619386875
72.498368562888672
72.451628592814501
72.442344976659854
72.697235054274131
72.613147712340421
72.506549478980446
72.781576923877921
72.160795406950413
72.516837481717062
72.023045601040209
72.140522766263672
72.645168408692967
72.547617425964916
72.496632047079515
72.514971498354200
72.022820193536745
72.025577533431630
72.691816609961620
72.754950562984348
72.929744879507425
72.934611333530100
72.700682557391303
72.474039006598616
72.903880373025828
72.669431890177123
72.682623803188932
72.896329249653078
72.690307347415455
72.648267736598612
73.088552428385398
72.833317654250479
72.875344068664418
72.564247308051861
72.643544866248504
72.647496065423042
72.656730168699468
72.151907831221919
72.553829480146163
72.651325949194529
72.249399011920090
72.148925576242959
72.152829917321725
72.156821235002141
72.173139629688038
72.553708370180047
72.408438642357098
73.650301820115857
73.582359693915066
73.185088613782085
73.254016023217659
73.057393245722665
73.076898466199964
72.649271056999709
72.630894738287026
73.018515137551589
73.006707900356091
73.026583141623505
73.019021304630016
73.021707758952530
72.906666769804332
73.213057721372181
72.367511985830362
73.603946285481541
73.038025754903785
72.107281629545469
72.114343634096315
72.168045844418685
72.265139171117326
72.182584397332761
73.061312619583845
72.853536792523556
72.852942630727583
73.035339611932500
73.031366979325782
73.044535567444413
72.112176471853800
72.084145130521634
72.144397055646493
72.114162703274005
72.649668831826446
73.042628756963239
72.583459508985214
72.754331441325760
72.182009231666783
72.827542649357198
72.044394811342116
72.044321958424348
72.080042781916347
72.719389745623459
72.694715817954346
72.912504877164977
72.938669949514633
72.745701663807807
72.761276709156434
72.734779944550070
72.806456779739207
72.806898823779619
72.483603573816737
72.730648910600152
72.698935169013282
72.700478594606651
72.758194022946896
72.887506025265822
72.434199653491504
72.475057650999773
72.454696836016339
72.867291856026512
72.885792865902900
72.536649369013560
72.881199599496313
72.382232687128749
72.339495850408682
72.312981874257815
72.216619463121276
72.656498279088098
72.661332535288267
72.405161687802590
72.421292448755864
72.285741193606754
72.133532371287046
72.397831474062457
72.099204235977098
72.387959234352536
72.201301924672322
72.375983081737431
72.458974767053164
72.653845468166111
72.785876036361117
72.802489322873399
72.372673963771007
72.652224051952160
72.107907452514937
72.063372000350967
72.049131327455711
72.050076819930865
72.625956454972609
72.583061429017874
72.200027823669785
72.346567476078732
72.454669295142850
72.417223051511201
72.315465086002021
72.467967992316659
72.540542243437585
72.386174590143384
72.400871079641902
72.390573136034632
71.915408256493208
72.158937253174997
72.315861138490817
72.187213766412356
72.573208752695948
72.440960859957272
72.392894360553342
72.719785972065296
72.615603570896923
72.663218650855015
72.415105628918525
72.647254782346437
72.323265202916232
72.740638147980874
72.647969556012683
72.870912017327129
72.452557262568206
72.912189641178742
72.661041142419577
72.694967079816962
72.663449907529213
72.904176671473451
72.886294379360905
72.678692265307163
72.633260760953959
72.549911430579755
72.870083559601639
72.637166472264568
72.883537923217801
72.852208761913147
74.375289439241129
72.605868595480416
72.290622832452115
72.659023960914553
72.856609498537594
72.667791454481147
72.759124091963727
72.701715595009134
72.684608127026948
72.652692787675093
72.249753464685028
72.111414771541519
72.112302107969299
73.047737809590146
73.105276094358544
72.341101558854746
72.362105224463093
72.160728857522827
72.062049802200008
72.391982182353573
72.669052790566369
72.389876820314143
72.635530795465613
72.852566803431273
72.754991285887513
72.138418251995219
71.912376688733104
72.696022640726284
72.665307707530658
72.698181698762014
72.438389636524875
72.147825404970121
72.049156882221126
72.109316117915142
72.067436189630740
72.775814905886079
72.054060261128825
72.051629164314562
72.052339591624644
72.126825777415505
71.865845872913738
72.588117038903562
72.586459050822000
72.477770240452614
72.479665615812678
72.670519945063305
72.676028138699778
72.667139149608644
72.625194572614163
72.563649829572711
72.761280516017564
72.304891948142355
72.373489647828208
72.664517678590641
72.635634681434667
72.413711664078534
72.553773529934858
72.285226602247207
72.904693284573483
72.876209464793433
72.147815317214622
72.604311211394460
72.563537086016623
72.124879067313358
72.601411375098692
72.623782798618350
72.578486913750510
72.536529724048606
72.941128254800134
72.935890189129282
72.786020762940836
73.042535873728212
72.922696567955484
72.682314162135427
72.987568721979770
73.024166676391403
72.495039705272859
72.669103236208286
73.001765902634162
72.551265139745709
72.573409548285269
72.086303214478022
72.436037156497264
72.218308847307000
72.232262378146373
72.687585285669940
72.840127079283548
72.212076338553544
72.168254786279434
72.466237855578257
72.464674677689516
72.776802672601747
72.845971496517066
73.026321162862374
73.046090619407323
73.049522124437232
72.669677027442646
73.046128930388704
73.038584220799066
72.775271537995749
72.436016665297274
72.170541866118342
72.587854903580208
72.851668281825638
72.788995188283224
72.498730633558878
72.390064622813668
72.927231232452812
72.999404519698061
72.793306102030229
72.896365307499522
72.871172861396801
72.473173370350594
72.671847579549123
73.061671450333705
72.080826598905134
72.287950086889381
72.245239359331308
72.699974145744733
72.669238499099464
72.670797334464410
72.673632537189818
72.384555878827598
72.340296421870519
72.868728425065427
73.096767185613473
73.123858791243364
72.917860384574311
73.330383151458662
72.351727754440617
72.337654987001301
72.323738555809385
72.312099099978823
72.140275515522831
72.069215823058542
72.411992814671066
73.103009884146118
73.016001604076820
73.167228250561493
72.464627229630977
72.645328321338908
73.059912582877061
73.068598038673315
72.921922854216263
72.882234964129609
72.779231700734897
72.948949916740375
73.100186034969155
73.062049840337053
73.055682029389246
72.830268770910010
72.652746080435961
72.628821445560220
72.670245286314540
72.663343054804500
72.669603629328449
72.654612379112621
72.687984752771229
72.643873756644055
72.717112903187342
72.880686554882601
72.213106487593151
72.186192938286680
72.364001210915305
72.316955447740398
72.331706246006576
72.244033892698042
72.233375511692557
72.025627198826470
72.506689414846647
72.687910003532778
72.687226140630600
72.704756721941408
72.241750078764369
72.204235020473050
72.084726352634576
72.083265113581660
72.235638258061840
72.208767314259617
72.397281061547204
72.387771983555268
72.214934314948991
72.227348789272284
72.025357721838233
72.319271163945004
72.052109967361048
71.988267669194016
72.368820092653493
72.418207831494897
72.004272037310983
72.373664332119560
72.509386513350108
72.443887553091585
72.399479104824650
72.909496399343070
72.742875510593777
72.585954387897317
72.756227852883129
72.914652715334881
72.739602373621068
72.408452327780594
72.452447702478665
72.682211456320971
72.908498179213609
72.450769113751278
72.934843762498616
72.697424942226903
72.452872458600694
72.450793497112457
72.351545994654003
72.288574566034342
72.129316273212723
72.257956838874620
72.880491076140643
72.849495993154605
72.489515482757639
72.532006808884319
72.830967687425883
72.845753889023726
72.704555718830164
72.857272691577890
72.684430065321109
72.246422680495698
72.231823384382466
72.243081856889091
72.862246760702419
72.488585874519231
72.662078264080080
72.226020934784955
72.454611047039748
72.488703160874763
72.475200555110590
72.481484776958752
72.278503249083698
72.287566810205917
72.423896749351371
72.376835461230471
72.691038621782937
72.717541457757804
72.545408545548739
72.455384293724705
72.486859815133499
72.435062418061918
72.524777741615893
72.516348053518627
72.497314814253841
72.422742742245660
72.458779968518485
73.058532297899120
73.032522043964960
72.779742883326747
72.700204429281200
72.792830480186993
72.781645670066638
72.540936520778885
72.517367283857709
72.461606523795695
72.392335379439544
72.477940299953502
72.387202788333454
72.351230852215465
73.015292304988449
72.398462823453997
72.391889068020404
72.878744723394078
73.010182720622865
72.778043428501448
72.849085352461429
73.080445500067952
72.701000505983870
73.186621914458243
73.173875233670046
72.879706278228412
72.743695554111241
72.494588241161424
73.164583863835901
73.172645168437796
72.881290793978877
72.630666767574638
72.776732018255700
73.185280001609286
72.282911971474121
72.250201464468105
72.831212240666730
73.114628917493903
72.815526458460283
73.068349577957690
72.186683487886256
72.229014027330123
72.441152160012393
72.514008560440686
72.567968474515453
72.664162837101443
72.852126404066510
72.551676776882772
72.454990567028887
73.018509402106773
72.712898671304856
72.487723218947750
72.030846894690782
72.034939651920141
72.715700992944051
72.296522583228722
72.610875712211055
72.655033670777144
72.678871255570968
72.752497377022877
72.858557608724752
72.898143880941632
72.006819021131903
72.702558751004659
72.689099173359665
72.375115250128943
72.418118540532802
72.128281773454830
72.005682292806853
72.091682311716653
72.227567456425987
71.983013534081579
72.012825206591501
72.334516179390960
72.231288333517654
72.851106141102463
72.866685329992151
72.670152866720812
72.654110197248357
72.611944794938282
72.712568213071137
72.898934374926213
72.826955577027860
72.841827181738267
72.643259989306614
72.271466767148183
72.543652833478134
72.044346700841501
72.056541269406580
72.328183245598098
72.833879704749464
72.833740970904458
72.815904147557220
72.784806663674615
72.260257186305608
72.918645061565087
72.853524530487363
72.892273034155579
72.811377587528540
73.035674478540386
72.816136926779649
72.842926951139873
72.778497476452969
72.853444885653701
72.811266902945306
72.793394121714243
72.660611850260111
72.846220582792043
72.827102628761509
72.805051948137219
72.488612192688322
72.486808469575394
72.850353830032503
73.102541180994777
73.128109673814777
73.100145293133806
73.105194267231283
72.895669922830052
72.899572122252167
72.633522213502872
72.515770381092779
72.290802718193603
73.132876155584782
72.152169346336450
72.713091796926406
72.520594873417622
72.985575813838039
73.020590567436855
72.508944007075257
72.530226568968715
72.194198182137569
72.705589265305605
73.137994720096913
72.953560043836433
72.793182199863125
72.592384782941707
72.600410863750611
73.087489990527203
72.932578772868453
72.885870167806132
72.883838484533371
72.910837514714487
72.672167053123133
72.051091234698745
72.344596187373355
72.341992901316175
72.616141200432651
72.637512188051716
72.419016236509933
72.443390272126109
72.621978399593587
72.619948981932822
72.619628245371757
72.642108073144215
72.441395739766648
72.519760908261219
72.676348174055505
72.661549073433008
72.678552777254026
72.669032678765959
72.662170108014763
72.630916510196130
72.541174699878184
72.715542002956596
72.816061336581257
72.416418433426003
72.320345846527132
72.339898178316901
72.545581660120860
72.683477227127142
72.586072151760931
72.585178072610063
72.730149578430130
72.940337442901182
72.684066987720044
72.357303291424827
72.754217692594182
72.735261528456817
72.693544903064364
72.413701701243582
72.393887200456106
72.393770624200826
72.692764766815145
72.246446117264782
72.752116821810674
72.719842822746145
72.058110680754595
72.546165594067205
72.965067114088569
72.249548903371590
73.407555059556344
73.438221487979916
72.296745500141128
72.272265037135895
72.515592057796354
72.502445575221955
73.272342587590614
73.298354531126904
73.449865724638755
73.440704256869580
73.516101061872831
73.436283700397553
72.989129160796978
72.963129878526487
73.024547770496724
72.723417639821648
73.064318334870663
73.412262399339284
73.446494207097075
72.836140937107231
72.108146432667525
72.539789176284103
72.617442218725216
72.097404254532663
72.959376888192622
72.649348183485955
72.639475865450194
72.954002145900432
72.939963968199592
72.979062044399271
72.729350070761200
72.961474163560325
72.658989353394730
72.719078509666900
72.365773835529524
72.367696819554908
72.645891227677964
72.493080023525323
72.453454492103347
72.452643091335474
72.490964835320412
72.502328004444649
72.584925550391802
72.552723205915015
72.912149002222876
72.911326937765466
72.201746814510827
72.785185611252771
72.828296240708596
72.644011762255005
72.235244591348135
72.846890583693281
72.611979301194111
72.235216265320346
72.599534359171514
72.617347744640028
72.466016964965377
72.212261738158986
72.240240618672715
72.742715338193719
72.388329471118354
72.469977179779278
72.637700046460083
72.801029462409602
72.757797035819124
72.823753359560811
72.579605135697975
72.610789949180145
72.643151773893692
72.013748419367658
72.457880279429929
72.258547346590049
72.752466358939614
72.587734722526335
72.057481651690964
72.594731628410273
72.619418745849416
72.618776709695240
72.984772022626231
72.733134911946181
72.936931221352296
72.953022921757693
72.936348488953783
72.944588775397435
72.949452455465490
72.928978524002588
72.655892239100027
72.715315482822803
72.971426135687992
72.462148196665964
72.732489183726472
72.634744447051190
73.257168467695848
73.159425905448245
73.016712716935899
72.357214133042632
73.041598448884088
73.063764841639966
73.094180437504065
72.573042348584892
72.701193019697357
72.355557552364075
72.500222530509035
72.668050376182705
72.620388755699395
72.561492155333468
72.507623611327517
72.497432278720083
72.768265988186343
72.777346203885529
72.453871537504938
73.143818600404458
73.101650665220987
73.123975573425582
72.740902937129448
72.889465446127204
72.945779184933102
72.714965338004902
72.733795103755341
72.888744066440267
72.932303728325309
72.501779155441582
72.507566322583699
72.730724101539039
72.731270998488881
72.714552328535419
72.318435178424011
72.308220687121633
73.097783184000690
73.081821883014285
72.938265730352427
73.058835973525177
72.983152296329678
72.473916718513522
72.461395783007958
73.261698889640869
72.737075536275270
72.180847732668923
72.636772447359689
73.290775746072541
73.046470674939670
73.068602614307963
73.097875550440179
73.164094613614239
73.038613561528450
73.280004297836797
72.537914224262153
72.303108599377680
72.484100330345612
72.251622241761467
72.655089930191679
72.424355546882239
72.773006319535170
72.771827075439006
72.743599553367034
72.258217389931502
72.188715262229707
72.210509625514646
72.189986497361332
72.342515774705035
72.195862025338897
72.195011107650359
72.436146675622723
72.344546485269191
72.275036172211983
72.293570654511726
72.293105365311774
72.301910240539669
71.976210865541944
72.737643513324983
72.339003287782546
72.451950744940632
72.459088478301823
73.282846741594312
72.881632718659034
73.219803061498340
72.798544131423597
72.772182932472461
73.079917634558043
72.709610347528766
72.543375559305119
72.727109505598690
72.902228655758989
72.935900216797705
73.285862706334726
73.337229522400548
72.855481122812478
72.437004703436898
74.348654563950873
73.262718516835534
72.786170744271843
72.757043758005750
72.390480994537768
72.388888341234150
72.375851024935201
72.340857938908044
72.366450587516468
72.348567179237705
72.368022488835365
72.350064288893122
72.740634755555732
73.235858393727099
73.251676006527276
72.394103825618032
72.677871107889359
72.692590417826850
73.064621432203054
72.817254391140366
73.341536858827936
73.646990799120360
73.114493860084877
72.744753428174505
73.005240621628900
73.043547428956529
72.926212849776618
73.046293236491238
73.000540174264358
73.039543815305919
72.996317774915596
73.004242360213297
72.984344662052933
72.992809068265686
72.319839314277871
73.093578571372689
72.090997073087365
72.061230918933674
72.265130562800465
72.307978292320485
72.289625087496418
72.488334043330212
72.315243473854522
72.662583107126025
72.740862916409611
72.567308777131046
72.115437397043593
72.502997324548161
72.695648661254666
72.680194439981818
72.208169726186682
72.068565333570461
72.025853385713077
72.219088482443496
72.246592139511577
72.354089573694793
72.253467945402377
72.535301313258003
72.549562931266522
72.502817512374847
72.477382998463739
72.819882558826592
72.707919821048577
72.695545065688449
72.993569666840102
72.707182310742994
72.777841353732299
72.585215541426123
72.520077380824773
72.447205302066038
73.117915662867262
73.031547280705198
72.697446882861385
72.722809907250564
72.442716917572184
73.027597680231978
72.511919843760438
72.746956096414081
73.050504506282309
73.047752456693274
73.039281220374818
72.981252191325268
72.679635628081058
72.440297664323538
72.500031578401291
72.912217769311624
73.247887225581934
73.201166949419402
73.345679162993733
73.075695062366762
73.156932964927336
73.146566382182627
73.129852400541338
73.178758971686946
73.237507471928879
72.664808002832046
72.955340244412980
72.747547410508886
72.932194699892008
72.467345058257763
72.453849458777427
72.457612002579012
72.435579230217058
72.905157808067401
72.637805306777082
72.930308796328035
72.759005820271341
72.741084087318129
72.939732326954129
72.985831469638399
73.003450671477438
72.094078002052768
72.088023113347433
72.756755582211625
72.531200542872881
72.584606750572775
72.096033857827479
72.093326537952876
72.659275215665701
72.642244188110340
72.237754740691045
72.551210963926508
72.176341117123911
72.158288396519083
72.870999842275964
72.906438675107083
72.973151788623966
72.757626201154892
73.289330124082284
73.160541820191028
72.873521778335146
72.819595844084148
72.482495692201866
72.464447021643466
73.190991127147797
73.459153263057289
72.818753553010865
72.796334651610039
72.788141940484948
72.539724723501195
72.123505905532369
72.101088299496880
72.142938066644277
72.556951872740441
72.085588838202781
71.892999588273952
71.848399831667820
72.018274977052641
71.971425302988663
72.542255364408447
72.713163076245934
72.687027996209324
72.433479241135174
72.482181736065499
72.589664024108743
72.009919925399359
72.206662207687245
72.651854370405687
72.759285640639803
72.310464986782378
72.518189738666265
72.508631768771863
72.678385500109371
72.103419468446603
72.196548198860768
72.197333613416333
72.295178172952575
72.791784638181397
72.773959293475883
72.965780109670263
73.098796556708578
72.768283241795373
73.059547483864520
73.028877278097227
72.805088131359611
72.930577629390200
72.470502919813583
72.749674378535900
72.759208777981002
72.774447994029700
72.732915975381246
72.728397623051677
72.760754842912334
72.787493749205851
73.287875525421185
72.805304647932388
72.284555407298726
72.347558605572033
72.252665999212098
72.186695016296383
72.488962569918598
72.645681285443757
72.328765500910762
72.805844137882175
72.978997163982299
72.770010392964394
72.818507996949663
72.833340436249074
72.281937547299023
72.227249505321254
72.211691489833015
72.869202188572189
72.803891102106689
72.807252689248415
72.252769818063257
72.236164107714146
72.336408904802198
72.660230570438173
72.535737852143853
72.685666890143210
72.434464380261971
72.805279334756150
72.793199277292786
72.719074228277890
72.655200414959637
72.987042283176521
72.771782103727347
72.813895749343502
72.467910099788696
72.693676951151673
72.640537097676599
72.404378527632275
72.458010724656532
72.411206591459433
72.384261399085133
72.384148990341842
72.390063633910273
72.629746200084725
72.532994620194785
72.116811503588607
72.315424704335740
73.064962637926627
72.856318813710672
72.889701716343353
72.843169101849114
72.889167256391460
72.828771371277554
72.590026570076517
72.621375903213519
72.274126105447948
72.289712681629183
72.664810730532665
72.772798848497786
72.569604950039022
72.308807532389750
72.774263778438510
72.854937289183809
72.739725639603776
73.258279967414623
72.662283706000238
72.562440623635297
72.569404538906738
72.674452866640095
72.772943443073984
72.609091472881545
72.579341662536194
72.576525006837940
72.587413673315154
72.579733526016696
73.093690365566488
72.963052006893605
72.875367767340890
72.587502910286176
72.673508246666117
72.789063282114626
72.775887237791011
72.699515164219889
73.075543855350517
73.410657794149941
72.375349187941637
72.358096518700989
72.471311094962118
72.507529275863476
72.694594040449928
72.868804215487472
72.849093644394458
72.825210440184890
72.469867279398358
72.787511133340672
72.221426182749681
72.147761866050416
72.809252830694504
72.786809717659253
72.693257146805635
72.479162132884483
72.781361821746572
72.811937215277368
72.153442357413525
72.357711639473479
72.776463378924120
72.446884397592569
72.465677876880221
72.112879144953141
72.181077899438648
72.114931936959891
72.124301033779631
72.300063479071881
72.199913616655621
72.293493458189175
72.602242688305950
72.782540548961009
72.636570286015029
72.223872851188688
72.123287255532290
72.271787472994745
72.179198950855124
72.151998822455326
72.206183806866548
72.096566885663833
72.101003837346440
72.140158187877276
72.090295544723361
72.133496095728248
71.966665249072634
72.612109538670097
72.625388596095377
72.956981806308193
72.970705872977078
72.904713758466286
72.616381314622217
72.441388709435415
72.457605756065405
72.626242450314493
72.640029328170471
72.107266167950812
72.069290856044930
72.675008295442893
72.783176387532691
72.913926492600396
72.699203359918300
72.356178742838011
72.238865495244383
72.574427204466730
72.783595986613264
71.923014623544248
72.051063320597692
72.715744895516863
72.713968607578437
72.716183030455085
72.047964057230715
72.854942157768079
72.856212635746999
72.476823058884563
72.469267662089223
72.635540677338312
72.468638709459327
72.703480545797703
72.663530148457298
72.794881756545891
72.726187611348479
72.436378924383874
72.440185024831706
72.688229266073392
72.786410272127654
72.662351466347658
72.674454632678305
72.687629917739457
72.606235459946490
72.730209107773476
72.762508272183510
73.025876569228870
72.995385938070442
72.982698296213485
72.918191451375279
72.586361352377125
72.855124428574825
72.612234967270282
73.024603242088347
72.125571917986946
72.217484125898437
72.519650327179477
72.242910708466695
71.992071384734302
72.344416681544402
72.246620949480985
72.372141007448505
72.313758128088168
72.652545061396665
72.043985950197936
72.073235708831234
72.148044579562438
72.131607140198810
72.498897783861153
72.787010901988609
72.594801887144328
72.338053625941555
72.367402788499348
71.980475324142787
72.215139231228008
71.995021239783256
72.037495024894085
72.278064659508303
72.779113928882822
72.809672205439057
72.823405339867477
72.815387710583778
72.576049579224588
72.673228067248004
72.681970835850592
72.979270977184257
72.802758091606989
72.846350380507744
72.560709466318656
72.540511242595002
72.363005818522808
72.629627501736422
72.528749804659839
72.568534967075863
72.640825985088568
72.553789823596134
72.974378239249560
72.414499219063273
72.420468542920190
72.445786159504365
72.403234931203613
72.615780660586665
72.844739844023167
72.644414176691143
72.355836747999561
72.786553471888666
72.559942710301044
72.617994396992003
72.387165285339321
72.402428336426269
72.898410365778631
72.882859546259283
72.876100869611804
72.682898615273047
72.792650366262023
72.634913920019812
72.638414447540455
72.710625809711743
72.570102792827598
72.366068611626019
72.766055287238459
72.753053181207292
72.756486412220383
72.433320410446953
72.778265157483062
73.001759892788698
72.796892756179275
72.895371820213256
72.392370578786625
72.986144002746713
72.928089625073156
72.908502303891936
72.381732742545395
72.379438035016491
72.467580501812492
73.158212052201620
73.176851499828672
73.065778992274588
73.219338623786143
73.193425022450811
73.023188411392894
73.066481504302061
73.040446448909293
72.803855268382648
72.785743969202869
73.155520451985382
73.113358922796522
72.608559437263992
72.957531089021117
72.793882640180243
72.794503150704500
72.777800640497674
72.603774583198657
72.976189050123565
72.561656307207556
72.566151320573780
72.464437575411083
72.337836478257572
72.773344871099326
73.205553577364086
73.209989003916519
73.074687665761076
73.142862933458730
72.686783493413557
72.531208355019245
73.153112640550475
72.804529381706402
72.954305031806044
72.797212118689643
72.720631106678326
73.139458263259684
72.761655190266737
73.021366855050019
72.981528892676096
72.995717583267961
72.971332520342472
72.958501724758946
73.034596682096094
73.032246618525903
73.115635506274629
73.086254285549245
72.987929059814377
72.977358662426852
73.282089107284051
73.482275735085096
72.862071938821273
72.885102252506158
73.070350078154888
73.051852079765411
73.262522064174789
73.074664002526930
73.576830572273693
73.519314530022527
73.122739877503136
73.107200561850135
72.862891911214689
72.878382467258604
73.108875033891564
72.446142254736230
73.281444161870525
72.802339339082707
73.266817389018570
73.032652292242076
73.049615852407044
73.372739725291865
73.049992128792084
73.354795640848081
72.699637959825509
73.040459982516779
72.485851980333351
73.065160462655399
73.451003202408117
73.477591384790202
73.193595408763073
72.110996784207188
72.308659603766657
72.529332044851174
72.651564385085294
72.609435220711660
72.737284941287129
72.805550381928555
72.418546677754108
72.449808270945411
72.466299746011828
72.846940582641651
72.625937952813103
72.640482879133032
72.658056137739635
72.654701211102477
72.673382453827926
72.671784380497101
72.680430397636883
72.847752208842110
72.193005510858228
72.333033258953847
72.558377816503437
72.527520994945476
72.323155394174734
72.621847452475549
72.816993376629355
72.910475747175695
72.844952991173400
72.695861466398156
72.346901881051309
72.345186370266632
72.687902430576329
72.716942017269119
72.626477203715268
72.635815984432512
72.692692214849259
72.686725588847622
72.839134633149769
72.719238845356571
72.815374313094807
72.665494536876466
72.653453821210661
72.683910197850395
72.701205820460601
72.776013977529729
72.562754401413116
72.644239041209460
72.994509106357114
72.991591276470999
73.187366693383211
73.001597074668112
73.023248468077796
72.278211082326749
72.341275849247282
72.650804538544136
72.169243949985344
72.778814763761645
72.385932134393656
72.005868549170884
72.083801957084660
72.807305374563583
72.578628386425109
72.580167920865634
72.308924414162419
72.303098501953059
72.976714931128157
73.171933270788969
72.815009740928659
72.458427380907750
72.346474451885427
72.366876813190643
72.369747339394166
72.310939235697944
72.163634197733160
72.016753554204655
72.396897516909192
72.409776401294835
72.474301115997946
72.335134949340841
72.363411899116841
72.344161016659470
72.342212206120749
72.571659024235274
72.562758821633196
72.216391211997191
72.399892479913063
72.337330061387036
72.192909053000847
72.287785384511480
72.421834356196257
72.449428199515822
72.452536051114123
72.464317642775427
72.299904680004545
72.311514893032424
72.542064026268633
72.263681892281028
72.807437267603348
72.810304802345300
72.369209424679923
72.483504421662971
72.723251568800890
72.720497994096192
72.793012542985707
73.186086151667737
72.812840470706945
73.015646653677081
73.035535819950994
72.237492905491905
72.746767968393769
72.570563478202331
73.118160047219973
73.114800310005791
73.072545537894698
73.025819164816667
73.034044003985557
73.013353645670705
72.925435392457914
72.705706574333874
72.577682807504601
72.473875566401844
72.720144859329551
74.115567963020055
72.505744312576951
72.465520726029482
72.579761336548458
72.483522816873872
72.922378791231807
72.495787755137599
72.465678068434116
72.438853380268156
72.481110335100240
72.438429626000598
72.147224045981318
72.438890145325232
72.821269269095708
72.952085900912380
72.855882734221495
72.522964505424852
72.643229907712794
72.487347562157865
72.651266783367774
72.232936032455555
72.237784288951261
72.425649489825858
72.378938867975279
72.807373526911050
72.820193668438733
73.101343183738209
73.113349955429740
72.813708644907607
72.862459321176445
72.899473793125438
72.774731510202244
72.765312556480438
73.094288922598594
73.114273665708055
72.733187580857901
72.707543667513960
72.929406607431545
72.748460966163108
72.596105574399147
72.615742303401220
72.584337849482296
72.525565623214789
72.308914739526372
72.959569547182269
72.911475654774975
73.069308207617382
72.853699108982056
72.527656369096036
72.310978968079581
72.861348850931094
72.855876774314609
72.898517334602531
72.695005399774232
72.639654454695432
72.827539687539115
72.843024763053961
72.545127946893942
72.576334085963452
72.593010316975295
72.619065727234258
72.698754231829497
72.123777209435985
72.525614461399954
72.551271339670365
72.704608613199355
72.569077042884857
72.534753240750234
72.610771315291089
72.884983519548669
72.906846108412125
72.740684003501499
72.542188652927052
72.359307473232235
72.916465712836001
72.712588614467478
72.919925115885192
72.991096854144388
72.283316423874510
72.660923103267862
72.677593582287187
73.019922079823871
72.703383436591494
73.212041957543363
73.216431488686652
73.652027588403229
72.895071403471164
73.349089101055199
72.903156178583401
73.172572288603249
73.224684507525865
73.262668380255761
73.277823393946449
73.281343703382234
73.180571479669482
72.810131304326234
73.189939753459811
72.830362158951445
72.219632824918961
72.508055184646437
72.358404813603656
72.434267220752290
72.525521871269859
72.554633380082933
72.438462081532776
72.729113238369905
72.836350452756022
72.667503282619833
72.374982989146972
72.391797006714938
72.386890831519906
72.372515926696522
72.398425359944383
72.357555270143791
72.349083142462035
72.340671761543490
72.695667793982864
72.338204270328831
72.800916750544488
73.202678997013578
73.437098105650165
72.335229226211069
72.227919653430561
72.973639694402948
72.999280150827929
73.116915465696962
73.160350791610284
72.756188454505462
72.803229475792619
72.669981555006459
72.850877253745963
72.231004242549474
72.288944597325482
72.229227178521498
72.099250576374430
73.166920256089924
73.152036899406653
72.621309163704623
73.029463491780106
72.833212677470385
73.178294567246212
72.574301742533891
72.256286936922550
72.274604041589427
72.498913718957425
72.561636030659969
72.791405133630064
72.817276704089835
72.892588781944994
72.757827490500077
72.938798360012129
72.936721854981812
72.903237678096815
72.755732220602809
73.055778549599140
73.037105272966272
73.220093380976166
72.830555986148596
73.236820630464905
73.111924703524039
73.344961979175153
72.521013565457849
73.052164829882642
73.246800888203566
72.921903653431883
72.770346447978014
72.732712837379353
72.779372974702099
73.238356991574804
72.793508670613491
72.751874192355231
72.735382366638362
72.277395254100966
72.290794047285885
72.442411005947733
73.451774398648809
73.318316095258695
73.680325585037025
73.496179462100358
73.798899027451895
73.789081127502385
73.417837321361674
73.198929222946006
73.692567398288588
73.695965828399636
73.721259376884902
72.837821834304648
72.760784240066840
72.899863523327099
72.902903714234441
73.157364425134915
73.154053831962457
72.838408493707490
72.859201771473195
72.889756752438018
72.746608100379461
72.494498934255020
72.652228886635669
72.662170866994700
72.854406838962362
72.636938458498221
72.861651799090538
72.844250955453901
72.876902463220176
72.628245797302213
72.800909074493731
72.589133717955548
72.583598515414650
72.872148481974662
72.609724206287197
72.532363397111610
72.912183029342941
72.891680066094622
72.558212202308027
72.563171026784630
72.859465949230753
72.557530554896772
72.169174933105552
72.345772578609285
72.916662628380067
72.930359839794562
72.721267752066595
72.335014122201557
72.310192360857343
72.337964306931610
72.123214059235792
72.731052331193411
72.838486043560565
72.615562793204418
72.327823753927461
72.860753645722909
72.577232929369259
72.841127560318910
72.197054188580964
72.874372499472088
72.633038798096834
72.640447886831240
72.598218701182489
73.098974501754455
73.119732819121936
72.865370405438512
72.815509303571019
72.844624024754253
72.490889252593476
72.470113122653359
72.761167154709426
73.219251342132011
73.236961113695770
72.847015110330403
72.826233802442047
72.838551801980998
72.743622913128036
72.674438929059079
72.719898360571619
72.632976028308121
72.648310115966339
72.731060760543528
73.082442680089414
73.034536157541567
72.616079337564273
72.625795095570524
73.108714072666913
72.641389170427914
72.585663881862473
72.544886883379050
73.016806430763921
72.783938520640717
72.420474898824651
72.410366286016739
72.852804380248330
72.850832861006495
72.115471322899992
72.073336479668981
72.730114841406092
72.376129165116964
72.948904232194707
72.977440703435164
72.818485561957573
72.102891296574896
72.093129771503129
72.059846406333463
72.846712407386377
72.639457098645025
72.532032656574117
73.074748141661374
72.842143670481747
73.108573254378186
72.752521997617450
72.840579815102842
72.597704463911171
72.815269140720133
72.789399807085218
72.665338956865668
74.990397541917488
72.715856690254242
72.554010034971910
72.555465319940382
72.759987532072188
72.657676033552022
72.827385937266797
72.709943002898839
72.709313296468167
72.749714815000175
72.341286061791948
72.342773183862022
72.752524244490033
72.848652224177300
72.723539478559388
72.721156561036480
72.699280313081388
72.656223897327678
72.696287935079440
72.744051865732700
72.693468841678211
72.260027808258272
72.293482982671392
72.276656737086654
72.285054198995638
72.319454361782306
72.348875254564035
72.268963962143232
72.297883441066716
72.903168461482522
72.769846368388215
72.392148624049639
72.215456990881961
72.840856597027681
72.817534615842504
72.580938560429061
72.678528803242301
72.617210629017592
72.920889903917299
72.804040493624058
72.527147261069558
72.559432136995440
72.851800510087699
72.595918809669996
72.555460372588499
72.551229762373396
72.603339175795540
72.754211572848263
72.110355192855536
72.696445723785985
72.668453004770598
72.886087613631020
72.543495446926116
73.056331747003881
73.057127222049715
72.568805605084506
72.564357306539804
72.878615061225887
72.848875486925380
72.839624586408533
72.578054833310119
72.430224495942866
72.459473523742815
72.848980877006213
72.676883197069515
72.814033747357044
72.469367481564177
72.082441609960256
72.383339913750092
72.070436509032632
72.147175651647842
72.147205507534608
72.084690092282429
71.896870745888577
72.742508712139113
72.741916236399661
72.889636579852237
72.884205424887270
72.420467889558608
72.410998424083132
72.613747549993064
72.470016730401269
72.692912645889905
72.888205863096744
72.585597060755447
72.568391291524023
72.469322717225694
72.253478603374461
72.103891804049411
72.855948062598046
72.027338685397709
72.043578910663228
72.766590309743435
72.027499793825839
72.391575350937487
72.396087934625541
73.248090843325869
72.905883750419747
72.334405086204583
72.532747724346478
72.555621171098750
72.396830253394583
72.868012089218524
72.830381319534382
72.863721714987747
72.808508710911909
72.785794564245947
72.590835796036316
72.786266755663121
72.792353989227919
72.855089915576684
72.879709565390485
72.198252077933915
72.555934194062090
72.863538053738324
72.520899092561720
72.164764065969095
72.010857759813348
71.907583894844549
71.991893953550260
72.096911946374419
72.905605009672755
72.798321940064866
72.755158078903293
72.889642571400415
72.858443729590434
72.441860670253448
72.304661060522363
72.293023015781884
72.858479504565238
72.503041749715209
72.504007299459730
72.229245243592857
72.453234756200246
72.453539607181668
72.109582982152062
72.391473493206348
72.380143872317859
72.389420752623423
72.434134706309166
73.043871228951474
72.273929371641259
72.539897699368296
73.265996686107400
73.168491266896609
73.284584561795270
73.279995797400318
72.997831556620525
72.988097942717204
72.861075417793131
72.851533394542315
73.416216900165068
73.269062711845379
72.884812120569379
73.227755348062516
73.270264306629045
73.312527967996587
73.338493878891057
73.387509110744972
73.391846979642139
72.859888169441703
73.219613726035206
72.491814490670819
72.582741649785646
72.543070960332585
72.875804546385467
72.647640251849708
72.698098996077704
72.505511238145715
72.321566682099345
72.511416022960191
72.764182685390253
72.861507190897100
72.516089412853646
72.528737705560189
72.533340222260946
73.113564658994164
72.601446686233942
73.306758375057001
73.268438691806054
73.216810280193101
73.802192469547890
72.861778269740228
73.700793400074701
73.251853490091037
73.426744283500696
73.734061017482858
73.730707743321688
73.720476496779000
73.712937921525139
73.266357298907948
73.318981977741046
72.793651712973869
73.148616327107405
73.358673094136464
72.683054563453084
72.669100320887679
73.311967254771744
73.653164449257332
72.694349022780059
73.001021053266939
72.987995848987694
72.860223998233209
73.176521810981669
73.300415206745470
72.930723273048898
73.190042344352634
73.109131189800252
72.723985132977845
73.616883752532317
73.663504539271486
72.630872135405639
72.645219594718085
73.294466042513804
72.863885179471879
73.279439745493505
73.296916861144737
73.117619658116737
72.704098752739526
73.171282185690060
72.783877577440123
73.527506685982488
73.099542202354897
72.963685202914689
72.011176568597762
72.256122705685897
72.202688958283403
72.018640832904495
72.114531891864814
72.897977554871900
72.855754743243324
72.885942347264248
72.061626244634297
72.377539186408683
72.036423112491661
72.379840802486783
72.881427785383593
72.871574341084141
72.557455985178379
71.974151231077940
71.983970520862570
73.847511250589449
73.822529970574990
73.221645124422082
72.868760958824566
73.209055119630108
72.687796796705555
72.706253080082305
73.534645796907839
73.341675039808479
73.390139439946466
72.378722008482328
72.581195416629214
73.047334277425435
73.451885653396189
73.509445527339579
73.458859605983164
72.645014646095504
72.663380294341351
72.590913643859878
72.397687696167921
72.308376570182602
72.333762961237269
72.243191014892545
72.366947454771164
72.270157507091213
72.873207055882887
73.222823129047896
72.632575316894801
72.909123168072256
72.238911729718581
72.408220729197552
73.003053949902380
72.864703905873014
72.665331911609385
72.287908027095995
72.221172813475150
72.145405381379391
72.097514881777244
72.120147921144138
72.545328934368300
72.504338361789053
73.450530575654966
73.090535266838089
73.653907498003250
73.296637936273939
73.036593537209725
73.209848790168024
73.142038677728067
73.227239573109500
72.869344484183088
73.048779482375522
73.058391138550050
73.096775678225711
73.138641629916492
73.639284427776687
72.748533129777897
73.217786398115976
73.279764451638627
72.707714015548049
72.773987499067573
72.756301990542909
72.436112374076899
72.746608089070918
72.771066487978814
72.759762443598717
72.457710784939664
72.926911398211416
72.940542296659913
72.742434424923118
72.644508403670017
72.915678684991775
72.633441146894938
72.657174393554214
72.743515260553039
72.747932792473009
73.258841523318708
72.845635576284408
72.871525735769410
72.855189989245034
72.872284961389653
73.245186876186082
72.622250393007732
72.312113636338637
72.465003883702423
72.562250694063323
73.106256157801838
73.008985238085529
72.520424394911103
72.707585122195482
72.860322863987975
72.749402092935057
72.620590344233975
72.630470680362180
72.341673275694660
72.906333800477398
72.891519659101746
72.869838144785376
72.590408286862825
72.594239051453656
72.626351535649405
72.409552753723460
72.652156324338705
73.257868817407655
73.254351187275873
73.194878029101957
73.710657831215457
73.136608700027111
72.958250422994297
72.781148353125886
72.764991389089445
73.360431185613180
73.748957232626836
73.425640652588726
73.441032146914480
73.443104677984664
72.864034497481697
72.962814614706446
72.878567516992462
73.249241487917146
73.308432201371502
73.248421647883816
73.451654172158840
73.783347680124947
73.405066369131916
72.913107641989200
73.245654112032526
72.959590358632539
73.706959129540891
73.077451224494283
72.907779124898184
72.438150214750976
72.423599720017606
72.401652863519828
72.396822110825894
72.860738798363457
72.637641055964878
72.672645387639889
72.672367924768210
73.048196589358810
73.069263196612113
73.059833467937693
72.150273470526940
72.010381227527276
71.911941538135736
72.123287689856056
72.974398063747799
72.879099479077681
73.017094470390560
72.623828258143135
72.360805360168527
72.171617638057967
72.522647805271617
72.436921154412715
72.537027828514979
72.464631097877373
72.366534854829155
72.905006398001916
72.907835126269163
72.461324783157494
73.284092320178971
73.206579099685840
72.504263262482525
72.506522509081734
72.096120151706273
72.424405311074707
72.429419987953068
73.293987604100394
72.389444856935626
72.884974979449893
72.898225623297975
74.832376112592044
75.155627151707762
72.890313076408859
72.926662215781818
72.968024990522693
72.987743050504449
72.638367995844121
72.242459146921263
72.286811315615921
72.503547818058792
72.544676474301298
72.855627603627681
72.746899054069928
73.041071645242283
73.089474880230611
72.554769056056045
72.548414437270566
72.327304352802045
72.541397083178794
72.900546876891838
72.965694458757767
72.644650497100415
72.529923573330606
73.038928032991478
72.933658297962708
72.374819396250572
72.301156147198071
72.296535298425724
72.097553553902642
72.288565515587806
72.158862630947198
72.018396209027614
72.297396337429262
72.910056189260487
72.897003559928308
72.154225739562790
72.285929409770873
72.785890533125027
72.608744739160159
72.159310518616650
72.130159241898625
72.624285562506884
72.689367579288671
72.503670586087964
72.491489975858542
72.142717176430878
72.574822083336088
72.460330828900808
72.448017392369749
72.481052618714955
72.505032032017908
72.088129882694204
71.912461518821402
72.786657447683410
72.689112410989551
73.080367055626738
73.281053218521890
72.869253302936457
73.056467545649284
72.461155749876397
72.182085779268547
72.461083246273475
73.040085259995394
72.782297756831625
72.663340314256743
73.273203238398708
72.670323976522070
72.626004924684054
72.666473917890073
72.726627296894179
72.597848708455615
72.357614120846137
72.726034537540002
72.439848542536325
72.484261634505074
72.783884837177794
72.906417154479669
72.599702468789332
72.364548512604884
72.324529111882356
72.889155451741047
72.894476771925682
72.896462926152580
72.925809669153196
72.408597651528112
72.352992233287949
72.296172892150594
72.879202761221862
72.915941302428735
72.884530179292597
72.304240223922534
72.186979072573806
72.664610392124274
72.300614009269793
72.514300116464298
73.577329030890553
73.563244061885186
72.845934579069564
73.375941471680889
74.091901537852863
73.576121596203194
72.800744111878871
72.811864939720039
72.758708261683182
72.774760496688742
73.777119847747713
73.557622221182882
73.561842707117421
73.595525373877251
72.920915396574856
72.798873140265300
72.803331654653505
72.785831980734244
72.785181318016654
73.779906470207976
73.542125540476974
73.546026315947913
73.509089061435589
73.164767288506340
72.938035411742050
72.473590669385146
72.727221223359678
73.601545891075162
72.722690916951521
72.732353569766431
72.413366755155295
72.346934835347668
72.812629396263034
72.777073120912618
72.719210925288493
72.420512102624343
72.422575111542898
72.480849495088890
72.418122274708637
72.647917608919315
72.917455534419787
72.436721507314303
72.211695758245313
72.307142800019903
72.659579156081506
72.664321768376112
72.736212719115017
72.975578511664409
72.310929389013936
73.011123727089242
72.638240787090993
72.388521534753963
72.378928712752966
73.218758218775918
72.846725920891885
73.364045671022780
73.334601031398094
73.330851816604550
72.924817910843601
72.866178695499400
74.982659202764410
72.666387867522218
73.002134069132069
72.960126463890035
73.008315869495803
73.118329498216809
72.940565380529392
73.317204623434520
73.121786779113492
73.110051774997800
73.126278343390638
72.915260082796976
72.183542667120889
72.168496516664234
72.789701103062256
72.724285569620434
72.805778020931655
72.830936927985249
72.838337426454899
72.934533306956808
72.808805834857964
72.410842735553956
72.738774295019695
72.748156088628221
72.350611007132642
72.340677423199850
72.107911845634931
72.935183363752245
73.171402775585861
72.938461086151605
73.056872005187344
73.073952361044775
72.978028919539440
73.024636498415589
72.957465815993373
72.943078785558882
72.755933380713458
72.804317133288521
73.047289072790448
73.063650132395921
72.994804213989610
73.172167195967532
72.939265006933283
73.073962055901305
73.014998215314293
73.014191829899289
72.227094460781956
72.406794248718640
71.953057836175262
73.068751782746958
73.079543427383399
73.203345329987258
72.929118431031213
73.096299796440050
73.011524909952584
73.069967397393398
72.848121124701947
73.088460003965196
73.104009158999304
73.031511561805047
72.983074554480581
73.009364651461141
73.113373021701435
73.185473669787953
72.379756183876850
73.136083664757763
72.689957599347650
73.365503100199263
73.385158980903512
73.223577818572991
73.157197212034490
72.835680340192411
72.975831768774782
72.648218500484205
72.944721086944512
72.832196691497629
72.846863077646219
73.371637430519911
73.323495190152627
73.307297669239688
73.325651853325894
72.180773139465828
72.170985151466084
73.113452820065902
73.212158972405788
72.648079629458181
72.983364205978276
73.008449622713272
72.462647678836973
72.837842092366060
73.047319419717809
73.251569648808413
73.062224940775735
73.046840174522018
72.889164351278069
73.107949781326411
72.981710179534474
72.950586833888138
72.651206858144079
72.566102908048393
73.083440566369717
72.988266786352511
72.929595857665760
72.936644295612268
72.938864978696472
72.954588148643765
72.945156223348690
72.961343683437846
72.987006475222330
72.916228976726131
73.384309656759257
73.411389011307278
73.638860460777877
73.663670383075825
73.321910584354526
73.661029238972446
72.235872049117773
72.947786880462090
72.587893370344418
72.280361215909380
73.106124665032496
73.319544111738963
73.636420864244258
72.451338977342132
73.081365537998465
73.571814177298918
73.576190259067502
73.874818948400033
73.873481983192605
72.843702877027440
72.833890480245245
74.085994680756599
74.094712236760785
74.100642152994510
73.867506568636458
72.742883899139514
72.955753988577271
73.392069936458881
73.960298610238581
73.535981277695768
73.541429831009467
73.528679331291997
73.934053577674263
73.443470312137563
73.433742155558548
73.930315371723168
72.703084280217951
73.157412893403205
73.165236391371096
72.947309526495701
72.958049258011968
72.919665369730197
72.980415488641327
72.540258831678202
72.664907915972265
72.665149796331775
72.930840792156957
72.882480996661528
73.256618279136589
72.920805428962041
72.668009593074075
72.320375406723258
72.747458837510337
73.208242028430163
73.298541829232562
72.769111536355410
72.439605196484592
72.431239312212625
73.454403346262524
73.397644379404937
73.355675260210489
72.964558575594026
73.428834583036107
73.408052249917020
73.307173987395487
73.432951430769407
73.908624591068730
73.883645346440332
73.408861584456830
73.346372666935395
73.295972663856659
73.930463157794904
73.890210948087116
72.479013747404210
72.378513171888130
72.364058364904096
72.819712731892466
72.834218961176077
72.959580446850012
72.987278932810284
73.110868047778936
72.826057599583621
72.800733091056983
72.957483428015195
72.949808768498059
73.051273681482343
73.117457847906024
72.645026852957599
72.851749562269788
72.958770323122295
72.794087861237969
72.811587493409363
72.801965686128767
72.947259902334181
73.094845207845580
73.032227932608777
72.754019417448845
72.630589791860288
73.224779801235286
73.198457188372061
72.117892882189480
72.460951107557761
72.501863507884764
73.484708893461317
73.441183385169197
73.691302699987745
73.674361378284473
73.771066766733000
73.345426115722049
73.394356813510200
72.968762569565811
73.656114660956533
73.668064538915289
73.425803329676086
73.227003514658961
73.341144589177460
73.380442831542098
73.175036583636029
72.406949956459997
72.393828747472995
73.661275268780059
73.679127063623113
73.670070106340106
73.680957239319142
73.673476591747004
72.825033647536259
73.042406829260045
72.718465092664999
72.814871243456679
72.396169501449350
73.233267287514551
73.292534182964914
73.296760414154434
73.039633026871300
73.020265090069685
73.045897694220656
72.640857700764784
73.107309128716238
73.466200768400370
73.283711019453875
72.930251399523186
72.920521996558193
72.989917821354595
72.971071800677450
73.283397337130779
72.901401715768756
73.280459095304565
72.181658142772520
72.074924605293191
72.913409921160977
72.914693131842739
72.919156654175126
72.953776307406088
73.093016285707975
73.084149480203081
73.238064238422353
73.222206532846087
73.083270858584086
72.901190749211779
72.988421225658001
72.085363820272335
72.161548383305501
72.096114689688548
72.129218265121366
72.135559329595310
72.136898831277264
72.230838707979302
72.241028294554852
72.230916459886998
72.060244863355280
72.093341665922196
72.187259406695560
72.186642869994472
72.211262505963106
72.196785873745910
72.205219688414587
71.864424060268021
72.095061931550831
71.850677967148698
71.853379304035215
72.055525915382660
71.892327431919185
72.117867478127863
72.099245258384315
72.117621575728862
72.089215082715171
74.328234518614366
74.420448568251089
72.055859946167445
71.849646773033513
71.880718743441861
71.834801291658238
71.838253975301100
72.174895101654343
72.054904073713317
72.050027162238933
72.193422735431113
72.155006105385269
72.295643132019336
72.327681491434248
72.008900946817519
72.334519235277597
72.307898364222439
72.302588255975365
71.948406638456532
72.332259442751962
72.030835418215688
74.132292410726023
71.926134101198983
71.927170647895451
71.897821370039409
71.942301735885124
71.913395996639849
74.382441732454680
71.942016844505474
72.101901011003790
71.876764247820006
71.919377873827358
72.049206463053849
71.957679611660296
72.027294286291337
72.087184851266088
72.028794064569979
71.942330281709317
72.112099895206342
71.930874005741856
72.083111421266864
72.053776311199570
72.333543593380583
72.349227419743499
72.352055228882094
72.229040855692716
72.104924365661390
72.415186622951637
72.041799789524930
72.062028255704703
72.057478449279103
71.944386145010725
71.952596111155813
71.963276193483210
72.006611281439774
72.078577240523202
72.030099415245829
71.920277736210110
71.943557436671597
71.929090256732024
72.041692255539871
71.978587348571224
71.915358064793068
71.929789819235225
72.220885724954954
72.197793270796424
72.318117356494966
72.259690625374290
72.269373048501180
72.269395318362285
72.274085987907540
72.258510465941882
72.323710468752367
72.330565424173670
72.323739532036086
71.975532292222113
72.213383580827440
72.312383779517077
72.023259374971786
72.038961622034094
72.345383236325048
72.323758252710533
72.303974602997286
72.038184572304488
72.004973817249976
72.328263394890300
72.012194180610436
72.088510888046329
71.979609999272341
72.337573851055737
71.971336303017324
71.988998728253762
72.320988528256635
72.217460561766302
71.972293918367058
71.941040072621718
71.981776684852463
71.978444958098663
72.179220701241960
71.994090028581098
71.946993981739865
72.009650282946467
71.961332758482882
71.972135276959776
72.083556630352916
72.317410295327718
72.006816470235350
72.288513756679080
72.267130372861018
72.287066474342623
72.020126067923144
72.017364654033656
71.971857295506169
72.332653976874610
72.001721854910031
71.969889432901851
72.105799001736472
71.977974167101337
71.993746337766964
72.002153231133704
72.064822835025325
72.004489459224814
72.028511057430464
72.109891699953025
72.112437041614484
72.260423041180445
72.436918128336714
72.250647921848142
72.426533442738716
71.923730576492389
72.137963484101988
72.177601518387789
72.121457384425057
72.090686621937650
72.132377262804454
72.014767563316298
72.081884430542758
71.927744676898243
71.885064295782641
71.997507693750606
72.057560482408974
72.296203657987519
72.298777929085986
72.189445666069957
72.385392761712978
72.388216854129126
72.343809271688130
72.057746149391988
71.997683444122828
71.944644225902209
71.921591849633373
71.930385998882400
71.921327405469512
71.965170140762979
71.922787907423682
71.895674273243301
71.911228595209579
72.015438843826985
72.026606392672178
71.887456989828166
71.975519642453548
71.953599739514885
72.008836528599403
72.012839978114798
72.041646883499396
72.083191696520117
71.951627587966613
72.057208846237700
72.033847944519039
72.096907999279281
72.015475631371572
72.030163431525466
72.015040207672655
71.932554541207921
71.990946376246569
72.064916388598377
72.068981243249368
72.026384563616432
72.080715342742735
71.973417403356507
71.977274258617385
71.985097027191657
71.973905782351366
72.349298514261363
72.234604767645351
71.982311735507579
72.001081320146881
71.989404352351883
72.015196339006678
72.023628946137947
71.986033345133407
71.978130361455555
72.008793921105550
71.988337458360817
72.199444831648250
72.005168008869589
72.198960033522980
72.004598258703865
72.014489588430919
72.058812212539578
72.166179342997083
72.056845478625846
72.074762354463402
72.047771448376295
72.104080305936009
72.081686536189949
72.205020836877040
72.079167701998017
72.214863871209616
71.935518167383719
71.977397640960675
72.308955629659607
71.998362145988139
72.020481991230554
72.215677002619387
72.227565256951294
71.970493202649905
72.330620155119021
72.279217180798113
71.994381883636294
72.018140183187114
71.966045084748657
72.341125595675749
72.002800096664416
72.317032673040643
72.090536210883556
72.010085730425416
72.024482935831983
71.990534778619065
71.959966380057907
71.990372123271342
71.948033842444829
72.016415030352007
72.019968293233291
72.025210911728948
71.968678565635230
72.271197318649442
72.232845755160199
71.994937077982755
72.010165647558907
72.292951416627744
72.325523648982298
72.342216809041986
72.327726679922023
72.292083597608325
72.331276729490469
72.243029945659458
72.076011669653198
72.047868097629475
71.989703809050496
72.005939012857041
71.980307949853142
71.960035207837166
72.000182760405764
72.007468951095603
71.950360483970456
71.926291547077625
71.926151442259467
72.007603241592903
72.010727738236085
71.938811105375095
72.017984950808341
71.952060464391948
71.973144894005571
72.061888696307463
71.979550531874992
72.052840397135171
72.109013265081728
72.086633392359445
72.079795283392443
74.414337913706504
71.974564197939458
72.022166372185595
71.916871562348035
71.980647303894813
71.977175016087926
72.083282149401811
71.948793788512191
72.090540831907447
71.984027743043967
71.980767642421867
71.991212859018901
71.959525615318995
72.022463810575118
71.970500136119853
71.994894750983846
71.939268953689094
71.973750121717686
71.981163250819435
71.959215557015227
71.946648670430676
71.956148059221789
71.988995784441883
72.028792747312949
72.036919613267841
71.987849203034074
72.010205415005515
72.285087677526107
72.358245515262752
72.107919863684529
72.341010704288777
72.016599983171716
72.026608861506062
72.264705737648740
72.226462158795655
72.027098269031740
74.326508442607562
74.467518101467959
72.378905086699817
72.020798089356177
72.026586608500168
72.025168587226034
72.060484446683390
72.082786610860524
72.044479251107305
71.986858950995071
72.003641680817523
71.969363979376723
71.932374114223620
72.098384566331148
72.030684840908265
72.038968877399981
71.968170730823346
71.986694290272055
72.035267769092570
72.011415019199205
72.013352243281489
72.044150930849909
72.043856074191723
72.118551579851484
74.503936199509084
74.297747730920051
74.402631757839330
71.945546855032205
72.115202699660955
72.177815518361811
72.114712667071956
72.192202692051097
72.089211899529360
72.089386101883349
72.089299942188333
72.182198738398910
71.988461762132758
72.101613366952705
72.105152336475797
72.062940789881679
71.870686045591000
72.038341811820942
72.052991450911875
72.025863952086382
71.935207377642001
72.129648515483211
71.985259335856554
72.012254390588481
71.965929354715300
72.127989781556252
72.022086479981951
72.082691180640040
72.222637324431759
72.266016165931745
72.316494315473591
72.255990826915109
71.913634252357355
72.151610514948828
72.099555649192354
71.960712181273024
71.935121858252430
71.909426566679187
71.920886427737031
72.156583122206797
72.093567353170769
72.002917336478319
72.017567447669933
72.102178948049328
72.099900678066433
71.978076474757415
72.189658833614288
72.031238362464450
72.021399371257772
72.094211870974846
72.031125910643155
72.029723417387160
71.967217615375787
71.952632874079413
71.988958779710515
71.946234966035689
72.104651476819541
72.004155040868881
71.852548941098448
71.844724016449277
71.854533663011182
71.862347891694498
74.319367283439519
72.119185626944130
71.989654013001527
72.014771242559561
71.964199245637133
71.919735238430633
71.850930952463457
71.841146022048562
71.851495183434338
71.933846390804831
72.184386911071599
72.240442036550817
72.256799459990816
72.287946639507936
72.011182218977424
71.966888223733690
72.016061264879227
71.920266275580374
71.977507461523089
72.018637173175065
71.930810574741599
71.946221494909679
72.011327261719558
72.079374083132137
72.079273347576432
72.167655229548501
71.857480593422963
72.021132615855720
74.167223170466215
71.952916499445834
72.093696220940672
71.923694307509678
72.141388031922048
72.136506154200205
71.953187302205507
71.991914731861215
71.992574500322007
72.203959184001192
72.103551554594262
72.026116435729762
72.016456564201292
72.129090685113951
72.173219280936465
72.103437437182663
72.198455220870301
72.029421513394382
72.007067921333018
72.167605437294810
72.104732743638777
72.083988266683491
71.992553121235986
72.182177227959812
72.010173502498759
71.976681598294590
72.004151945129450
72.114779196138045
72.085970883542245
72.077720522506525
71.982774897602098
72.016302488829780
74.312782603516212
71.934830811844989
72.229447458184026
72.006538002637996
71.949264468764667
71.846090512782695
72.119294746274647
72.089912730650539
72.126596396932428
71.900915029053877
72.026254510587080
71.926109173685205
72.151961716774778
71.993641062027081
72.335409132294586
72.084707847766126
72.160450299196299
72.085666192918112
74.198356699431642
71.934759065639184
71.920340954753541
72.038002868251070
71.903891170582838
71.856319705012567
72.040321243600403
71.915478791352783
72.062324779248655
71.974977044945888
72.255436703373249
72.304030250618410
72.417675115617143
72.333051893556430
72.391701837122284
72.347493553183241
71.920445921716848
72.002193861873820
71.990068851247344
71.966886314861171
72.168331921265562
72.333631172504596
71.990166180995686
71.961765493068043
72.152490764019831
71.997669215986079
72.006365875865527
71.995538006358288
72.128228771260737
72.181249710212356
72.113159545482119
72.014756048633629
72.024547084442858
72.144644212326028
72.393455069731502
71.920461368940522
71.951249612346174
71.988414471350367
72.015875080125639
72.032645661761777
72.016346033646698
72.242059080319493
72.281236519412204
72.273399513582859
71.943465710261478
72.056494311456291
72.026919311629513
72.018655182453188
72.019478614875212
72.197982151746231
72.061750037438088
72.372063129753982
72.121654064240886
72.012092099663022
72.072090615416670
71.981324272237060
72.126042775242553
72.098936694683815
72.405070294738110
72.255137775603771
72.090811673372642
72.226384134802544
71.881334139391825
71.881957793790335
72.026317274534691
74.525284634946715
72.153493716727084
71.892443847019194
71.903220290451571
71.917499700403056
71.963197632647649
72.090387501647612
72.065480865864188
72.066197329242414
72.217133442157305
72.037800732160036
71.993778656353157
72.180645279179643
72.190845339964611
72.092804578270488
72.003852104843517
72.018263787725928
71.994464622646802
72.030314739931910
72.084709038064389
72.044630673791488
72.099043677872729
71.989247878220056
71.991921886024585
71.987035449696506
71.999927990307498
72.130144444895137
72.078321622416993
72.053708713992407
72.063375329019721
72.257343612567084
72.268947575128067
72.029373395501977
72.048417643311311
72.052422261271630
72.032575029453184
72.343367152224673
72.214914040574612
72.267471576373850
72.090423985614052
72.034037722983754
74.006601155263638
73.829998511751512
72.008680624740165
72.008858093017764
72.012288496628969
72.077007104736765
72.316367135788468
72.279095240772449
72.006141866919450
71.916774909430544
72.049320799161904
72.019598998114759
71.958081362193951
72.041918919488083
71.955063391118600
71.997595577153731
72.269745463476809
71.985921398931950
71.942351342387781
71.950539232890478
71.889795243392342
71.887186560109669
71.952034818585261
71.935846346779172
71.969382882977555
71.976970113813081
71.942503551025581
71.928265506976842
74.430928842552902
74.224401188936469
74.447067776697722
74.240621043520207
72.012972241862343
71.984503009574880
71.994464920370376
71.995523319100428
72.292369104024530
72.108102336526855
71.978448723732640
72.007387504061910
72.003757819366456
72.341966382408515
72.126193807154991
72.229683234868233
72.103479182668408
72.206146016825755
71.999264943573209
72.032037261739603
72.246033502618346
72.158735286361264
71.997316956410828
72.021053156828202
72.000296668448186
72.032170633015269
71.894245488482824
71.848321670374801
72.030803871170178
72.040609145409405
74.135292289090970
74.279704461543446
71.838541993020513
71.997520566711486
72.050097457847102
72.022991251334631
72.271732299823825
71.919643278843239
72.143011086999678
72.159302642473392
72.143503743534993
72.143255951365930
71.946711237229124
72.002648896963564
72.050007579780839
71.995793518987568
72.044930684407561
74.264055023147165
74.380974768179158
74.249598101152557
74.366382947505855
72.029457607528059
72.239625686950177
72.224149133431013
72.198946096710245
72.130444272728482
72.070043457980660
72.095679782976163
72.227225835320553
72.202077478488249
72.020735792508219
72.016298920825619
72.041064923946237
72.091140306072660
72.044654308850696
72.098263553285278
72.034683761318135
72.116718341138579
72.146904906071228
72.251157932037600
72.232850928517848
72.281950132183383
72.042808433802463
72.036212002115747
72.054582864380322
72.032604958416485
71.950541221692504
72.120544034564972
72.258252501230146
74.402998230884307
72.093490035674748
72.035676642096234
71.939521783423245
71.943424527265847
72.086579515181938
72.110060524399159
72.111598093157312
72.166768849127507
71.937686047620375
72.026211483091657
72.133522054731728
72.176296837543447
71.893628825858073
71.866812902036415
72.005012769976304
72.028007364000715
72.120491511156814
72.015819501247137
72.142116247822301
71.916287247096577
72.111781623573066
72.430392899755915
72.025165724769010
72.052232024040450
72.057421212384824
71.850344791603078
72.374247151794236
72.417638711972515
72.179181274925725
72.164550984524055
72.444999076980707
72.301473125678442
72.375864012966133
72.401992984935376
71.980130034694767
72.131061915640558
71.958705032131519
71.877775649898894
71.929513809681140
71.878587150066053
71.887769475248348
71.885762164002060
71.966833958400542
71.926607686497832
72.013216476219370
72.013858517903898
71.997747553071662
72.007967892212690
72.030278881487334
71.929595873308628
71.974422980948347
72.119117899944371
71.887333809487316
71.884223177947305
72.141378818323872
72.116317851929367
72.036316612005194
72.031938130535607
72.062537534190241
72.220001802771350
71.896532320796183
72.103900641328892
72.221600819211943
72.218728871587714
72.032213248550477
72.070921525145707
72.070355511229849
72.096518213023771
71.967298754242151
71.981038123451555
71.983029186154027
71.845470382247228
71.856526685257023
71.853606259194066
72.079201709271786
71.930429753558514
71.922594876619826
71.976897789470243
71.993236692433683
71.977512616798506
71.949089465232603
71.989208012571368
71.932973663804034
71.921473435670748
71.920746192382751
71.891522701733578
71.914334615890752
72.019975207778018
72.083099044433823
72.004159162920189
72.003497395747033
72.137466261103029
72.061150406366153
72.088062962929143
71.973816864282128
72.111819059556794
72.092277620397525
72.069771820601446
72.018897059169149
72.010866812879300
72.031269438839018
72.124072060456342
72.338408069155420
72.068191074384231
71.980547757600334
71.971675300508934
71.944830185669531
71.969062938390664
71.996476600366137
71.981772578261527
72.210513143018133
71.972365903277137
72.396361920145864
72.238095995980103
72.422921633423314
72.171581841616103
72.157076031808572
72.370020670711540
72.041517765064782
72.236944384856443
72.396684151942964
72.290513361238311
72.075953025982685
72.477831217480059
71.972971395142736
72.278871195957819
72.326669968711727
72.128824343789944
72.155137347738204
72.044774007393727
72.076102144336701
72.102702576889286
72.059196285081455
72.312175041363062
72.334805570538975
72.071731156866164
71.999877834015194
72.014239098581058
72.063578255244039
72.111461850060181
72.112064948350579
72.115144341249362
72.165752677180677
72.169531433566718
72.240776510610644
72.069016224415520
72.045407370305895
72.264423334422673
72.252513288548059
72.022322824015646
72.264130483714169
72.013447171743934
72.164759140638907
72.032550956313088
72.134215160245986
72.030248294589853
72.057278655013064
72.128412182823851
72.123535113194364
72.043610372615603
72.070565113134535
72.130822466974450
72.127912603865838
72.346603599790171
72.087288314880865
72.089030225298742
74.089053602280885
72.019703321099385
72.024486240489622
72.031614687104110
72.042756604014585
72.047302874167386
72.045622481274137
72.045204227236894
72.018652999688882
71.994612322493083
72.027635535483952
72.041276651389509
71.997676153802772
72.023042886580626
72.054400271760500
72.052682545899685
72.066911671574161
72.065868979898966
72.066336916615327
72.120914372121490
72.125787560999655
72.109137271699197
74.096930207720632
72.094665099577085
72.081686329372715
72.054567526978829
72.067456294829839
74.301887504063856
74.297852829267811
72.063021128581084
72.013432107120352
71.868731866188313
71.966972608539436
72.013073437400891
71.975758152823985
71.977851366946709
72.105773198659264
72.346260336151857
72.268036289047799
72.005896234441579
72.039336742484934
72.200993157874592
72.413785534242834
74.515808085881119
72.232471116926689
74.490222490803149
74.708935364591824
72.220844741855203
72.245570591664318
72.269144290104862
72.258197829012857
72.187244700565600
72.089342649572473
72.144326087145501
71.991241587439944
71.894532302432282
72.082512180107642
72.100652508011734
71.837891361537984
72.041177947319113
71.983408252771596
71.956720011005302
72.040181245208800
72.066686339338204
72.118465337123453
72.108538977949209
72.034379068802338
71.998865732906808
72.080723994588539
72.070558028325593
71.956842413711342
71.829083008184284
72.013406942369073
72.005061716107136
71.931138689472348
72.094451606864482
72.019769230431464
71.971430285003677
72.031641205298527
71.875146900385460
72.170251924363754
71.963823346655261
71.918341256341535
72.027409008316837
72.070614043514098
72.166453727796323
71.989403093653948
71.961582051959908
72.108972710192816
71.970854153911972
72.063646600861176
72.078481034028457
72.057299721837552
72.047014378624326
71.942113828024986
72.287221277742645
72.270817253946362
72.312718952433656
72.274035041959706
72.279747063919629
72.412131282888481
72.253184275818356
71.993743459038427
72.276960369674327
72.274948411788330
71.996169642292742
72.000897415073510
72.037707262748370
72.119586754349385
72.126626391845249
73.893496549865858
72.140621376852621
72.113633909623744
72.146990763817598
72.161407490726049
71.968901079134099
71.946105124476901
72.095931129317620
71.949476111159839
71.961558472916721
71.918599973640852
72.241937876545961
72.409763409303110
72.243000333580568
72.281805522041111
71.904122578450668
71.997619420943266
72.052148034475692
72.023846996263757
72.018167299384700
72.077804894580709
72.085171127714190
72.221709141614923
72.309024065148719
72.069405780119752
72.424186311026077
72.409039524296759
72.134559944922160
72.094189233782828
72.408871645501193
72.411491459237965
72.058150362295194
72.046831017203601
72.093018017277871
72.077374217880532
72.049703684836061
72.093508086422489
72.411786733158081
72.055418721825831
71.957925319433542
71.954300226642545
71.908404966655496
71.861849957813618
72.106562588668737
72.022338762917627
72.022489697726144
72.055253616069507
71.899971464371205
72.096844014569200
72.056453746466957
71.908387407960845
71.934845923398299
72.178167884432980
72.277736518447909
71.886339236807430
71.958860399100999
72.178946676530714
72.170799564020314
72.077387799907427
72.210059308028065
72.204085363913322
72.076043730436325
72.069364647204964
72.060060410919661
72.059086689336823
72.093633474247326
72.089976477208182
72.203415527703243
72.169861414631242
72.062384324537149
72.151714274670852
72.143508268395294
72.151861031235129
72.025681628627950
71.997236821744508
71.880883078000096
72.086705643530607
72.158272580355884
71.973008234801839
72.207998939307629
72.060707193273885
71.944864690282643
71.960733092214014
71.971991093832827
72.018930163153740
72.097879461042766
72.145817839488302
72.083268122672990
72.059890562173152
72.021831661805592
72.027995930749441
71.986562749583484
72.149752718530067
72.115724277423340
72.070282801961255
72.065925843131993
72.024798583602134
71.985601035656316
72.071930740738395
71.989350007550854
72.063660751076767
72.059265612912668
72.035452253948705
72.070991225846299
72.119018222223218
72.078133460901142
71.919894268717329
72.070385284712771
72.013333965941285
72.090345487467417
72.134906900540841
71.926421400099741
71.916279834770577
72.129902261875401
72.105154671993418
72.089219963223655
72.068597065090373
72.442593305758436
72.193854699487446
72.064358154939683
71.894788483519292
72.034640749266316
72.095171137547950
72.091497067281068
72.067803405896910
72.261315882224352
72.236344733129869
72.295050569716395
72.231921093205145
72.350892367518355
72.113069996997382
72.124419452584931
72.086655834744420
72.075971624449608
72.105505842350155
72.114077605595725
72.298696103144863
72.340335213343678
72.206632694327283
72.291820025001797
72.398485360739258
72.345816625789126
72.237459637878985
72.171594423803256
72.245766600082362
74.345102082721596
72.208537500990886
72.231875240589929
71.934511360804564
71.906667818918976
71.933187902230458
71.907904560888397
72.059642690459754
72.104627461427782
72.067248711530596
72.037838140453019
72.051939965964962
72.051155081814500
72.000001322246220
72.078289859388448
72.026540261705804
71.971419324136747
71.993886296335376
72.064164348444351
71.894472896003066
71.896569203545369
72.073473445412105
72.230400085591612
72.282645369176635
72.103224041426273
72.146566529694269
72.148867787816442
72.123458809302448
72.100667815097211
72.430544721140322
72.405110011776912
72.026808939917572
72.075533125284750
72.306563085207401
71.999693485591308
72.075293552866086
72.325729112138845
72.152498813444623
72.185781211362595
72.107602039742872
72.114377266632204
74.330861368732855
74.335221295499110
71.961035072322488
71.961228381408176
72.088850585063142
72.221424158104071
72.375312997512921
72.220111391850509
72.390827509515532
72.327729268118134
72.267381539522262
72.285903041526410
72.271436558325718
72.382066578075410
71.986741838504429
72.061335582094145
72.079832490820934
72.076993701608572
71.934251419679612
72.055497922262148
72.051466284541362
71.975725698236488
72.279656104094286
72.235929768721846
72.381228139902916
72.353958946745877
72.208861790919130
72.270208137311911
72.377829668414577
72.277517151494763
72.218405003837177
72.209219708289908
72.118979190717951
72.270267291991104
72.089592584277995
72.007225878212353
72.065370937277535
72.002414540001112
72.338679452211863
72.098720853017085
72.365342859271422
72.088748707646204
71.930797019995723
72.129185524797961
72.024146745616079
72.066521941639607
71.992934603823898
72.049471952501150
71.886057774473244
72.062544887307169
72.051710593386304
72.042638265373185
72.333585729035363
72.340535594857883
72.349411157127321
72.075526647980212
72.451887678482748
72.298022231209472
72.153387968407742
72.085418103572849
72.016678448400256
71.962808987467511
71.963584507669239
72.000141653320455
72.425682818260228
72.320577142399870
71.923640028193688
72.316246981537205
72.378603875629324
72.137959667943321
72.091322926570029
72.059936607199177
72.097373701490412
72.337913222310661
72.179173943475305
72.362520682556067
72.035274925927240
72.080681634958665
74.427248077123849
74.357676948736312
74.345309454280269
74.301547580849260
72.088644902745557
72.086285054638864
72.046883162692609
72.215359158086514
72.188555337721709
72.072893712507820
72.020814228498367
72.164440226030450
71.997090337315043
71.919370668298939
72.062544611041957
72.156736850115124
72.104329435536243
71.871212506950428
72.009347844267808
72.350579389382702
72.176148415348734
72.058548555702416
71.969763456065266
71.886495205499756
71.908116536119721
71.948462807222356
71.884458442057266
71.997843614091082
71.862099492155082
72.107187828351755
72.149037300251308
72.021594601373280
72.032035584588186
72.043238592927736
72.040956601165377
72.025233693258045
72.034629905576026
72.017896547696438
72.146275742664074
72.070454763325642
72.024395978164137
72.014935271230357
72.013060753156211
72.044788985886782
72.093670837258003
71.997578815221161
72.000270691483919
72.033985310949973
71.928714965441785
71.996289232270286
72.019339623557940
72.006434766991120
72.061889084507243
71.899230333392168
71.960274371751865
71.926142948158613
71.896653878029909
71.987744005397317
72.045113354987521
71.967041839388884
71.999383669194643
72.030644630587815
71.977807319702592
72.005183388756905
72.271253423279731
72.074638227877443
72.339434265510661
71.961287734680539
72.006532724603687
72.065138770923255
72.038307616230753
72.058994874800561
72.027368345552901
71.982590325014414
71.921704239035037
71.924290770967687
72.329938455838771
72.303049585387754
72.130512401375412
72.054671998345469
72.028929896550423
72.293637207863128
72.028457683394748
72.025586661543187
72.009991708345922
71.948545467577702
72.346125383434099
72.067568193672258
72.143434578160097
72.040089123242097
71.997051768150044
72.041962418266792
71.925063982965156
71.917747649330579
71.925491312879117
71.894691356522856
71.962631605186715
72.295968022573277
72.261747900401602
71.862901350555077
72.031291962948373
72.078067361705962
72.051372508896492
71.935348352669394
72.072050904409039
71.995823010770707
