98.685218789299995
98.683967910500002
98.701283415199995
98.728314267299993
98.755706991099999
98.783746305700006
98.731881367599996
98.743129923200001
98.630557878000005
98.651817408499994
98.819501785200003
98.943894984799996
98.782670987800003
98.821606769200002
98.827577646099996
98.784520687500006
98.799086036500000
98.865964563700004
98.828266279600001
98.844962705499995
98.831574029099997
98.633246229199997
98.692270072599996
98.670838173299998
98.817124960000001
98.702992549499996
98.839197193399997
98.824607122100005
98.809453524099993
98.853170844100006
98.869142164199999
98.979413034499999
98.890093212099998
98.914358689899998
98.904628484699998
98.710433508799994
98.976894681600001
98.692871338800003
98.927198508199993
98.684053015000003
98.994694042700004
98.852598440999998
98.939883825099997
98.811683318400000
98.708851612000004
98.949096122000000
98.865150682099994
98.857748601300003
98.998762673599998
98.772641780000001
98.769725246600004
98.797020351499995
98.782873497500006
98.865040604599997
98.866314366599994
98.860564684699995
98.898721597199994
98.859887058799998
98.778914768299998
98.765349943999993
98.999489670399996
98.982088756500005
98.796524492100005
98.979774569100002
98.792148718600004
98.865172247800004
98.815238325799996
98.793999695400004
98.773665129899996
98.999240607499999
98.818909908699993
98.876465462100001
98.793445145999996
98.845638454600007
98.884948816199994
98.958107440299997
99.067242580900000
98.854128868299995
98.865719683300000
98.849035830899993
98.875272543400001
98.854066368900007
99.057713306799997
98.895724966299994
98.879723452700006
98.882537207400006
98.889951409800005
98.953035255600000
99.057674944200002
99.051791129999998
98.971912956099999
99.149759489499999
99.129014962400007
99.165166714199998
98.949797449700000
99.082651523500004
99.031271298799993
99.183455270200000
99.179717570700006
98.977505023899994
98.962964961300003
98.954038619900004
99.197774038600002
98.981369176200005
99.191851372499997
99.195750180299996
99.200542546799994
99.158873867400004
99.196645880000005
99.017441255600005
99.210066991600002
98.987898450200007
99.199157002000007
99.212031429600003
99.146623390200006
99.191663037300003
99.026902617399998
99.177464566200001
99.029859105200003
99.230456548999996
99.209710780300000
99.221062172200007
99.017625223899998
99.010343755999997
99.059511776899996
99.095539403900005
99.076063561200002
99.218137812999998
99.243648156099994
99.206983824100007
99.058017456000002
99.256276440400001
99.190068016200001
99.087662405000003
99.041883397600003
99.079800899999995
99.050679800200001
99.210733771099996
99.211704300799994
99.183514742699998
99.209560212699998
99.210600690800007
99.288690162600005
99.160575233000003
99.268478930499995
99.021884623600002
99.030849568600004
99.179447204300004
99.272834031399995
99.215183036300004
99.235413326300005
99.082256882999999
99.217805482499998
99.082940544400003
99.048357859700005
99.129828137100006
99.266489731199997
99.290524761000000
99.048528453100005
99.171051642600005
99.284829647300000
99.057103500099998
99.230869608000006
99.103776266500006
99.247632899300001
99.281592460799999
99.221331038100004
99.065578851300003
99.114421658699996
99.044539094900003
99.280568019800000
99.283384145599996
99.083201944500004
99.320648126300000
99.307382521700006
99.246657903100001
99.206719992399996
99.309858411099995
99.316631727599997
99.146624077799999
99.305973420499996
99.357318641099994
99.297342055700000
99.132619387199995
99.189609939299999
99.344155622499997
99.321958507500000
99.318685526400003
99.256780948799999
99.209290980899993
99.215195323800003
99.312849408600002
99.340500929699999
99.216739493600002
99.334466570700002
99.308515770000000
99.325678591799999
99.187834976100007
99.127891610600003
99.222437045400000
99.201309863500001
99.134567924799995
99.376630229300005
99.367554621200000
99.353577727100003
99.175150283099995
99.196181354100005
99.184072635199996
99.159314134699997
99.203497544599998
99.192961089400001
99.166372712200001
99.204475998700005
99.308109042500007
99.480042692799998
99.200523624499994
99.268870987499994
99.196360699500005
99.361413614000000
99.216880557400003
99.219053377700007
99.221968313299996
99.271560605900007
99.302466650200003
99.203888034200006
99.209292560600005
99.379213985899995
99.293357367300004
99.205146342600003
99.225376956900007
99.296410360400003
99.274679217499994
99.503058295700001
99.281267437699995
99.378013581900007
99.384216455300006
99.354635334400001
99.358766767600002
99.296281529699996
99.343469503799994
99.314147635799998
99.214735754000003
99.499810694000004
99.518262316399998
99.272081973300004
99.267899420199996
99.287497421300003
99.293421362000004
-35.226891002173190
-35.196707833141666
-35.051383189340847
-34.845554545825138
-35.038972117953954
-35.070832170262229
-34.942418035571343
-34.959719607189548
-35.066207561417080
-35.248255970442187
-35.307069578735756
-35.364794972320674
-35.100395604257649
-35.083365226561781
-35.324569581743361
-35.312422260134738
-35.311819213838262
-35.115006388297743
-35.334898634555849
-35.049424696586975
-35.187739437348789
-35.403376946814880
-35.115850702716124
-35.189151705063885
-35.150650866287414
-35.145906766888892
-35.089048275992518
-35.100240082030773
-35.143046059637427
-35.106862979238350
-35.219415946831873
-35.528038995037527
-35.502069158452656
-35.257073119075130
-35.262817922024922
-35.183854153149170
-35.086187832894211
-35.255763629750582
-35.507534347072387
-35.505709271739704
-35.487111748487145
-35.047418134481191
-34.841621674565005
-35.030168468059003
-35.061514231720295
-34.907714408006292
-34.962508115488916
-34.973930822650686
-34.970930103931103
-34.985919521888526
-35.000448189810456
-35.267963136996443
-35.037281732516661
-35.093535705019747
-34.998338496159192
-35.066410614032449
-35.105813349295580
-35.230823701654117
-35.162990403709770
-35.334224895604606
-35.088847477112559
-35.032488670927805
-35.100948576169642
-35.110038883292759
-35.027030596046579
-35.039408169070704
-34.799560921830036
-35.057599385568565
-35.100655242932518
-35.031102830863908
-35.083463180527758
-35.121903398433773
-35.085335993576130
-35.073853548512965
-35.084759407842213
-35.099601972330966
-35.366103185125951
-35.423822798889681
-35.123681169865982
-35.122806893812900
-35.026743412519679
-35.103174137781686
-34.898098120044203
-35.024627080455183
-34.993836141447623
-35.006466394577558
-35.309986175539265
-35.050548110867176
-35.293297981262626
-35.132146911410629
-35.181070005975265
-35.188638233096391
-35.248518494280219
-34.985618451662191
-34.836749520160254
-34.685229114656174
-35.203276195198939
-35.212070780548991
-35.243120913382462
-35.012442872664607
-35.028836683766720
-34.893291422701679
-34.882112296943390
-34.943891336531600
-34.816216110022552
-34.887620606783173
-35.293599391679557
-34.764559669453277
-35.314345118442461
-35.496355771408034
-35.390299324691973
-34.974769194780173
-35.007805476053434
-34.967390760351044
-35.087379775854941
-35.001539831698274
-35.120041834461666
-35.001074166626871
-35.084412978048924
-35.069996295304072
-35.078717190669714
-35.361129428117223
-35.071926761518917
-35.312602782012668
-35.150836888269218
-35.318022863111345
-34.988988902019344
-34.791683918223669
-34.913245985696456
-34.981935161668012
-34.964742291653991
-34.995993430334373
-35.026345024622159
-34.963283069821799
-35.004058078991569
-35.042077507334611
-35.027521285234911
-35.140608952527217
-35.122129417205841
-35.091703873734289
-34.830019446351621
-34.874292683596821
-34.719116261587949
-34.816116077731728
-34.957640534898388
-34.988415195706800
-35.132394006463642
-35.121431498721009
-35.137509491546879
-34.733022673244889
-35.085265261904190
-35.268958058292505
-35.175376275805149
-35.124864082300569
-35.281835318426999
-34.842446140957264
-34.716459514552831
-35.157386635929520
-35.124981417722132
-35.131610019348621
-35.108117752597011
-34.985950984994247
-35.169699007417044
-35.173733057513552
-35.171250606801038
-32.805521199817640
-35.184512384003497
-35.232597425467560
-35.242483135439315
-35.245480222641824
-35.178946683507831
-35.074595235869268
-35.401554696325448
-34.847938479774882
-34.689274995436470
-34.844479359292755
-35.133686588583572
-35.224028325464417
-34.795416465308023
-34.790625994467710
-34.852401666762034
-35.069383524900985
-35.113833280548270
-34.850214728420603
-34.914771174619801
-35.262541743745281
-34.989712022390279
-35.204219246610570
-35.275400176436840
-34.961874554085064
-35.104725936865314
-35.221412210674146
-35.349909060953628
-35.447920526141310
-34.977645044717605
-35.155334382832791
-34.979424193383394
-34.996873618001381
-34.974343441994058
-34.740464000169901
-34.721042512247152
-35.072136045579299
-35.044353786015321
-35.021643259234416
-34.963415376203820
-35.094635784008723
-34.770281191138118
-35.147756326881755
-35.042947600327267
-35.050760449511934
-35.181898236917675
-35.031936182034855
-34.977228829520143
-35.086624251278465
-35.048346834518547
-35.114103849385529
-34.969482195354871
-35.024422584476547
-35.090022916411975
-35.076677985195218
-35.033185278533196
-34.976983173245188
-35.020059061478825
-34.963870983096683
-35.032172987679608
-35.041297877818309
-35.037079612001122
-34.952617706057914
-34.764692738013835
-34.935105669310715
-34.966368370744760
-34.931257388316105
-35.190940479786640
-34.805704435468812
-34.893924355458957
-35.051921577271507
-34.902364839269104
-35.000982763637182
-35.020675353014376
-34.959683623309658
-35.019193101110893
-35.033014754079680
-35.048611191225412
-35.090146742798623
-35.045165913346125
-35.084809854313555
-35.102055379709753
-35.004269553888314
-34.954651265285392
-35.048942524336255
-35.060316586631508
-35.099446231741318
-35.060295884436911
-34.791977979216391
-34.821505441210185
-34.888620600731912
-34.868021452248904
-34.854960715773593
-34.818072302590622
-34.885736376787321
-34.750920968731705
-34.969426827559104
-35.252324073254805
-34.991661184532155
-34.907164617155473
-34.871191550238301
-34.841341381078884
-34.958641224675574
-34.834294388304748
-34.838788623703593
-35.218886836306076
-35.191551972501863
-35.325698768148548
-34.950209827035330
-35.047860295647560
-35.192395787492636
-35.153203667727276
-35.101474853061411
-35.285117332578899
-35.165642656739415
-35.193942129660101
-34.955935291398347
-34.972584457919787
-35.073850643497579
-35.089150878722634
-34.821621438270739
-34.847931552087218
-35.193664711163777
-35.084659072983548
-35.080698687871113
-35.089451912307993
-35.088923650743432
-35.137945473312286
-35.097217846130469
-35.260333903942218
-35.344298783048274
-35.311324286766038
-35.095187832730872
-34.945792625565808
-35.043002397032659
-34.946666513122175
-35.104597788039548
-35.201034307496819
-34.777236946161118
-35.056395150100698
-34.810983869240090
-34.741106540672462
-34.901210373723117
-34.933491522965092
-34.875685083766605
-35.241072538182948
-35.242090414857266
-35.203154928374829
-35.157757265462713
-35.108767797004745
-35.252256946864676
-35.299101744213168
-35.162476182077548
-35.070621366627293
-35.090973233807084
-35.075718446520334
-34.925771358152183
-35.046856850083259
-34.948652558716901
-35.062273962154848
-35.035800970897547
-35.067672213195742
-35.161151711644244
-35.182779001152326
-34.955589046965130
-35.046220097125307
-35.253210155156381
-35.360493303968795
-35.108469842018842
-34.783071508667362
-34.809139005021322
-35.206796219921259
-35.215671964853975
-35.279141515702506
-35.458372368279193
-35.447003501082030
-35.249479393172038
-35.178780159990964
-34.891839708335624
-34.809258416418359
-34.824515964788574
-35.270290011385335
-35.208436638664651
-35.268797594149781
-35.258888836596668
-35.288367820662394
-35.241007726911270
-34.925489624028771
-35.014141835755133
-35.431719563689967
-35.221483145353524
-35.027009009038437
-35.066412984339891
-34.974299367193673
-34.919918970092667
-35.079622654746395
-35.056802137271127
-35.108708799619713
-35.019787007909123
-35.014981304145934
-34.917787151100555
-34.979153253204494
-35.126934407560192
-34.639710791610554
-34.782761211410488
-34.835082634214928
-34.870235996135939
-34.887726000164015
-34.921130956462022
-34.805365885255767
-34.574909331455437
-34.887081705591214
-34.921552116764900
-34.808656508569797
-34.985939439345536
-34.949005130389139
-35.018597251467142
-35.009527394700228
-35.211912769989098
-35.015032086688400
-34.974433045186764
-34.877810479146873
-34.909571251745255
-34.877819520760404
-34.927635481804380
-35.018249980833048
-34.980639279335648
-34.963572926634299
-34.909038397661867
-35.111825279323597
-35.115548352893242
-35.086019434385257
-34.968987814154154
-34.931035102819777
-34.881038376015788
-34.912042969299918
-34.857989738642736
-34.905765623405884
-34.944873974098350
-34.984489495385169
-35.162605898132881
-35.186937356576315
-35.184630685694835
-35.200506105671437
-35.294803810177619
-35.254317380374225
-34.892812595158688
-35.006340717326175
-34.904440425551400
-34.909211771932021
-34.994380038958411
-34.942235494649999
-34.981676750344775
-35.018680410594186
-34.990590374207372
-34.811922938998443
-34.862093525984250
-34.893442510243617
-34.878992400962645
-34.975861274053187
-35.035380428985853
-34.918623072692689
-35.032356561419498
-35.047411950456194
-35.032075029841906
-35.047715385319457
-35.009472006592169
-34.968717685728457
-35.015012739161691
-35.014676836477221
-34.847069239497365
-34.895736416380181
-34.859619397270336
-34.891392908089237
-35.019640780073367
-34.982329877164197
-34.942431109358331
-34.899611606478288
-34.851435348425703
-34.862216088599176
-34.891156036680961
-34.866613621737628
-34.828393243249756
-35.065273076850666
-35.004396700708618
-34.950898885834746
-34.960482555094480
-34.949238179904768
-34.950767540253942
-35.173505017003272
-34.942329859753436
-34.981395127449424
-34.845384440144962
-34.868467806968717
-34.893152655176848
-34.971828729468697
-34.932264550277687
-34.978766831225833
-34.994291511133966
-35.026083282058458
-35.260294053383717
-35.220243483574137
-34.949328449656754
-35.178024370231469
-34.817798167730537
-34.916392384186068
-34.849961923057300
-34.899410069128159
-35.264565717729923
-35.224626284358493
-34.580876268218404
-34.707782569685065
-34.794407239346697
-34.853212004746709
-34.594424417456793
-34.691316853252964
-34.658173663058705
-34.827333945121730
-34.810453106887778
-34.972117629953580
-34.830593691153460
-34.923710682572498
-34.861213726793387
-35.005715417759923
-34.954096577189667
-34.836517456136484
-34.612773151808540
-34.819626417883875
-34.850938686546414
-35.098230324359783
-34.852975063792179
-34.710969457819488
-34.760483244068958
-34.799895307060439
-34.838093940918540
-34.931580728267711
-35.189197608475041
-34.901265945556837
-34.947067636788645
-34.932922804719119
-34.946838216588574
-34.724613710999670
-34.676553565989927
-34.752323169652740
-35.165604508283337
-35.135032058994881
-35.197458418097192
-34.857116598011878
-34.199821055657715
-34.994914985283927
-34.939475926242885
-34.216031321448753
-34.267393226512226
-35.053973626779744
-35.123983821479705
-33.994614996517264
-34.674586609802901
-34.701989992757674
-33.916914704223828
-33.985136886584655
-34.775095597123972
-34.647208001570782
-34.700216184678411
-34.568597230835920
-34.661047178140159
-34.566608573112021
-34.792528489451499
-34.803422456848622
-34.833454759610760
-34.651270639201897
-34.968997250991833
-34.996457830796217
-34.982459644450287
-34.972813857138448
-34.981680565939619
-34.848374806588389
-34.887873344091453
-34.749623428470294
-34.799914381053725
-34.927030865391004
-34.966980550214650
-34.818369027724557
-34.832946381931805
-34.801165242079641
-34.832397048185193
-34.878003151368816
-34.894178087670518
-34.981300642245031
-34.879681007368013
-34.972787537699439
-34.929947526049041
-34.750898719372799
-34.774412223337059
-34.741978502452199
-34.833219713153042
-34.304237460553956
-34.904882843891230
-34.935414619111157
-34.838182244086376
-34.762057002626385
-34.691950528655731
-34.812692176671391
-34.893542135922942
-34.688851947816659
-34.710011838099177
-34.754997206644916
-34.739446013027155
-34.706582859476349
-35.108641929724627
-35.006038462338381
-35.037581798480545
-34.876307207816268
-34.934916291368943
-34.750089873487099
-34.679176777414789
-34.908456778306871
-34.508135747620365
-35.281227822240233
-34.334684143409525
-34.791091429678985
-34.930005259219982
-34.833734462982797
-34.951775823049587
-35.092481114118705
-34.973887517856888
-34.256603094219237
-34.762506921965524
-34.743375943819530
-34.773922194542500
-34.729302791025887
-34.825341396609275
-34.861065011831080
-34.900952845356663
-34.949245742524461
-34.799242828455753
-34.829104948538159
-34.788223321808793
-34.886310586544489
-35.182360183884171
-35.178237344667217
-34.823685764584148
-34.873154738313858
-34.828699174386472
-34.841303912977729
-34.867332762412843
-35.262955122485053
-34.861003177588898
-34.807758475700680
-34.822933092167403
-34.793669722672867
-34.824884142502405
-34.883119752594503
-35.078285475113525
-34.835041152209072
-34.829026359107786
-34.797308792201527
-34.828545232638426
-34.811342066926393
-34.849361048606063
-35.144009733454553
-35.145989659965032
-35.121129389664695
-35.127331820968330
-35.261576223487573
-35.190103407342860
-34.997841335988447
-35.258896331906264
-35.348499101339058
-34.804259718791066
-34.901922246205899
-35.036743552080573
-34.957249323327154
-34.998159101211726
-34.914595713884459
-34.866358650938359
-34.907788851075743
-34.919277181230235
-34.899572455675852
-34.801779939234727
-34.992124036788255
-35.063472965646611
-32.744819195562933
-34.955552431205042
-34.948254785870866
-34.991425579621300
-34.953256970430651
-33.933106771253577
-33.884611442453426
-33.869947306315474
-33.868990478228511
-34.160394365022903
-34.149885490413460
-33.099146452786002
-33.097765701336087
-34.806458873789140
-34.234851227087674
-34.170974239164806
-33.388500957123249
-33.655049277415699
-33.357381635078369
-34.816767092864204
-33.706271909489679
-34.686546521049593
-33.930952135927683
-34.264471244633064
-34.985194887320084
-34.171030406099902
-34.516229410870665
-34.465673107720839
-34.802065356881052
-34.706747280716364
-34.726049101908380
-34.755389889857987
-34.336864838289891
-34.548791559831614
-34.538883492819778
-34.334510942429276
-35.074492216893965
-35.135953216522950
-34.694098124055010
-34.213084605365900
-34.546920952078494
-34.738078222270744
-34.364553419565858
-34.153038744257863
-34.394291911686452
-35.195238004638533
-34.867378703096776
-35.159521376903726
-34.767505379866094
-34.798340123314752
-34.786022357879510
-34.823739895479839
-34.881753297543590
-34.885487119755652
-34.861931840639009
-34.864752042675136
-34.841685658936925
-34.785219658166056
-34.823121492199647
-34.766681730498341
-34.797517157337680
-34.856031339174656
-34.317119869418924
-34.413702518728883
-34.683447617820605
-34.741411417141599
-34.760934028036779
-34.810734488810041
-34.834517564910762
-34.522076789184389
-34.821165376949217
-34.800195500310913
-34.347287234277523
-34.441868385699081
-34.424433290090313
-34.491012272623692
-34.437369452906118
-34.422472517989704
-34.453494740603951
-34.427773872662826
-34.858123809520201
-34.896884345143768
-34.443730195807071
-34.410913552368228
-34.880919236704820
-34.910729947810268
-34.942678629150763
-34.929479942165045
-35.159056517995324
-34.869813838105692
-34.909437701109525
-34.771879843146785
-34.795549063889069
-34.820436477881749
-35.251033120274705
-35.296466454482953
-34.958489625076076
-35.190369527215474
-35.230305606738852
-35.216174160072761
-35.255087162963179
-35.265012020157997
-34.708480393766315
-34.787530737569654
-34.978934663915709
-34.930637468965273
-34.979168516654340
-34.859038484763254
-35.040396646862462
-35.024745270860002
-35.063929425479571
-35.017638300578767
-34.807292953947318
-34.819496462827061
-35.123164289814113
-34.942396665557617
-34.788331032518421
-34.615629553997529
-34.844143512532924
-34.786703276091380
-34.783572169761186
-34.835348229421662
-34.525571091981540
-35.070079503237061
-35.018431233990370
-34.662189416821221
-34.897594592222767
-35.006990051048149
-34.846880658892495
-34.761785013548426
-34.811789956332682
-34.699945485669240
-34.305940585301123
-35.065166740026193
-34.788225179141932
-34.243250073505131
-34.788048601289795
-34.739793546254170
-34.779376362514164
-34.838619143336743
-34.925862753810620
-34.886440755627518
-35.146298164512885
-35.088445860888790
-34.905069999840933
-35.019497397042890
-34.781071567245334
-34.722921834456322
-34.939673804468796
-34.855183603063644
-34.793596564845551
-34.885558998826376
-34.935314162941594
-34.995115305294789
-34.823975609839543
-34.883682953755837
-35.217083911650654
-34.974769242477571
-35.071636683941108
-34.990866479181300
-35.021740355471437
-34.964871987226836
-35.202697593010654
-34.810589277914062
-34.849520442966430
-34.738461320587319
-34.769018640597750
-34.739183062422484
-34.786556185400926
-34.825392812304678
-34.863006375563224
-34.868592352788397
-34.785073542353366
-35.212460415197945
-34.767837770719161
-34.776340219847441
-34.769038983622103
-34.808435812359441
-35.074867789472869
-35.145793647968588
-34.704379148321578
-34.716371329293224
-34.802997341104707
-34.975716184988528
-34.936109680065684
-34.971232226576618
-34.748033397228191
-34.852377592984517
-34.899073334857420
-35.120555065705553
-34.715165956403361
-34.744868905424433
-34.733720636309521
-34.781063882513678
-34.819884912302790
-34.763057337219855
-34.725448807629313
-34.768632999761927
-34.710474442635899
-34.525996264971106
-34.827880722285222
-34.792833951940729
-34.807613524052428
-34.793399498436457
-34.495685284215199
-35.201619555106042
-34.747390410999685
-34.817302469719621
-34.830814957810148
-34.853371209827550
-34.884732826769877
-34.858696687238812
-34.853672846522883
-34.815425710416946
-35.239382625269656
-34.976495215400071
-34.876985558279031
-34.836556894974471
-34.789170581751243
-34.691378700477763
-34.717337616241736
-34.881881688779508
-34.920035777626538
-34.884175969693857
-34.659299716577372
-34.680522432342435
-34.705996196451430
-34.836633521727165
-34.794428760438457
-34.846899201025451
-34.708955140934087
-34.754868943482620
-34.945949423414660
-34.907443339341718
-34.678265533612610
-34.713841903781386
-34.777088429904815
-34.825301549700910
-34.864783440853522
-34.930176260802817
-34.907920044027229
-35.191240430925049
-35.278122293596006
-35.384155457568760
-35.114293373412458
-35.067944549415337
-34.573343416322942
-34.628385308062043
-34.985086832634849
-35.011754252954283
-35.017443253462169
-35.109961130790488
-34.706438979282055
-35.303477174017431
-35.350907532085110
-35.063706635321289
-35.137429935028287
-34.971197944547896
-35.135281362853675
-35.268944576421539
-35.343799585563211
-34.838974828857872
-34.644647724592652
-34.742547211344331
-34.670433692371560
-34.699329451332282
-34.829556655301346
-34.789947923916557
-34.924052337661855
-35.378519893111971
-35.190903460221790
-34.899152228069077
-34.876211346077753
-34.622810737154389
-34.714334092023279
-34.702756839981333
-35.317707866939742
-34.714124388165509
-34.958289198764568
-34.697661414338199
-34.741417324717673
-34.717523835900188
-34.856661665245625
-35.089091127457237
-35.247776425617005
-34.571720210920759
-34.695383224235819
-34.853458555603581
-35.075117599976132
-35.103786828880153
-34.685752431708465
-34.658898201923733
-34.989950449677913
-34.913065587262118
-34.925306312832880
-35.017413770776365
-35.101786174566428
-35.424092802426230
-35.447118812919726
-35.123408576634056
-35.361888503420573
-35.359492409591219
-35.018557743221507
-35.046104687034237
-35.511311995953278
-35.367413631475202
-35.541078498425769
-34.823086701761909
-34.799441686734866
-34.654159115599434
-34.680053973716944
-34.752091540035558
-34.929038776610923
-34.608667498097638
-34.623116182945942
-34.673377145144350
-34.821095451301204
-34.798440583717763
-34.645012251543605
-34.671229430527760
-34.718953952351953
-34.761276627497317
-34.744057111147228
-34.761129432358196
-34.698939448532514
-34.647243038912983
-34.707672918342588
-34.740179266000155
-35.166898312199507
-34.705080966274870
-34.719855664551780
-35.096125079057309
-35.151450095774280
-35.099577019383588
-34.668535860759746
-34.695148033829433
-34.644588411133675
-34.703943540108483
-34.708600721398099
-34.116581946427218
-34.468200070135481
-34.462393245238310
-34.273237931271652
-34.302086474747064
-34.758902094019540
-34.821685834243446
-34.866377927018313
-34.420710249862211
-34.320798166529045
-34.749539656763098
-34.653232441475339
-34.014330763696790
-34.308693717638427
-34.536089783193049
-34.970216458348951
-33.727131382694928
-34.875621307706936
-34.317061307796017
-34.523140655520329
-34.865553450915307
-34.490302383078223
-34.307903059172574
-34.781095590206675
-33.760126820804373
-33.663450904334098
-34.031389935675350
-34.636839127555497
-34.011118018050752
-33.296871589729939
-33.258829974463239
-33.789360452953389
-33.800845852360787
-33.818936027084291
-33.757876686466609
-33.894255596034952
-34.262540547444445
-34.663330646964816
-34.570230504246680
-33.811580119692181
-33.820731266081772
-33.796066095266468
-34.276873066958728
-34.556819084328964
-34.552443205813489
-34.508571980498388
-34.589380483231636
-34.619576381085679
-33.690054715012877
-33.333307912099251
-33.862243539782149
-33.331887014968707
-34.434284850450219
-34.732061670780290
-34.450753889696323
-34.374413509586240
-34.435292135897612
-32.930464373157157
-35.100454515484657
-34.538741774529264
-34.467875896282017
-34.634488036972492
-33.502982685958230
-33.526544256128872
-34.482684200891526
-34.728362408122806
-34.689074803881574
-34.604178316373577
-34.590949809486133
-34.650817218188976
-34.659928012033987
-34.691712096215653
-34.999256375583066
-34.608822836960826
-34.659310181884017
-34.562657434226303
-34.548265544993036
-35.036795909362105
-35.032217660608808
-34.497777054619704
-34.839120751368498
-34.888760853347726
-34.474023396499874
-34.539718999376035
-34.570498133772531
-34.604766815640360
-34.968938370643016
-34.565452866804783
-34.535706148078233
-34.471328304340133
-35.014216475640410
-35.058535256647666
-35.007554765187521
-34.600998802008057
-34.606336628300518
-34.566771902123556
-34.520393532717748
-34.641475547127747
-34.672515706291840
-34.926675320404456
-34.851283341635842
-34.709033173580949
-34.677752306227887
-34.462414921855661
-34.437284564413453
-34.645356643515541
-34.555473746616627
-34.467518372419860
-34.805132429274821
-34.681894440474991
-35.134320393575805
-34.805463401038111
-35.174867885331118
-34.799473215677146
-35.104244564452685
-34.946428607556584
-34.921168890253604
-34.836989975362485
-34.863461081715805
-34.574046349936651
-34.587686598357521
-34.966910981386164
-34.465128264781100
-34.558251745313818
-34.540553081586623
-34.572233095669915
-34.581322400976198
-34.555977264327957
-35.186309901204325
-35.221587656678338
-35.235527346344561
-35.165883427664291
-35.233545978246660
-35.275038056927038
-34.942750387860471
-34.554826813459982
-32.883947623106536
-34.843663248182125
-34.453617879439719
-35.334576926503814
-35.293331716299988
-35.168491366673479
-35.051472176282338
-35.029634511516178
-35.034806746346256
-34.596872917667270
-34.643324126899692
-34.546593170536610
-34.608566831514359
-34.639336634081687
-34.613293057848033
-34.565282952863534
-34.604903109248880
-34.984109430546425
-35.122655380905222
-34.951942323330925
-34.940347135443361
-34.552379391375766
-34.456553213395289
-35.057112558473655
-34.948042895499107
-34.992064402752099
-34.881252844192304
-34.884142523004378
-35.044535459585610
-34.779967131350553
-34.788385542123187
-34.718757454179034
-35.000894511087900
-34.998758366978407
-34.444822978306661
-34.922495674810044
-34.908396371774749
-34.401137789284824
-34.714322505883906
-35.058065758154157
-34.632848086187757
-35.056018031866508
-35.238650811415489
-35.168083744140120
-34.946560183192467
-35.295414562418706
-34.520068938225670
-34.551878489666358
-34.546776562270317
-34.562829573071376
-34.579865464613697
-35.298872133860385
-35.285913871185606
-35.082279634461500
-34.486673906937739
-35.303259908515955
-35.251711921116510
-35.152972785693755
-34.567819340906887
-34.509488297254379
-34.558480615770144
-34.539916930380699
-34.445322202810544
-34.569538143072776
-34.533006735444800
-34.494305046835336
-34.261828818905521
-34.276842182923524
-34.339488997603112
-34.330313671155864
-34.382973905479858
-34.435766752403119
-34.098094714411786
-34.625888696309552
-34.469393600758053
-34.397221378198608
-34.871255155992834
-34.869932937188537
-34.513944192133067
-34.539178261882327
-34.506917813502618
-34.151326767872071
-34.624656890956182
-34.844458572918072
-35.138286478743417
-35.245276440295413
-35.048496406913898
-34.536628853212491
-34.193927602975833
-34.736398170075589
-34.896697142527536
-34.672540766020134
-34.643690881879280
-34.161059476209367
-34.860624842505757
-34.557517030190972
-34.897828660953522
-34.982472729304384
-35.364738803171349
-35.298317340292677
-34.941984273786979
-35.166330150511229
-35.375739033259279
-35.327177428683861
-35.276678935665998
-35.225472366083586
-34.992784496613091
-35.057660903605090
-34.924589212780610
-34.940040062700625
-34.658706613867423
-34.434336020851816
-35.130263098335007
-35.282639222960881
-34.715893811390096
-34.679358152608749
-34.674604912699330
-34.669353650184625
-35.062002251572210
-35.182940007885193
-35.044517222476927
-35.084580913109477
-34.412408446131245
-34.757664427099797
-34.642710512753297
-35.196361386002394
-34.895441387791607
-34.952340590844280
-34.615862151756389
-34.623676772385807
-34.673942997349300
-34.591684518610244
-34.241029060809758
-34.535203652894992
-34.559955633352786
-32.457982604545151
-34.575062785506148
-34.747638688065884
-35.140074514711593
-34.582745174106890
-34.567546290895770
-33.889635865810682
-33.882341883953984
-34.663874250715857
-33.905130546076258
-34.670984732646012
-34.708095203113061
-34.726624998493605
-34.868842565538365
-34.873127786649498
-34.652217664956545
-34.638065969381259
-35.026591542729555
-34.928282568547566
-35.050073945453036
-34.714456282558885
-34.479289108632116
-34.525773703368785
-34.850747593843245
-34.449001943149284
-34.235345703320149
-34.617676624641483
-35.032170234810792
-34.853150829495206
-34.550875008926340
-34.236384503314653
-34.534018982843094
-34.540105740920851
-34.503637564806198
-34.618700832626089
-34.715493945525033
-34.756137650715331
-34.887118007010606
-35.273132400171519
-35.348225538194612
-34.979708233530047
-35.007108192448584
-34.535508940226947
-34.610921026092917
-34.944361661742796
-34.670578905230727
-34.922882064684245
-34.880053889414974
-34.530459950652421
-34.952369466867530
-34.916851652937311
-34.915102471823374
-34.924242453127846
-34.505193815218149
-34.675146334353478
-34.644881983667801
-34.836004858505497
-35.139417264825234
-34.412759693948139
-34.615777811830817
-34.744890360864389
-33.866817653177989
-33.830039765604631
-34.572488341791299
-34.450411123755707
-34.073501602859025
-34.753048164810167
-34.098096035437742
-34.280218996408486
-34.527443537644082
-34.193235978750714
-33.910722751239327
-33.874884005680222
-35.068325036824376
-34.561834948992846
-34.527934619110482
-33.880951726736647
-34.445593245389745
-34.030338793952133
-34.420696848773034
-34.452325069141828
-34.878229079196885
-34.808643121626162
-34.525317821648905
-34.492034301733142
-34.222715318838887
-34.349436380327660
-34.218243946361454
-34.448404774878526
-34.145158278253767
-32.096656413241391
-34.181930664354390
-34.366607990908626
-34.016756530395291
-34.204194167092822
-34.584207297168035
-34.901246326626939
-35.136053606618532
-34.399128666059340
-34.528256601239086
-34.582908398277660
-34.555785161544968
-34.564980262221148
-34.524121678410808
-35.080064721018466
-35.041809512623097
-35.394804136023552
-35.380302892758195
-34.708120092623794
-34.611520069764453
-34.806370550144251
-34.967563746959854
-34.451768730611462
-34.376979147142002
-35.305421848289583
-34.316046354715546
-34.219321975478472
-34.995148623781951
-34.378379380576170
-34.342205329235007
-34.346557431400761
-34.734227897823473
-34.487251641474892
-34.521142876273650
-34.394614299401979
-35.320369268440523
-34.963104711523783
-34.845537372834215
-34.794080077714540
-34.185331772825371
-34.403908556624174
-34.295648227277496
-34.400659290119364
-35.008015622987081
-34.737019282938512
-35.143924507086659
-34.527434250022445
-34.842828874107262
-34.643145019659443
-35.077871692955483
-34.522647870982730
-34.541910849890250
-34.862411006776675
-34.732597980763963
-34.728983151839110
-34.689019241461224
-34.848146550200362
-34.757596302346528
-34.794377311648347
-34.373605708257486
-34.438559705460420
-34.017402309943691
-33.993249263870624
-33.997256090117041
-34.049503421437763
-34.567825362378436
-34.620991986562935
-34.487305522177301
-34.504464877608520
-34.422181823555775
-33.945058670912864
-34.080213101239188
-34.124796272219101
-34.167732767874917
-34.155342980242416
-34.111966914376936
-34.099680143815824
-34.658027571749095
-34.535528168179752
-35.209868298968281
-35.246965281200225
-34.278560133136807
-34.265094144191750
-34.302033112118849
-34.371426906049628
-34.542971740909294
-34.976244955015105
-35.004871522684162
-34.837142922327004
-34.254701480804847
-34.909106148821962
-35.198259047468689
-34.511507373944490
-34.324109515060051
-34.184448844229344
-34.806249654233035
-35.279895916493871
-35.139852420392359
-34.266720210435430
-34.359807787811114
-34.269481924561333
-34.507152753354973
-34.854342134581842
-35.041368900363281
-34.576846374596393
-34.542152885772509
-34.498651261372494
-34.304691928969902
-34.362401550366314
-34.397761377151255
-35.251238199891517
-35.308234474214750
-34.928507333374114
-34.470079165192459
-34.330043035044376
-34.504148515966996
-34.671067426701228
-34.927414909504684
-34.861752284365387
-34.926995485668670
-34.626624592863898
-34.176917227764967
-34.111361909218523
-34.171538465062824
-34.252589277967019
-34.446021987516453
-34.343320883777366
-34.935441044611920
-34.919648227640735
-34.921231263094526
-34.947008110925964
-34.401163972640475
-34.410168377234129
-35.012273553980066
-35.012788120608860
-35.061265246068253
-34.900556593381651
-34.933060929074578
-34.485443225914715
-34.501929455402760
-34.437155787377314
-35.299280208956631
-35.295250292776323
-34.500027956581050
-34.473637658181126
-34.882331491993213
-34.853892859971879
-35.328300703477566
-34.964930179456971
-34.946204893726701
-35.003155256816740
-34.978708058237636
-35.038174571556844
-35.012880691172242
-35.218062271477592
-35.268758844421335
-34.479068213405618
-34.818581417892446
-34.496240127562764
-34.778824778637663
-35.234509034123477
-34.798913430029422
-34.860811832531908
-34.863823958437393
-35.172845858600716
-34.792794958331044
-34.851232208616572
-34.862505819580306
-34.865692677640773
-35.049245827434859
-35.185866724053419
-34.811040717994686
-34.854329719930277
-34.764634827028509
-34.490507778284467
-34.453776506688357
-34.517903550756088
-34.503405145977204
-34.669683471221695
-34.428742929085011
-34.498447271530203
-34.330117498722245
-34.205757700710592
-34.272447642561133
-34.109988691891047
-34.173796073871308
-34.562048307540842
-34.533790238911422
-34.518455422588168
-34.445048790984437
-34.133742149882167
-34.533662223768360
-34.214068901000466
-34.185871627142809
-34.165246378877633
-34.753999995096791
-34.649500130754873
-34.489915699661275
-34.877725509403867
-34.803846071126351
-34.825754901786631
-35.093318469980538
-34.914327216043390
-34.859183740141788
-34.752929368521158
-34.827903021249433
-34.817764637491848
-35.293846824707586
-35.223072924713307
-34.533827263154009
-34.630927314302916
-34.438038596649953
-34.486122601768272
-34.471327474625667
-34.779862660389718
-34.843507749820823
-35.215500421348928
-34.601604268890988
-34.990312240686301
-34.706152422711106
-34.708707394660621
-34.698528790289885
-34.666725217894687
-34.574895855893246
-35.264640784070082
-34.535144572951218
-35.260568287853090
-34.599756359909847
-34.594730009055020
-34.484435419476966
-34.604373185207727
-34.396622091776173
-34.516133064516090
-34.564912190465755
-34.549927183743371
-33.494600515151625
-33.103456908396609
-34.533590186623066
-34.598705521300417
-34.596209408256776
-34.076616974783796
-33.482596388684570
-33.537828805404551
-34.492650791291027
-33.872483416098525
-34.518558023829193
-33.158919948243543
-34.147514396738778
-34.755900496266278
-34.772018366068679
-33.723179193523357
-33.822737595641769
-34.133812767427948
-33.711501612195534
-33.672431745826422
-34.914077565590532
-34.480954571485526
-33.685758183208627
-34.205894034869630
-34.648052228660895
-33.654880299463706
-34.986835937880954
-32.643388942926784
-34.230152742418056
-33.709715975264409
-33.665184137709581
-34.613331058651220
-34.659764671408709
-35.298772074382263
-34.436627842080220
-34.917120607813850
-33.997622945068883
-35.346336988668924
-35.368431798004977
-35.194423566660092
-35.189953771959978
-34.885275788619474
-35.271171903655031
-34.307587741457553
-34.473488525641834
-34.163103062175878
-35.301117004440229
-35.298337946549303
-35.232558436212919
-35.370243878854623
-35.415428489605219
-35.191657906183018
-35.260068900869427
-34.420920692518358
-34.386940160512701
-34.593472264972789
-34.472106910945236
-34.221861245717349
-34.290957688140942
-34.835770664612021
-35.091551677532010
-35.412379558240943
-35.206187728321567
-35.312568777884586
-35.357899088849855
-35.070858959522994
-35.057312137763212
-34.871295457061393
-34.933867059319297
-35.012473813665068
-35.041867960688357
-35.065903583194213
-35.407862162004641
-34.810704034691483
-34.805857395903885
-34.494226054656600
-34.559409705785512
-34.276035442981048
-34.229556531359357
-34.531060942392308
-34.468897834381472
-34.576867321294188
-34.288482374537857
-34.463216919264553
-34.721433494214828
-34.409337159994465
-34.475496174986013
-34.731049873279012
-34.776196719273862
-34.775613793784110
-34.377906838670384
-34.755792305011013
-34.520364069537344
-34.574848411502863
-34.693710818700353
-34.647263575150085
-34.556450713575671
-34.338028214420937
-34.608950197196720
-34.665982500271511
-34.562591652792939
-34.455861628110235
-34.747618711753262
-34.568234717693926
-34.471866000959125
-34.363765927402305
-34.533701553894993
-34.477725913605639
-34.599318827300898
-34.337280901668336
-34.446250252410373
-34.494507704130633
-34.482263313483834
-34.828685738742848
-34.329711255559161
-35.138497843411010
-35.224396753220773
-34.845541089308931
-34.867842156543645
-35.199261221313961
-35.202885622715037
-34.841332386588775
-34.457614646961339
-34.807073924926911
-34.833785583017345
-34.424566794426980
-34.028386564796328
-34.234059420127480
-34.249160689245009
-34.265885939977245
-34.459747201325555
-34.169893395360859
-34.521249548164654
-34.701268726929413
-34.596384866650439
-34.174181638032685
-34.776159634825142
-34.412359703932630
-34.360137565739343
-33.963626307744136
-34.381677889259038
-34.443696157142995
-34.446446771300494
-34.462667428710340
-34.134405871725050
-34.221162689366714
-34.025357492007352
-34.049927243490771
-34.093628885451864
-34.067870153373313
-34.583749688835184
-35.034309570414763
-34.122075445470394
-34.079099039900917
-34.777519540459672
-34.875346858164512
-34.651435485300269
-34.255018468910649
-34.504400156879647
-34.477473818894985
-34.660730102289492
-34.399136700825366
-34.463971910021975
-34.474309525677860
-34.505986810596063
-34.521203777420382
-34.805319213443752
-34.590269718384867
-34.698794892523622
-34.653972307624485
-34.487689529622521
-34.526550155121761
-34.442391788853584
-34.869675212544124
-34.880519821156881
-34.934740459092069
-34.406609662268913
-34.410128708741695
-34.314594845986264
-34.558101251604533
-35.020029366045890
-34.674258699256136
-34.164129940735641
-34.748275388239882
-34.203832293060401
-33.935047825104206
-34.629772333375882
-34.576391569418270
-34.217820049870618
-34.270662587331174
-35.004932235008177
-35.066096611584136
-34.446918621619915
-34.479345942849008
-34.167240627490166
-34.462614115863218
-34.641291625301527
-34.637104290736922
-34.592824408144082
-33.846787498997244
-34.367260034995951
-34.283030134991243
-34.319978760601330
-34.129804677556947
-34.133197305375305
-34.227250247164733
-34.380328510778405
-34.277566966702281
-34.209323758460400
-34.346566738752621
-33.931580897779739
-34.159146857130587
-34.714287419504288
-34.876482389615830
-34.512014572699123
-34.346353833917185
-34.663420530857699
-34.480734193104063
-34.448018472085195
-34.476745603321831
-33.999779950288136
-34.237773111430272
-34.247363519376492
-34.238082504830501
-34.111435290606039
-34.664650577219639
-34.414932151237970
-34.440954161294378
-34.189366997731476
-34.257552421553811
-34.227705281117935
-34.777802693082364
-34.827507553816197
-34.722119616001216
-35.232335106862259
-34.645386654119378
-34.743820787256041
-35.262755902026178
-34.797657804067157
-35.222467102850530
-35.280162844454715
-34.222521649512707
-34.155193930357790
-34.588791548881623
-34.298741982525584
-34.428327508182093
-35.014132295370061
-35.355537843031726
-35.090867151367789
-34.714959910483955
-34.430749411885877
-34.357569922617053
-34.395982706071536
-34.419476867800874
-35.213994241967100
-35.292536783991359
-35.294379657389598
-35.326326490325179
-34.441863037585350
-34.276040924665203
-34.202117823574206
-34.214036297620979
-34.789381479608508
-35.185351229152985
-34.682454221475815
-34.637588324086110
-34.831002497377810
-34.128479971880552
-34.108923366492917
-34.068593643354262
-34.112499537359099
-33.855622663667418
-34.142930428325712
-34.113683691559423
-34.658325941780191
-34.436484660823552
-33.882840585921983
-34.571796033227038
-34.123448350197158
-34.746301765496987
-35.171276160938547
-35.254410263447056
-35.303128472458589
-34.795111064155464
-34.811204076899884
-34.406296199639272
-34.945287536648962
-35.249911500919026
-35.245891311665332
-34.982011517416559
-34.991550627802752
-34.695249951925106
-34.709184747934444
-34.440289405571249
-34.477929092660396
-34.873755111062088
-35.035290173850015
-35.039570730678328
-35.362099693655367
-35.278297433495737
-35.112069988600219
-34.988971405070018
-34.846654267391195
-34.507387602213981
-34.493005661038140
-34.873912421871871
-34.813086590562797
-34.582103036046831
-34.580459698141773
-34.435307129828800
-34.832044810924010
-34.536210001926278
-34.870346867489623
-34.670211602245651
-34.945342580499180
-35.032595048640694
-35.278263071006094
-35.101350801331712
-35.396261481981902
-34.084813718009165
-34.327127605430299
-34.487913167950651
-34.928157919619608
-34.918045929857179
-34.919789988883963
-33.937286920094614
-33.846321635171599
-34.918827945393275
-35.110694565538090
-35.160777497688933
-34.860223372878934
-34.435779474313890
-33.959126707429171
-34.387845152530211
-34.686513918302751
-35.111294148630783
-35.137564606165306
-34.687400008487614
-34.784190309383142
-34.818652141529377
-34.550632895044266
-34.493245311255528
-35.133426761190975
-35.267110357883254
-34.430596676154522
-34.676308578650293
-34.655605567821048
-34.624630090816460
-33.652359034260797
-34.527429313474187
-34.394052082012010
-34.579521054041138
-34.701177134902267
-35.062968157492797
-35.192908291168351
-35.123225159913957
-34.390592095929392
-34.406291527836785
-34.843843417003143
-34.975345523639575
-34.990816123032729
-34.426148318423024
-34.341665878908060
-34.379647756924577
-34.406279507203635
-35.127681244269560
-35.175808252956273
-35.027847151174818
-34.422697594420420
-35.050853846148939
-35.061134317032035
-34.870698277789408
-35.012432696392963
-34.715658959510321
-34.629650999431291
-34.742884163150684
-34.937228095751095
-34.896209290417133
-34.150998804583487
-34.220859562534713
-34.756134312559517
-34.933139212185850
-34.454799533371592
-34.935021429733823
-34.788002409767024
-34.430202813296468
-34.494012558026995
-34.967941118536523
-35.318824765501638
-35.269496551146062
-35.277293401740231
-35.248023480925085
-34.669196820692868
-34.633032957788643
-34.240631645397897
-33.972943121079908
-34.685855613842030
-34.259658206080239
-34.395576979279163
-34.606185914614187
-34.536954091712801
-34.504853627758848
-34.425573847947298
-34.645421400411209
-34.621308965138624
-34.597626122246467
-34.600988283589231
-34.563275750839516
-35.109299960667826
-34.878839749114306
-35.298675609236945
-35.185557972920385
-34.556872847937761
-34.975860479036889
-34.534559718015700
-34.571174118560037
-34.470318838549446
-34.421446850081260
-34.485707033881020
-34.525079397336768
-34.569266160248603
-34.061076695914196
-34.128478365926568
-34.494610506923095
-34.618299875527484
-34.425573283810166
-34.400092702811996
-34.425162809309462
-34.160424006939728
-34.913282168240002
-34.817259540445050
-34.903636363475115
-34.429062496227310
-34.468965753905593
-34.911697660024828
-34.908569966667365
-34.935234421394341
-34.838672034747319
-35.064611641039185
-35.234537958765124
-34.617244723131115
-34.618879196431841
-34.395109856902380
-34.297612810375462
-34.468706192939862
-34.453447509263455
-34.458849231329147
-34.428604909717741
-34.687582642971847
-34.935812311460516
-35.331432584555756
-34.389209035170268
-34.421986727894748
-34.650844791631243
-34.886688363164616
-34.957394788246411
-35.003940399925945
-34.615394408369546
-35.035735164786175
-35.020360808247787
-34.594431170273623
-34.552951243695581
-34.488908338713728
-34.415455336674967
-34.542919369651379
-34.582443064944940
-34.577933161345669
-34.904879398475714
-34.575241239727312
-34.562100507853813
-34.889793737375257
-35.081887979937640
-34.443102295518663
-34.467409718480475
-34.339374142000189
-34.328812074360776
-34.419758651185361
-34.001746045904326
-34.755664032778618
-34.431985048139367
-34.391021323765827
-35.175579703165141
-35.104992919777992
-35.008809157578639
-35.034222980365634
-34.455118829084945
-34.900717391149925
-34.804667424957373
-34.744973267393675
-34.700414563947064
-34.805859650011406
-34.710745008104588
-34.807110566788367
-34.665252336503592
-34.456571897136094
-35.143713754891472
-35.133340281475782
-34.646863100677407
-34.666309770488006
-34.408726987644876
-34.708489603240380
-35.222815169899974
-34.950655322523318
-34.565926810391801
-34.587649490814300
-34.958983949006644
-34.453928808597603
-34.859992657108904
-34.891309090783857
-34.867932218617526
-35.365782707435010
-34.554938894941650
-35.116073791094912
-35.131125979816069
-34.130254831746775
-34.109082103489840
-35.016202811857475
-35.182869814536225
-34.403805743587199
-34.810163546521885
-34.634519632006700
-34.192372277061629
-34.166696945127292
-34.587460043706585
-34.561960351985000
-34.856473549638267
-34.225994988984112
-34.163035177766020
-35.301516885017790
-35.216359034348997
-34.738863187863551
-35.000911391557160
-35.016130211430436
-35.228381883470057
-35.294276173662375
-34.649141114733752
-34.203838601407924
-34.273433343158771
-34.382711380362871
-34.419502570628559
-34.362981349272346
-34.112996459595649
-33.996939659105962
-34.000580276895526
-34.970338957750670
-34.234850582517979
-34.213476792331257
-34.452691116080842
-34.485471817980162
-34.676515809317650
-34.631678302650712
-34.123616264674645
-34.762819385335860
-34.478660042283622
-34.405229816807072
-34.444375142748882
-34.258347699582671
-34.233900943511095
-34.163004559441561
-34.409649028419061
-34.432477891140110
-34.443296731369898
-34.715290568854364
-34.182381480946212
-35.036188332553152
-35.298733571613603
-35.297837121404328
-35.320951630055276
-35.007814584091115
-35.163585297689799
-35.151378366390084
-34.613708829874234
-35.326236210817520
-35.339704579952880
-35.369901131129403
-34.195932177294921
-34.393200659615758
-34.396828474038308
-34.185883556966651
-35.228035573592123
-35.285696360851048
-35.336673050533683
-34.403255804887493
-35.372231732850651
-35.348131891808194
-34.814613409473466
-34.913315774544238
-34.380248051028545
-34.691645355112684
-34.380947947545920
-34.400112414111547
-34.253218143811154
-34.788947910052848
-35.318055518455438
-35.241067742100164
-34.255289734542728
-34.816030184415240
-34.819213632337487
-34.785198231908069
-34.795212675153678
-35.246754634410188
-35.256603924246427
-35.287968087760220
-34.559788531993696
-34.990466318890860
-34.445807889621044
-34.395449745957443
-34.460144591031565
-34.498640146460701
-34.544367725779523
-34.508215568286559
-34.995079505183206
-35.343551466667066
-35.396754547241727
-35.243053724854882
-35.171538843110390
-34.291182737144240
-34.307148001132312
-34.768646593806380
-34.388362516394857
-34.784358540426538
-35.249289399782668
-35.286285516556255
-35.341364082249370
-35.303650682249263
-35.313896130882483
-35.317915904846799
-34.494817944155031
-35.320325869867425
-34.478983003041478
-34.399113878816280
-34.792622049719398
-34.889577065586984
-34.395260367538107
-34.473287482487372
-34.450898393821817
-34.566421077035827
-34.452214897882605
-34.521324967633369
-35.046471933785213
-34.864661735590573
-34.402428548920582
-34.392260823288410
-34.398875163836735
-34.687045792093677
-34.901011859286626
-34.481403999392022
-34.509088888663470
-34.815285654072817
-34.869369115145446
-34.478882183351146
-34.636697918661618
-34.566137618760564
-34.829765700064748
-34.929061555091010
-35.000100799721004
-34.293431416853963
-34.424593612487286
-34.362101918969600
-34.458823242335946
-34.456827157005492
-34.482998800707051
-34.873379601802299
-35.060444923887623
-34.930839389074791
-34.230741535341416
-34.870722725380737
-34.966873284785081
-34.931665456261165
-34.644634906948646
-34.674070835308932
-34.054214797353730
-34.394160940338040
-34.512833425486505
-34.498267701024801
-34.976452206110515
-35.215740607671584
-34.908213503883104
-35.000088174159671
-34.986682062882295
-34.960643944381765
-35.351397245574347
-35.033494852629772
-34.069044356907874
-35.285950499718844
-35.103860354805747
-34.529716173949360
-34.829927186241427
-34.526284442840712
-34.698220260782513
-34.455669246969357
-34.600322767676985
-34.381861637475843
-34.356964525397082
-34.659083270315620
-34.515207835807658
-34.566224927767564
-34.849062598884473
-34.731492538119724
-34.665581317406492
-34.871659372820808
-34.466720039313515
-33.944445052014451
-33.973159587632743
-34.901603713813081
-34.864574715846040
-34.942685023968551
-34.317479439890270
-34.311004186377644
-34.269006846666649
-34.269910339272521
-34.666527136188584
-34.443898449902129
-35.063869073219564
-34.920165195486554
-34.195085026163326
-34.361352407394570
-34.257257170473729
-34.018250312366455
-34.100853775401340
-34.479968060144145
-34.758048441115832
-34.156539442868336
-34.350324593514131
-34.153234616370575
-34.039451242455250
-34.225129567420304
-34.036737106807067
-34.016188022047857
-34.503482146228585
-34.361201265867038
-33.913272101351559
-33.986911167269042
-34.013032295757156
-34.006148601792688
-34.028416769708429
-34.418116912195025
-34.422360734798815
-34.615850021632831
-34.849762291173185
-35.109214920956099
-35.188493833319548
-35.041214215515787
-34.379347198580291
-34.477529639371475
-34.375546138967785
-34.210606857962496
-34.353257096109985
-34.739180504471577
-34.877988667780002
-34.876445327321186
-34.419463579069230
-34.849302983363977
-34.360375461668312
-34.822817409064811
-34.902592062175906
-35.098084258728342
-34.430815328802090
-34.357980474310317
-34.303078512506744
-34.363069325972027
-34.392720640127401
-34.910439367883200
-34.477260723446385
-34.210869792306951
-33.985954582115532
-34.219882848572446
-34.052908042082365
-34.475185680103415
-34.419853420516013
-34.234191144318153
-34.323774984355730
-34.235633722503415
-34.523605596161531
-34.840080256980436
-34.809188387659809
-34.356843743439057
-34.834669848620315
-34.435071750622718
-34.959121471410924
-34.809988123524214
-34.707591327737042
-34.703272573095660
-34.158926895946557
-35.169867020944956
-34.662554233254887
-34.396059759607652
-34.161172553885670
-34.832620655614164
-34.371725832501561
-34.346712115583188
-34.189186136602132
-35.224977620094158
-34.545980112252217
-34.534958317832412
-34.570739385135489
-34.533166212317248
-34.297942599389188
-34.208272362220896
-34.368969771353818
-34.353059717723710
-34.355368237603066
-34.330724676067433
-34.407998284384284
-34.437300370028787
-34.483621913178951
-33.986459792179282
-34.527885491902133
-34.472116099102571
-34.861205105570072
-34.554989294823955
-34.053096736473442
-34.969422156434092
-35.019553185044145
-34.465453383143014
-34.356025951872951
-34.325965446920918
-33.171270018303026
-33.269296581964177
-33.627787708759797
-33.979577892910307
-33.862827086257724
-33.801121746092811
-33.282754478792349
-34.530728842285448
-34.404237704679581
-35.068271720735822
-35.149364646338732
-34.339386673045269
-33.160591930124220
-33.164268580974372
-33.156380319526576
-33.452620719708648
-32.792638188632445
-32.862209734560494
-33.984585206592328
-33.518028841551619
-33.267990888097614
-32.875019470736987
-33.831011654935409
-34.575150186801629
-35.018004096728767
-34.258022855869363
-34.415613610359067
-34.878476032196581
-34.838278868939355
-34.088956173377802
-34.326248688893529
-34.285332606449892
-35.365712652184037
-34.338494912364119
-34.697495248981738
-34.980382765746853
-35.046474728463451
-35.246467780751651
-34.660468402996031
-35.204461834257359
-32.557600204298247
-35.096224687193285
-35.107599508677545
-34.326204536421471
-34.334879452499266
-34.569102227625059
-34.711767783903262
-34.567358026182880
-34.526756245186888
-34.542900277243177
-34.471778864586554
-34.659189924154610
-34.767797541892882
-34.711742548181171
-34.329875535110126
-34.524547274960341
-34.562236024129021
-34.531463927995929
-34.515971110113242
-34.810963121572463
-34.702188477296794
-34.700976793012167
-34.441602913388891
-34.478561304463838
-34.445040488975984
-34.424132057039849
-34.560629510958194
-35.100392292530124
-34.869885092976347
-34.552319455405730
-34.491180668970308
-35.275371153058671
-34.662339444127447
-34.630381313408300
-35.141590002577118
-35.177169545631479
-34.462139169483045
-34.881404961949947
-34.396869611962316
-34.291645751755588
-34.483211311314776
-34.498470071230855
-35.101820521598846
-34.324591378619914
-34.558799562265371
-34.531555092973932
-34.504611099029951
-34.496089723011693
-34.474878507849631
-34.517533771356945
-34.549287420715402
-33.961362991435422
-34.168139831261833
-34.235680312860985
-34.260124915558386
-34.222664861771371
-34.307708480614615
-34.405889532335344
-34.112135010295852
-34.209633331058349
-33.653162082379652
-34.201166039260613
-34.325370235157713
-34.194191180166648
-34.304968201310736
-34.307046475816577
-34.283635311010215
-33.996873800448959
-34.552680188834685
-34.185258424202850
-34.379880755531353
-34.331475142336693
-34.355016502611818
-34.378643042262432
-34.550922845319540
-34.892093369663762
-35.302995964355652
-34.324038654030119
-34.327915939174844
-34.937816319329833
-35.254433404259593
-34.720225193626774
-35.209825892599596
-35.170337108722727
-34.018220958744365
-34.633442059199659
-34.955422365028411
-34.944927721309448
-34.950190584238108
-35.380660727135655
-35.030502818896700
-35.255483227744712
-34.941073231450090
-35.441851706660053
-34.275495536872000
-34.382999912412231
-34.501492735715438
-34.680994674774361
-34.084584810991458
-34.112682083560394
-34.441267600287588
-34.303911617433180
-34.389389242933973
-34.365748573908427
-34.311695265368591
-34.328993188339709
-34.323741921129688
-34.471545905038624
-34.436681824213657
-34.473697900273059
-34.317168769949852
-34.691138076490937
-34.216405703628496
-34.320987828117339
-34.863568410371855
-34.978590546048828
-34.465818983606070
-34.426310250365539
-34.186878745233543
-34.170032211265841
-35.012983340952900
-34.996939809171195
-34.512703742403495
-34.195735211298512
-34.209446939305565
-34.565429251762872
-34.287812790992717
-33.946764328421516
-35.023538928498859
-34.967956848136396
-34.320712950695381
-35.160642112529978
-35.089667557329214
-34.823937720378467
-34.952430816993974
-34.266111376124101
-34.297263425435347
-34.307335281412314
-35.338616655507074
-35.353214844970047
-35.161717356667353
-34.540784444930843
-34.861255206700761
-34.318142808105804
-34.959306215879465
-35.028296609738000
-35.059487807920192
-35.036552325298707
-35.034029392415711
-34.567534405204626
-34.933298004248996
-34.913370530363231
-34.832048318759497
-34.522156464727736
-34.527354112630832
-34.308559366008609
-34.156395878749002
-34.457074857825475
-34.554666847462641
-34.323612667608622
-34.124597925597406
-34.749219962997564
-34.822773322643606
-34.923636409240054
-34.897722983015214
-34.893822990556188
-34.856926521020760
-34.119317965694272
-34.462309217749223
-34.980425451862274
-34.189397846990992
-34.218549782424219
-34.081959952748321
-34.132888287194575
-34.145391771146009
-34.094144214892509
-34.092581555331847
-34.548778372804300
-34.109777015086571
-35.048581132037249
-35.031454292725314
-34.164039774110165
-33.880792046301281
-33.948098030047184
-35.050110980427306
-34.338060514513998
-33.922070002309546
-34.854743977596186
-34.850530758120122
-34.119935063142997
-34.062309844366908
-34.144882518416253
-34.340799505931074
-34.316593658017879
-34.291886424552210
-34.389568881510890
-34.287159055388123
-34.418881663772211
-34.313144433538035
-34.297228984102212
-34.447432822040540
-34.432756996986029
-35.200684326157834
-34.449411150992717
-34.738912025478079
-34.246044762897633
-34.774104120348838
-34.800111937047511
-34.420604721457600
-34.645555751476316
-34.748677631234386
-34.723220217870406
-34.753864788436985
-34.718264389076822
-34.756281049981361
-34.726601171962464
-34.560603130378361
-34.633278971599509
-34.556101182548787
-34.524295005000766
-34.159901845400974
-34.153288631154048
-34.279727087411509
-34.556421647537874
-34.458973975465241
-34.812267768659922
-35.161157580135367
-35.191411921729497
-34.308361683463616
-35.194923820618655
-34.699290381012339
-34.668843941632389
-35.124288352247305
-34.843150774202840
-35.199836222866601
-35.086121063716170
-35.015439849407215
-34.515706058855230
-34.765965180344153
-34.117094483257894
-34.531501394202429
-34.460599718804943
-35.094191616021980
-34.654807624096833
-35.018766226997343
-34.080713796824860
-35.008371907566207
-35.018741216735329
-35.058411361250407
-34.339172997268683
-34.468852421898326
-35.223932790894416
-34.998253344066718
-34.996449688563040
-33.999486773405444
-34.000107063191933
-34.379891636604128
-34.306329604910268
-34.020013382336806
-33.988262745979277
-34.008643217049816
-34.205123310956616
-34.350311781929015
-34.428924514229493
-34.182091296553871
-34.461995718667545
-34.470385771687191
-34.234120009147944
-34.166442119290522
-34.434895374465611
-34.504335588301828
-34.303294344792839
-34.330762508811738
-34.260666446606244
-34.226409104693133
-34.729953588751002
-34.044875581026062
-34.107358296812656
-34.299939186637161
-34.126482265298336
-34.474044240807473
-34.216279327153764
-34.142246988034451
-34.298076529371350
-34.028779846394563
-34.501790933046593
-34.702529348133275
-35.239691423192340
-35.235497221228457
-34.703830058429126
-34.628850609497668
-34.969048718219284
-34.533826411707842
-35.003328296013038
-34.141781805311261
-34.066811894789737
-34.146573107855843
-33.873270022907754
-34.303050679773847
-34.228177656473079
-34.436015041941268
-33.684825644562309
-34.377719188005123
-35.001631460326365
-33.974542153212340
-34.397834141663026
-35.058766496813988
-35.114094741933009
-34.163663152658984
-34.404857878844858
-34.933125201818029
-34.845199746381894
-35.007448158167314
-34.300046399618914
-34.400661625291455
-35.004285983847126
-34.231707787879586
-34.789993797733239
-35.034217229970103
-33.982199734517110
-34.524954827545308
-34.910861761036145
-34.111807579670348
-34.120060639521654
-34.543615166994883
-34.085101308281232
-34.560263610867707
-34.549245524486416
-34.889669201703171
-34.134996641129796
-34.059607700572116
-34.296549023415061
-34.184037089115222
-34.127944262942449
-34.200928353692476
-34.170321863035667
-34.187847923168647
-34.444983773454737
-34.632807550657780
-34.615150018393891
-34.297163547535114
-34.827460256457144
-35.074721556910582
-35.095666470928691
-33.856770477460543
-34.860984938054756
-34.934044332248540
-35.005189403327869
-34.295421529240514
-34.871437440478594
-35.036198397803190
-34.964474569617977
-34.386212767786326
-35.232269221323271
-35.208897006845525
-34.963340333814259
-35.181487598898613
-35.035029273394542
-34.901532471833043
-34.371048572446668
-34.401278596759994
-34.392827638193282
-34.295843333880569
-34.761443749990882
-35.203488995167518
-34.918905163808368
-34.871326001154046
-34.397091111520794
-34.813140489516726
-34.099948236929144
-34.452766347143090
-34.849280577611211
-34.288242506057145
-34.510321326945871
-34.131920507826663
-35.046775135850147
-35.068585046307710
-34.946829186306182
-35.076631792473535
-35.115873781769281
-35.120179932360756
-34.125440665299024
-34.280863693658937
-34.279358308295919
-34.109119394750010
-34.307413350120981
-34.291422306017161
-34.447614475394012
-34.445953241961050
-34.170383130628913
-34.072317042550047
-34.271832622059954
-34.218043221159263
-34.194474826853366
-34.204042657486511
-34.245075620393919
-34.277908856441350
-34.316425144821899
-34.845256161522720
-34.827296054837845
-34.285149761490523
-34.342643136041495
-34.127834783816944
-34.198195573415646
-33.887604680566355
-34.432432729346047
-33.883527951320396
-34.592132150456237
-34.578579348694205
-34.550487759009613
-34.653189663507767
-34.980323697868535
-34.284466585232778
-34.621822835586300
-34.368943979246552
-34.345875629285352
-34.273088727851594
-34.805914221844823
-34.394608615677313
-34.868408990734530
-34.930859684479202
-34.340139412396333
-34.349510771493065
-34.380896311789030
-34.885614288887247
-34.995616262506751
-34.927558488460640
-34.694394032224999
-34.809218326379906
-34.097565641065827
-34.109148823798414
-33.818274981882972
-34.271176257289177
-34.185879587518500
-34.167541767143774
-34.181735685954237
-34.478828903237641
-33.847824396400966
-34.116896298545953
-34.676685283510615
-34.735207675345599
-34.557082822250358
-34.134623926819579
-35.070544560205050
-34.670943718764256
-34.459056969140661
-34.277541258520991
-34.471415063244649
-34.375499616386882
-34.693305385226680
-34.705706392671871
-34.765748405594223
-35.090651343617651
-35.129777166514629
-35.151083074321051
-35.121507890149090
-35.144298605532285
-35.104853733972078
-35.200257207591079
-34.179114591325941
-34.149500115942963
-35.216418895447127
-35.174513883208959
-35.249179255429318
-34.275408237865818
-34.787920205705305
-34.829768851207646
-34.247968512263647
-34.238316102426218
-35.066616739343949
-34.668822787075172
-34.207221715248991
-34.278122946001211
-34.305513496745711
-35.082351131761847
-35.204603016004086
-35.188566007112925
-35.265444060962054
-35.263324741801036
-34.668834457257212
-34.721817625196763
-34.267979850291269
-34.606329935031063
-34.334491148094905
-34.330284235994625
-34.954579115743478
-34.959485352993084
-34.568694674388787
-34.443180899715216
-34.320345757604549
-34.435160773872532
-34.999454527297942
-35.147178632703103
-35.118216025387163
-34.923874073826248
-34.787909677670321
-34.576414567844218
-34.269780748288206
-34.439574943036654
-34.705122335855748
-34.629974929200280
-34.682732797897572
-34.696688239944876
-35.056871833615652
-34.700843251998528
-35.061270254047692
-34.612607263409885
-34.582656944609873
-34.349151927496109
-34.358764439719131
-34.277340308782932
-34.326373321446141
-34.267379694052110
-34.340319806189406
-34.768705671945860
-34.300668442828204
-34.323079510068929
-34.322749597316168
-34.402383520487923
-35.153836083423045
-34.390083415803844
-34.462411586215786
-34.768724337309727
-34.845143007567351
-34.972896731246934
-34.969169318450682
-34.350509205999785
-34.369397207966209
-34.611303894980189
-34.851439200266071
-33.877021711618987
-33.780169083129309
-33.950665616943169
-33.939944877697350
-34.840478360858022
-34.855091196634838
-33.807332901040382
-33.924115234890735
-34.266520165210864
-34.727367457610221
-34.854946495710180
-34.129630826425817
-34.226196505228906
-34.131856379319530
-34.259432576247427
-34.851103076728819
-35.138653588686907
-34.347790802946392
-34.355915489007501
-34.228358566633744
-34.300500740765614
-34.309447846876971
-34.893546945866767
-34.822856252038541
-33.692378852936550
-33.745668385512396
-33.723097917153183
-33.781525138569805
-33.709686330742663
-33.711249565398361
-33.932118927918836
-34.383482007463797
-33.712174026589722
-34.144520618654553
-34.134767167981664
-33.216716801966157
-34.107725055253354
-34.086765544060810
-34.090226915535126
-34.026252736055248
-33.572164980780173
-34.162056046151129
-33.979897069759794
-34.259034309439727
-34.076612289601897
-34.571670465399102
-34.790135963358217
-34.257613222515630
-34.886419660487853
-35.247050942349084
-34.946888092245352
-35.003647822468601
-35.012385926599073
-35.248832645992266
-35.273597589659182
-35.202001110568311
-35.397632184551746
-35.350320411607008
-34.353925283404138
-34.667972378107606
-35.257245121727991
-34.124405921485916
-34.124002807872209
-34.652880375905255
-34.254760109957097
-33.829292553079547
-33.551047555071207
-34.155367418055526
-33.631845217175282
-33.595498159268359
-34.163121807154887
-34.148679388822288
-34.114951821613197
-33.595534684804065
-34.222590415208614
-33.961505960263459
-34.137449969809204
-34.177526989018133
-34.206623779874853
-34.272010592105531
-34.922942796854990
-35.042495270413461
-34.253260403504434
-34.349582481145418
-33.949436566497269
-33.899833222720723
-34.358446937989243
-35.061811710986056
-33.927663872594508
-34.451234114570838
-34.512742757282581
-35.092045301613886
-34.401014940281051
-34.858698839680727
-34.910780713400442
-34.823482796848559
-34.812273445357413
-35.188061820449597
-34.928320458809097
-34.249868206280226
-34.722964963459674
-34.784318929579442
-34.575582183870495
-34.684391035439170
-34.757576686678718
-34.712383779530221
-34.835037655944646
-34.944512650886246
-34.895126405881093
-34.820533578487399
-34.809990074138383
-34.684273122006772
-35.217060140360594
-35.251773798260302
-34.928384503443930
-34.663284588783036
-34.902215292813423
-35.269930484907704
-34.478808376512625
-34.466494317416597
-34.388519368285451
-34.346388935592145
-33.892114062057630
-34.248379344854619
-34.379862621696475
-34.912197651626890
-34.933148096093703
-33.931941941968539
-33.922835034493751
-34.819154358715622
-34.564106556059983
-34.845159945751462
-35.193587217729615
-34.326630332547253
-34.423047736813224
-33.797734687196026
-34.247948549048353
-34.108340553895083
-34.586966008999703
-34.571991052576244
-34.561738819035980
-34.539526260198762
-34.484207548308817
-34.814488726620731
-34.561641934098944
-34.863662574480514
-34.895328212081779
-34.244055893417823
-34.587204808731713
-34.953189235177625
-35.169706684529714
-34.709775056047093
-34.671932812641693
-34.866022197373312
-35.192652925571487
-34.685060291379592
-34.693955053681194
-34.704557006002453
-34.677560375343226
-34.737136668832576
-34.834403090884059
-33.930043040680637
-33.435052586640616
-34.223467117242905
-34.188503306151638
-34.284125207620448
-34.241560819995968
-34.287697541977920
-34.246827250479761
-33.849485871381503
-33.896632065443690
-33.831516861250847
-33.433745883260471
-33.585880667579012
-33.586229242748054
-34.467931506607258
-34.775334439774269
-34.482340075134850
-34.368463133671725
-33.659449770410426
-34.486151107270658
-34.344614668535158
-33.924706181747155
-33.910421788685369
-34.193274325835894
-34.402254806620675
-34.041056459193719
-35.332187871350769
-34.238649482599023
-34.023456935581557
-34.066649345387226
-34.085741213831767
-34.086062797604441
-34.694308747228838
-35.135156270627512
-34.351563331786231
-35.327687161601517
-35.384552319736876
-34.209964328396623
-34.237326675702306
-34.330475850068275
-34.377792396397510
-34.417346107542961
-34.426917487881610
-34.306362163950489
-34.340242244340757
-34.932190441553992
-34.935837778390450
-34.174128459609456
-34.228492151474981
-34.753016490605511
-34.759197053361881
-34.723917437126580
-34.812594717673136
-34.756732534151247
-34.758149110548871
-34.232025781492879
-33.769624197533894
-33.881667424662780
-34.254233633484667
-34.156594160846097
-35.221892445036573
-33.867278039712410
-34.495147186476466
-34.481636021431690
-34.705975638097591
-34.301380969255383
-34.305447916270765
-35.130958871480829
-34.120883928649192
-33.825224368352984
-34.105147619499853
-34.329724587191421
-34.183809693369525
-33.856988463616943
-33.636286945355693
-33.604887332500404
-34.027594799636326
-34.129509139283002
-34.576841108342485
-34.513012663488610
-34.235613026276191
-34.231423048171301
-34.124211255182786
-34.101445846534695
-34.219442606432686
-34.958174752715017
-35.107433414175183
-34.528150866337768
-34.305810847694559
-35.125497590304242
-35.154561050128635
-34.229129791923214
-34.326622475925994
-34.410075448839592
-34.422035564509720
-34.661432899345087
-33.863766295286105
-34.435722815757003
-34.432073263435818
-34.990582609972350
-35.175654367905203
-34.355677427666123
-34.489401260190164
-34.458346655252612
-34.969082658094663
-34.752938089624969
-34.798299825964193
-34.495792442064570
-34.189427882983573
-34.289698274829149
-34.284681278305790
-34.687507567087579
-34.885660166830476
-34.580660033871723
-34.761684788352326
-34.678587103051598
-34.261797715741217
-34.231077003069139
-34.304012485360992
-34.307088985342318
-34.314116976899562
-34.343461201069964
-34.972680291077516
-34.683274957042102
-34.449304592248424
-34.374148423720435
-34.822505051359300
-34.247656608022389
-34.231618272455989
-34.783810574639382
-34.225186201483524
-34.322508509597846
-33.890317283666555
-34.256910252289863
-34.519854820853638
-34.459991808610496
-34.470610708826825
-34.530323071758311
-34.525962483428259
-35.120120305547282
-33.613700839154738
-33.627898860871461
-33.659355719819970
-34.391675433372839
-33.880837150347624
-34.374316111561889
-34.383386199416137
-34.451877928160002
-33.619835190804871
-33.665984502628824
-33.807416284434829
-34.221588511887752
-34.325666231541184
-34.387960309564306
-34.421953549032111
-33.879095091895458
-34.333776156470059
-33.939224882678715
-33.885512181596461
-35.082359568954075
-34.536937150530193
-34.628433330491404
-35.337710062030204
-35.216130669128731
-33.858017095473485
-33.856598054509369
-34.088925000236365
-33.797283558463398
-34.197374453556613
-34.498151700065819
-35.144838029121821
-33.783994753992346
-34.490067993366694
-34.675907890916719
-34.590501692134268
-33.742995398602972
-33.702207583560892
-33.848185856743036
-33.818989142335397
-34.584687425200059
-35.393210841501954
-34.219772469706939
-33.668249308365922
-34.162538044432232
-34.005545588188198
-33.706781151638758
-34.520821464645223
-34.578723256059668
-33.787867768295094
-33.713316971025662
-34.180614683314985
-34.221005473695371
-34.619024434448640
-33.716844399584417
-33.910784810159264
-33.875880282391115
-34.221153292812382
-33.684419907487083
-33.827178831770702
-34.077398675416603
-34.017980479099180
-33.971523507912323
-33.827838670067543
-33.959254057507287
-33.965861274376941
-34.652910086729086
-34.363600738080272
-33.546882993430607
-32.949668495501861
-34.233984225488278
-34.220225063463836
-34.046890469042069
-33.602476684312649
-33.992325262372653
-34.306845059235741
-34.330937668874554
-34.051841141215682
-34.107379350737560
-33.409323725480434
-32.841437802574745
-34.110870523718397
-33.991467402015452
-33.227234449535864
-33.228147123915477
-34.069531919759264
-34.352661886155985
-34.285249935975770
-34.529347969657564
-34.716701805908421
-34.548944561139926
-34.460678635132389
-34.217027506553585
-34.637756231122069
-34.597289728015866
-34.053571101681122
-34.968828226500591
-34.994729569933341
-34.461755953950885
-34.558858686748714
-34.641820635365214
-35.216127351456251
-35.192823485234804
-34.629045759212154
-34.592539823184609
-34.989003075689595
-34.950981425750747
-33.991146688955240
-33.927717133152790
-34.345412676451360
-34.207361391539948
-34.947899508153121
-34.521185216475843
-34.515227950589505
-34.478095253400362
-34.311729255091443
-34.338467139549799
-34.714595929582515
-34.545272657884468
-34.257634853046419
-34.354002402136828
-34.636499962281768
-34.652071560357719
-33.927168173849729
-34.360245558823493
-34.173588457517063
-34.012553035692953
-34.177119889123460
-34.179414866677327
-34.363009615881225
-33.644857351290717
-33.592877892618453
-33.958705082379829
-34.723962507767780
-34.125070745348168
-34.141439480132021
-34.287288346332460
-34.830093427775864
-34.805743902680220
-34.891208820786723
-34.226026508104319
-34.189008919706772
-34.546087019865602
-34.460249269925427
-34.785259817697721
-34.917684849040377
-34.215563774469814
-34.036027635052299
-34.962348148898627
-34.198873903795260
-34.292432559787912
-34.545023019964709
-34.583448394656585
-34.992184580425274
-35.210614559285773
-34.186377902915616
-34.089826276573085
-34.952270601981965
-34.407339156140992
-34.203353644838572
-34.257253980951049
-34.311888084043211
-34.360882508070112
-34.399287379490644
-34.994446796003110
-35.254287263028189
-34.299815690037327
-35.000351040877497
-35.004201578142485
-35.032590321727369
-35.110105650817310
-34.351761831846588
-34.411484442712833
-34.193848674341595
-34.455350812776189
-34.435505416901400
-34.776432543330657
-34.762222793126966
-34.393995474524289
-34.635364086072563
-34.598706188060298
-34.451276830631535
-34.208431028892122
-34.625677647245382
-34.385422821127179
-34.376564660059742
-34.379580261810062
-33.816506886274745
-34.186012830903422
-34.635475979018189
-34.667827549495989
-34.663173762109025
-34.426677085359294
-34.673433720638116
-34.906872574400872
-35.245538440504475
-34.715199131655758
-34.400720042359303
-34.402588473806468
-34.701601627928490
-34.581518887695331
-34.752112826566453
-34.710342432517059
-35.001326055238692
-34.924776005822217
-34.991760373631628
-34.581369718640467
-33.630213087970610
-34.191583479323619
-34.191543668463879
-34.724945532393917
-34.828796455932327
-34.827162737548143
-34.746792159215616
-34.747702424338478
-34.736245453298196
-34.524043781935447
-34.366108587136807
-34.679940665160629
-34.741749718727746
-34.686068015222325
-34.762581541967791
-34.537252180011855
-34.734767042908395
-34.482344430296934
-34.075627032233918
-34.098173854248756
-34.137394879667184
-34.301560355493557
-34.267279434431771
-34.269003803143214
-34.011987126784980
-33.954375742272006
-33.910210047198461
-34.238012424592760
-34.286013034924380
-34.188210388576017
-34.323242791457361
-33.953376344894764
-33.503017153506164
-33.809911321675123
-33.555563660276469
-33.792696304293827
-34.263964396826800
-34.656695380791490
-33.956191159812235
-34.026079705024728
-34.011785611011362
-34.000167821832989
-34.013442324025519
-34.502348732316314
-35.148083490473539
-34.929045666155815
-34.944540257595044
-35.152489761158535
-35.300793287345456
-35.039632106223607
-34.988141835914746
-34.366509561933228
-34.745830036522065
-34.276980135662690
-34.180189596268107
-34.329475482458513
-34.381533726878864
-34.389844138886630
-34.397567289546075
-34.393406964163276
-34.797194515424145
-34.614827731017442
-34.342176813441242
-34.516206345478537
-34.243456834697930
-34.176158551851792
-34.569721652628218
-34.556315044825851
-34.274255582039949
-34.455909543020567
-34.395999853265614
-34.913183651124754
-34.460365545700846
-34.447229746167523
-34.899352397666568
-34.625481164730985
-34.671411831349374
-34.585850991938116
-34.549698607207873
-34.273879312105393
-34.154090365985539
-34.670314059903809
-34.413262071223805
-34.384171835497433
-34.190574649850646
-34.184362125368189
-34.413316465010112
-34.461015708987510
-34.764465744698349
-34.734879187880097
-34.367230033461176
-34.831772246011141
-34.783488192943707
-34.850235955275053
-34.905721101801156
-34.926806828849010
-34.911873255507082
-34.944095367551810
-35.383648342054514
-35.394773380398405
-35.189519029312613
-35.279586480156617
-35.276687382189806
-35.050908605099508
-35.368736020391154
-35.356438347571242
-35.353615900690023
-34.904132874421542
-34.921417464352295
-35.321030009385957
-35.289570795973496
-35.435273965525326
-35.409926106486978
-35.373175750503286
-34.894411291938653
-34.933685867794992
-34.975688962404192
-35.234466417308070
-35.131868956618931
-35.139321502360964
-35.092076859194783
-35.047011611357384
-35.318102961319987
-35.140844814631521
-35.200515444257782
-35.176032508183354
-35.306403340240173
-32.941370750174549
-35.381819946972449
-35.363690548649579
-35.015119947142566
-32.911577705219578
-32.719352174416002
-35.063055192545981
-35.054358199422161
-35.139916610648484
-35.183418460545006
-35.305814433678982
-35.130135818193892
-35.495081441071932
-35.375376988426531
-35.495199573937583
-35.484987560850939
-35.464586274579453
-35.276378475174234
-35.192442633809087
-34.976247952102057
-35.146583056952963
-34.953346832773391
-35.211214102385689
-35.060619408463879
-35.105711775726839
-35.090575736581798
-35.406027892763397
-35.410852612483360
-35.390070588671911
-35.406403151339347
-35.388365613069006
-35.143601798315920
-35.151281374723418
-35.365151579482223
-35.367294811032032
-35.417498670508117
-35.336659717666222
-35.375639065764304
-35.375127832260674
-35.217432120933616
-35.283382500414341
-35.161557868529478
-35.122483967533270
-35.118875714098294
-35.080120171668540
-35.114736993806929
-35.106170166351468
-35.121437043575064
-35.162338657272862
-35.249992814395597
-35.145658865078865
-35.106794651857363
-35.146072653676320
-35.043946461037820
-35.350946639023540
-35.124743688050799
-35.117137910136535
-35.107569691357369
-34.914492751505364
-35.385475477863636
-35.369796719362988
-35.417183493516987
-35.496788417209245
-35.385690817620478
-35.346678649417285
-35.505306255308753
-35.470884684979374
-34.882355238976821
-34.896855950516574
-34.879585101872721
-34.858878407697567
-35.086200332634981
-35.260167940215915
-34.828007250117004
-34.989035643570659
-34.865094495103158
-35.501729973401794
-35.515434002845289
-35.453126259142842
-35.374968589804375
-35.357766420440839
-35.441344983807369
-35.405161613435212
-35.428830242950085
-35.433222682814133
-35.309563678502457
-35.327958965722573
-35.364980018184042
-35.419558513149767
-35.453995869921229
-35.392639307159705
-35.350881055697513
-35.400823619613071
-35.329533791179607
-35.460283955020941
-35.473505855080212
-35.447757531243397
-35.478573096764478
-35.482896773507925
-35.448593674174376
-35.490870609380558
-35.329230848308200
-35.344858793284558
-35.461408707185051
-35.416070663252086
-35.358141982341053
-35.334619007566509
-35.516820263747604
-35.364042283027082
-35.368492573768116
-35.427483088610579
-35.486618603560949
-35.473429539572784
-35.306002209798969
-35.345362155993442
-35.322430378238728
-35.275509169189888
-35.359393358023183
-35.363834267836708
-35.307802731252686
-35.267734260728176
-35.283431560978293
-35.328797059262094
-35.290509098058209
-35.292029932632403
-35.324498779905120
-35.338298942806645
-35.317989168457991
-35.392483047375144
-35.361700586493811
-35.321783182841124
-35.358339576370355
-35.439471379909563
-35.460735927318360
-35.312683966923323
-35.291370893446036
-35.419423472482492
-35.398979089473343
-35.362877981814009
-35.227874567613995
-35.219461891614678
-35.319990209494563
-35.274145074651337
-35.465231534627847
-35.376107745191142
-35.264656966550113
-35.411873073601328
-35.405922011495463
-33.253005880187906
-35.494866728823169
-35.376766461785174
-35.344168030482912
-35.315321707272901
-35.346963963368147
-35.406616443463562
-35.483319520702274
-35.476022356587670
-35.451313387534249
-35.482846192959038
-35.450778288946545
-35.301612776902004
-35.434600420980900
-35.322240678880590
-35.316717217612997
-35.285256661985393
-35.436978841299705
-35.330257776357186
-35.424114097949648
-35.411561607124675
-35.494445074954889
-35.445656381992592
-35.446752779719326
-35.312584857934368
-35.389704357825039
-35.528508168763103
-35.479870235031719
-35.491762307462842
-35.278596729390955
-35.409783270342857
-35.352541567981774
-35.432605057659138
-35.464542698788428
-35.319108624210131
-35.361451254618288
-35.435748026780779
-35.419562511156570
-35.390177641688304
-35.434042304680169
-35.460094534874685
-35.523846171940001
-35.508657488391506
-35.474253075191733
-35.387564265017097
-35.431283319364169
-35.378250127234793
-35.336193264527324
-35.425504176268099
-35.346754335768772
-33.083848495031937
-35.343126706334544
-35.271216885021822
-35.449681086063471
-35.495769265763826
-35.475714001106091
-35.428997008692214
-35.263273562642752
-35.309098457551279
-35.320020585693157
-35.375402462714803
-35.479066509943259
-35.335287704816494
-35.469855070357681
-35.400698012674830
-35.309100157215667
-35.340339239096764
-35.447050479434992
-35.333715941441369
-35.404857060492411
-35.271818736707019
-35.324591251610606
-35.389548147767790
-35.311924126382813
-35.433903143960023
-35.293595684362650
-35.336017504141559
-35.344683729719634
-35.413874604986120
-35.341730281596199
-35.471657414357949
-35.312136014693749
-35.446755369201576
-35.304112514508958
-35.378821259072396
-35.334854831551517
-33.315822141435355
-35.318408080908469
-35.468045192608820
-35.462575050985819
-33.313555235351046
-35.300496365934208
-35.334030325188927
-35.436168275392063
-35.459445293225016
-35.503362712685195
-35.339647528119968
-35.374414173263126
-35.254907814782143
-35.485864792439344
-35.548733526624893
-35.403332024742980
-35.372766274351470
-35.455738838625415
-35.474441464851061
-35.506481770273311
-35.502370747393272
-35.525754606476887
-35.361851693785255
-35.383026421274522
-35.422721015040246
-35.399789170635948
-35.403601910753792
-35.432457615796139
-35.388149491410744
-35.370612105222399
-35.372030426827372
-35.432492510185334
-35.356271732583266
-35.288463018963505
-35.167212738699213
-35.177619948400867
-35.147044852867104
-35.487226457841842
-35.425537492385352
-35.388710872354665
-35.492309613966704
-35.450681184275105
-35.354073010644584
-35.362476783202318
-35.403616398836370
-35.414013290899547
-35.414448706962503
-35.217675597183295
-35.185988741501149
-35.232502225122950
-35.286347620122683
-35.230222501940275
-35.324178123718390
-35.285002161734326
-35.340873928253814
-35.319441075276494
-35.522071763877371
-35.474344234825971
-35.332707490981669
-35.499032115935933
-35.475686562986233
-35.476555522455676
-35.447695656683251
-35.479777101311122
-35.339421915420253
-35.424610214237568
-35.467466042457154
-35.403466201213398
-35.276397847950442
-35.306981826248482
-35.361932700245916
-35.266179608289349
-35.445469741948358
-35.313465263954640
-35.342616564795044
-35.374112500176295
-35.263981379959006
-35.282317453301324
-35.520052183127781
-35.455841643190716
-35.445357011125473
-35.554240379958202
-35.521040277170783
-35.459206099051571
-35.411919972603066
-35.385872470687815
-35.269671903243207
-35.234227178016383
-35.310746699318472
-35.315163905614376
-35.344338506777703
-35.420082939642157
-35.419617764986036
-35.454862793280874
-35.425351653109367
-35.306986479894867
-35.386074605103424
-35.431632761998159
-35.506048212258420
-35.479144906301961
-35.509534079336646
-35.477474845954525
-35.404769703973933
-35.300249015420988
-35.341397861669073
-35.345875881324702
-35.450299560664781
-35.338348954731977
-35.452800890363058
-35.456278171908274
-35.375760822592184
-35.335234842912364
-35.360321198862749
-35.379047739532346
-35.325519649594909
-35.376632397979762
-35.407363569190622
-35.322931121642277
-35.336904656194328
-35.475500734375707
-35.477927018506598
-35.364123476457507
-35.366670911159126
-35.383789048045614
-35.391887368514453
-35.494451641035198
-35.367497961739396
-35.403762135007625
-35.493370342158748
-35.405586666317284
-35.454103261249742
-35.356503769679684
-35.390671821225858
-35.361330188324935
-35.330904956247096
-35.392633649698105
-35.380522612918192
-35.479963939352757
-35.402657978243255
-35.206685277560346
-35.291876701350716
-35.417973829148259
-35.461708543786777
-35.455037763081947
-35.430048415935623
-35.433208789810422
-35.452577536259227
-35.260353197085216
-35.262132728902223
-35.286599361637606
-35.412232591747511
-35.304675546099396
-35.226301415266022
-35.308934318685225
-35.270270139110785
-35.331543006298354
-35.370402277932762
-35.341191300399899
-35.294215971202895
-35.382761854930507
-35.298669257573309
-35.266485176570235
-35.302477514202423
-35.382923986324791
-35.185747085604014
-35.282486646884323
-35.329920146948574
-35.140059582099241
-35.270664467542524
-35.361084444060580
-35.415556380060274
-35.333617497440748
-35.235684866079040
-35.362736730287288
-35.362959748026633
-35.398699818282047
-35.336915986750846
-35.365521462610232
-33.083038673327145
-35.332225488048586
-35.311831987064004
-35.354952436233312
-35.272514307291502
-35.465931007070864
-35.527591101974004
-35.363440435014255
-35.393185708502550
-35.391519206881142
-35.462547450193789
-35.363149842485370
-35.529204160326806
-35.302979235369463
-35.428269839617279
-35.360318386434962
-35.394380721640665
-35.272453837444473
-35.307014928329068
-35.259918017292811
-35.495001188739359
-35.291434480242060
-35.180410313906961
-35.134923224670949
-35.468440328347981
-33.141125406183974
-35.331769732467961
-35.301232967298809
-35.436609335709328
-35.439926766078663
-35.307837884734198
-33.027496765414739
-33.095589526084609
-35.347676118258605
-35.450464231127768
-35.322295454854142
-35.290765876541570
-35.416069277754595
-35.193781568571474
-35.183172454414219
-35.197238977111589
-35.339775699844267
-35.206667247713298
-35.349812629094359
-35.397671998762995
-35.459457315637096
-35.485535520736825
-35.425082506051730
-35.342201681865291
-35.451198796107100
-35.519774325082885
-35.370339013785440
-35.375060248695512
-35.300968442785184
-35.270421593953472
-32.893531785184024
-35.402288373851768
-35.036582763302576
-35.366911063796096
-35.326949917909722
-35.428707223734527
-35.454885489893400
-35.257291312868333
-35.421743790523578
-33.229992153971033
-35.285764610595983
-35.339676655034403
-35.360340314956808
-35.193971935327554
-35.367248213859831
-35.176367374585695
-35.433120027436424
-35.493995107988908
-35.454165558002870
-35.470679298967227
-35.474552568220929
-35.469720997463703
-35.440799949063027
-35.402744304405957
-35.423327179798576
-35.437324064175186
-35.305758877907763
-35.278336203218700
-35.187730230006530
-35.151419991880466
-35.236779233469214
-35.134776459335882
-35.321371965189115
-35.456461546354745
-35.372839728077416
-35.346645345967801
-35.377341740735851
-35.596367417149345
-35.470383634256308
-35.572605038763861
-35.540226771018141
-35.505620998584881
-35.351183849264814
-35.303864332628272
-35.318310290113850
-35.436931620022328
-35.266073267054232
-35.339624550886640
-35.356543141953836
-35.416745268448494
-35.343751535893084
-35.446187047349362
-35.493634842792368
-35.373988200512088
-35.528080143240231
-35.404050162989577
-35.338408268125981
-35.327199620326688
-35.249792277059377
-35.305916389823722
-35.203990362331147
-35.541176843185454
-35.561627455635545
-35.503192345866729
-35.443485202781901
-35.479896820092790
-35.560467747380159
-35.477869993281949
-35.346171704895617
-35.443656611422725
-35.404076937477804
-35.479036688945151
-35.537889821876981
-35.439235801787021
-35.462485246139771
-35.404594095525489
-35.381223136031579
-35.568371432326693
-35.426883974614576
-35.438825083959216
-35.462101057299208
-35.409469535831505
-35.443839230421069
-35.496644565391264
-35.493801942677990
-35.214018059252965
-35.594587352844009
-35.444616071923321
-35.562374195566875
-35.630360078351472
-35.467898598793226
-35.529226558844584
-35.597872351573379
-35.541693224945647
-35.569315090681059
-35.604734222632807
-35.434606127728500
-33.139557053676896
-35.567878517914188
-35.554039758583237
-35.579093384216293
-35.403338513678385
-35.362683005886531
-35.299302921317327
-35.580050814913058
-35.469160340214216
-35.363931120575806
-35.349053363278401
-35.350973304511285
-35.408317842389089
-35.431548567986951
-35.427318287451889
-35.537226217320615
-35.299245306602060
-35.297465983094995
-35.335254555802344
-35.444633067568539
-35.503377715641427
-32.964060003424080
-33.092450158575460
-35.263823227376683
-35.334382662338555
-35.220825757545654
-35.508555817975974
-35.386199966464353
-35.501700774734473
-35.439165601202411
-35.504134253302880
-35.164102190678278
-35.285971286438688
-35.262226870912279
-35.340782426857658
-35.205334249756206
-35.303477360858196
-35.165649062576712
-35.238265404465899
-35.310411574141590
-35.286620852947848
-35.315314105873874
-35.414329831453387
-35.382707055960715
-35.381999411726561
-35.366015554812989
-35.251294250777335
-35.334448397679346
-35.338766002269438
-34.795792602014075
-35.177157335903907
-34.714867797506194
-34.856404126480847
-34.778784330976528
-34.991706591489312
-34.717333846122038
-35.349559764474016
-35.292399590912083
-35.357519950861970
-35.371014722542590
-35.341414254317918
-35.404127368536784
-35.286661627321337
-35.278826201384263
-35.381643942673016
-35.394022391649834
-33.266170035950104
-32.980786914292040
-35.248050860875935
-35.263989068417601
-35.378914806720793
-35.306987670022693
-35.425464673316732
-35.323074951170462
-35.409480814140828
-35.338725005596167
-35.470044365822609
-35.307275485503460
-35.297374444509686
-35.253474387043418
-35.342699014857800
-35.311108876885342
-35.203996227934624
-35.250947007274661
-35.311171625002650
-35.322299201842711
-35.284133148525541
-35.243087398105224
-35.221554039878193
-35.144752876341272
-35.209652594267595
-35.250014963075941
-35.271170422674729
-35.526722344421295
-35.494593379525575
-35.452537760639053
-35.316167397360658
-35.478403490691072
-35.260692973628181
-35.170402411429350
-35.366085652435402
-35.395580004950432
-35.346629351244381
-35.244903771399891
-32.846244762059641
-35.344836902481873
-35.317553241206227
-35.351348628259089
-35.252963518482055
-35.405604678850494
-35.427372608042610
-35.159730500580125
-35.189979069784492
-35.275654404978461
-35.417501881631757
-35.198410324674576
-35.257095426697902
-35.240931702086080
-35.270354420789346
-35.248034492250333
-35.452945200894277
-35.434646236738963
-35.168106467267300
-35.238322186776720
-35.414668459225183
-35.464502718502118
-35.259871006461928
-35.181962660806313
-35.278091071622462
-35.397116156569865
-35.158907134052356
-35.176319007939533
-35.319226422220943
-34.978574463648506
-35.267981442530591
-35.198638466762063
-34.992986548929103
-35.333898338718093
-35.184152180179829
-35.207280523793884
-35.306640488539294
-35.390733615894703
-35.268286629542459
-35.218893609921949
-35.268363353628132
-35.151310531328370
-35.084842728565405
-35.320481907219246
-35.233016380397352
-35.288683699256936
-35.349218530757774
-35.351879205358770
-35.394801205971177
-35.411124202390710
-35.347978506856059
-35.247195790243687
-35.331812012302990
-35.338498810592661
-35.322292531255449
-35.251672989992137
-35.291707497192036
-35.261362110090118
-35.443104021195168
-35.173353837788497
-35.254568478810526
-32.990500288126547
-35.296644108560166
-35.243372536776626
-35.375872622005595
-35.406314787470009
-35.306070885263523
-35.307346727993995
-35.335879107947953
-35.296835850679578
-35.212150686746760
-35.196455169118160
-35.351524632873236
-35.258559887998082
-35.312177482304882
-35.240513730999197
-35.312696208717618
-35.367514150946363
-32.958723378382409
-35.389185231167943
-35.220612424224775
-33.043836174672165
-33.215658316047950
-33.056051943891902
-35.134852058196842
-35.223135447571337
-35.152470248703118
-35.205448456821671
-32.917529820762816
-32.911748049438231
-35.338094231783593
-35.113439664329618
-35.405739380703736
-34.837623783886734
-32.864126615013056
-35.368941288867035
-33.295992247281248
-33.021200874985269
-35.214031048248074
-35.236697104154679
-32.885981524999465
-35.171574692421608
-35.313998363581518
-35.283986578370232
-35.288239074862510
-35.390763025388679
-35.319315334969616
-35.360483097854548
-35.355997555580842
-35.380588935019894
-35.315642250060769
-35.350303298900862
-35.245683285038133
-35.284484371114509
-35.314027390214179
-35.114437908505799
-35.112532816105052
-35.269510026964802
-35.318091829822109
-35.135558002060712
-35.234238223037501
-35.422931932036896
-35.352340688215776
-35.356842508280586
-35.325084887647442
-35.350942168360682
-35.349789097251119
-35.310289950512143
-35.354271801222872
-35.413679717686705
-35.354557576293132
-35.324744801995102
-35.287026123598736
-35.314262358389577
-35.269387769842233
-35.320643626256206
-35.288534855341119
-35.356475391656325
-35.144198012186209
-35.249529967323241
-35.221138169134221
-35.061494115549159
-35.105793546058429
-35.218941300109840
-35.375681832367455
-35.400444516111939
-35.385146715475770
-35.232395578836595
-35.276600885901239
-35.272868786470305
-35.303408999450497
-35.314748585086768
-35.439270641204871
-35.318634954537544
-35.347806963142745
-35.345166055001378
-35.349507908731155
-35.178073028209873
-35.263036641157242
-35.329653614153180
-35.235936685893648
-35.273954016086144
-35.263934669984359
-35.314350724378770
-35.442654579827440
-35.127004117899098
-35.201229876807915
-35.177793705422793
-35.226762362984850
-35.268055740899214
-35.303104350527377
-35.363930747420191
-35.325425015742141
-35.406883023003388
-35.365322315189978
-35.329208129018191
-35.318904412692611
-35.353873644087464
-35.456132235684983
-35.390106262598842
-35.112616751710028
-35.287466564080738
-35.307469007526237
-35.372920089945751
-35.276078033127412
-35.273657736032149
-35.130460271961333
-35.141860456931390
-35.286158376190620
-35.102814316141917
-35.113577318231400
-35.272614864364499
-35.270259241493925
-35.223112666781482
-35.260615198496467
-35.323575259798929
-33.212309115755005
-35.327410166260350
-35.262995555748461
-35.426424379916824
-35.294881842372696
-35.372141311075318
-35.422667637754181
-35.204342698178451
-35.185914105990548
-35.195494941461739
-35.225677285182790
-35.210254620208858
-35.358794894854391
-35.265360137335747
-35.244856752166875
-35.375954780522164
-35.363686294034245
-35.346725954558373
-35.375495827389919
-35.246996731103316
-35.291166402749326
-35.329642077504154
-35.444024737236340
-35.299803053244688
-35.185535818435817
-35.243293558575289
-35.198350699554169
-35.041734141445012
-35.211138644826484
-35.183633859998373
-35.248672964089963
-35.479875465428414
-35.319264069020861
-35.280588210160303
-35.287881007227988
-35.277932690690896
-35.366247570215265
-35.404311129316675
-35.204305467853459
-35.261447160980985
-35.313255440788097
-35.325197868095451
-35.163467075017650
-35.328083155702650
-35.351376413716075
-35.335250763361003
-35.257052367550216
-35.179931520976901
-35.340134094754703
-35.213672863925197
-35.111467624039683
-35.146733229245520
-35.351354551847180
-35.298568006636479
-35.189611352284530
-35.219524307024116
-35.196735688584084
-35.165642254384068
-35.233273185682762
-35.135363681972414
-35.119372479767286
-35.236141338276099
-35.219352589979430
-35.019794769530023
-35.057681280071790
-35.201919009140312
-35.371819231603816
-35.220095288100630
-35.254119776009830
-35.249175000388817
-35.170966908925465
-35.257669542659244
-35.168550114147131
-35.343772646416170
-35.365685811585202
-35.343897988492074
-35.294360153917097
-35.324135583529859
-35.235039246535635
-35.357351139457109
-35.347100389564062
-35.498777265539928
-35.477048269851657
-35.281537591800195
-35.314591573374358
-35.200184716909106
-35.282612857416908
-35.319589503225693
-35.195958352623606
-35.395563302514240
-35.168119196112087
-35.259073298572297
-35.163850856302631
-35.119136877299290
-35.261081778184291
-35.118404498635741
-35.211276459924534
-35.256334511851406
-35.254564487860108
-35.336640222108386
-35.089368681956373
-35.159992831928221
-35.288865599823140
-35.205217571733940
-35.493562105015279
-35.518199695188244
-35.355356266042030
-35.358930484435795
-35.544240013041410
-35.369095414450570
-35.097855097132410
-35.296044628052343
-35.284535383262892
-35.323423041068111
-35.269198208021329
-35.388136970009548
-35.495177754533110
-35.430041074213698
-35.389481019052162
-35.368518179917920
-35.413843863203233
-35.471827857623445
-35.496393656106726
-35.395407877173469
-35.460199963816031
-35.462058885241795
-35.519474598389834
-35.309444825486999
-35.331790319888604
-35.213704594496164
-35.497754628997285
-35.412198891175784
-35.210799610451865
-35.396596492693277
-35.312719224899837
-35.309800819420843
-35.354032786865176
-35.287918786457794
-35.367252234151437
-35.212189714209103
-35.196753799720774
-35.409127969576488
-35.454483490535019
-35.428166615048198
-35.111754912239455
-35.311067824372508
-35.352541394905373
-35.327757769222799
-35.452996580998203
-35.209714895381829
-35.168202420210498
-35.349284461111168
-35.388610094840288
-35.158594087911673
-35.288346327197026
-35.198585278810199
-35.348361755654700
-35.307971257128351
-35.265056086570269
-33.109092712891268
-35.302495112636564
-35.518522996402261
-35.492485586768581
-32.885994581490891
-33.033115703174886
-33.118996536617352
-32.906727412903784
-35.246605259320312
-35.205824039198689
-35.226385923526990
-35.356214298428540
-35.400455707968391
-35.431796822485587
-35.348333997210958
-35.179206211614968
-35.381747178402463
-35.431797878601785
-35.286240209652682
-35.316378606384312
-35.273285643318040
-35.269023094302391
-35.340019316192603
-35.329440476167946
-35.073805484117671
-35.095582226526567
-35.148687797523117
-35.207891713620079
-35.262905809285897
-35.321328897214975
-35.185961104023029
-35.199363816624164
-35.246748624280897
-35.295788071305665
-35.199391368074451
-35.301304357377099
-35.262226811239110
-33.055190212957818
-35.267165435287502
-35.262936469576772
-35.213975334138276
-35.252236483456819
-35.282462951769503
-35.202636228393708
-35.257180154967010
-35.216213883991387
-35.224117709502266
-35.220642529993491
-35.220596744918055
-35.225184439523844
-35.232305087163887
-35.240011820422964
-35.402627282950995
-35.353154306790145
-35.349011756402057
-35.420296753408849
-35.251471826305767
-35.239170544221402
-35.351329034993164
-35.202446360894349
-35.292637300571940
-35.213711547194279
-35.243528509759734
-35.091182618282616
-35.249553711099857
-35.242892122785179
-35.325249985361538
-35.203128950989111
-35.238477359692524
-35.370838284100657
-35.001966922239326
-35.386144845523390
-35.163212959103966
-35.312615973694307
-35.415553004971564
-35.295477178550442
-35.270201866650083
-35.365151664147618
-35.430616128648431
-35.241442410208833
-35.263074477633033
-33.298320754326618
-35.394784157812403
-35.144230918084695
-31.014171739187482
-32.980761029619948
-35.003294617877337
-35.270133603465013
-35.114604515173937
-35.370458303606313
-35.320984025704313
-35.332017095157816
-35.338817393706798
-35.094621379743813
-35.050215863827333
-35.111031539166255
-34.774309434153921
-34.806466695734763
-35.286576991759532
-35.235564286227827
-35.189733430217586
-35.265928206392473
-35.157152979393551
-35.144894384720629
-35.210018699674627
-34.942251589521995
-35.308707430981691
-35.362895354743188
-35.317379010819387
-35.242219592998936
-35.264672280165428
-35.232727814548277
-35.017807763723724
-34.906439339360631
-34.977580297991139
-34.928542919389336
-34.961205738565262
-35.322007266504841
-35.437730510985133
-35.166608762543838
-35.297314182959354
-35.512231559925610
-35.497139133073645
-35.457102086608579
-35.411447518743678
-35.330093691289704
-35.375823717022620
-35.353090596758115
-35.305565877745757
-35.221756814251037
-35.098599155956613
-35.392953376279152
-35.357805769975748
-35.408544673051601
-35.382842951383367
-35.277059285326203
-35.363281943486506
-35.279726168114479
-35.448252770321581
-35.321165599265264
-35.230180283057798
-35.337366761251353
-35.379886962624283
-35.400514979907037
-35.186390699522995
-32.918867443869708
-35.242189275325487
-35.320643909312324
-35.370064329863609
-35.189055209883257
-35.222608334446306
-35.348767245281692
-35.344354122782207
-35.360091701514627
-35.238390339451286
-35.395254268608646
-35.212369356076799
-35.197295599752138
-35.152706632226206
-35.219896793486427
-35.215668289590383
-35.241063332745185
-35.218206701029132
-35.115302477005883
-35.159960459034458
-35.208102768516028
-35.212598861801993
-35.200545245493622
-35.249845103820562
-35.319146864894918
-35.215662891831933
-35.099646834550704
-33.168452375984835
-35.302101294373280
-35.269228894479575
-35.227550751898193
-35.299930385512091
-35.189976134603846
-35.292417622272083
-35.289676718099926
-35.339164484334624
-35.217700292023935
-35.360939882749221
-35.514742289989250
-35.076206082285488
-35.062470138713302
-35.308700317599346
-35.259083767269757
-35.182273301877466
-35.229306394806571
-35.268908751115049
-35.250544332855583
-35.248923712521574
-35.312709856296280
-35.243143491603938
-35.311370224316121
-35.266753847083855
-35.308256913401706
-35.374374060702557
-35.373837064478778
-35.288153941670217
-35.314367742753632
-35.330139777009549
-35.386938176020848
-35.335703367837020
-35.386488038253120
-35.172953580721618
-35.248309852186679
-35.181875230845868
-35.156836126991166
-35.119470005795662
-33.435805866682792
-31.612909426644613
-35.204953236936269
-35.383728639197152
-35.184340267496459
-35.266345591993627
-35.312047007554561
-35.429923146582510
-33.121062392095119
-33.162687881573888
-35.316731980453596
-33.170959196185450
-35.319812343284994
-35.232482040343385
-35.307201741572101
-35.398761035300495
-35.408800529299278
-35.317524387705014
-35.328368125405291
-35.305982094103712
-35.298484828837999
-35.258326768140414
-35.153857226830965
-35.144652963480723
-35.107271602684243
-35.267468336988543
-35.179892732735709
-35.278513869302145
-35.238615866615142
-35.229803537903528
-35.265375941998123
-35.149936312337864
-35.195553269045874
-35.307267293416025
-35.189053712917584
-35.317058397932833
