98.535819694699995
98.545246713599994
98.556614468399999
98.583732048700000
98.581588490800002
98.580991199300001
98.613610037900003
98.593898284800005
98.575797235400003
98.625739198500000
98.717105676800003
98.691682420700005
98.638777674500005
98.814554161800004
98.611164784200000
98.655356986900003
98.684002636100004
98.761321757199994
98.609379557799997
98.772933047999999
98.649640067299998
98.772905140199995
98.707684359500007
98.712728972999997
98.735231394799996
98.763233112500004
99.013865934500004
98.773549347300005
98.747815571199993
98.720190893199998
98.668855697699996
98.996973041600000
98.879960565700003
98.679073976300003
98.671285206400000
98.963382537399994
99.009239750700004
98.907267164600000
98.710891863900002
98.764464544099994
98.984680200000000
98.712557503499994
99.011499210200000
98.792019334000003
98.682162097599999
98.902898731600004
98.958505923100006
98.720775535399994
99.021244425000006
99.017948897200000
98.811838660899994
98.857037260400006
99.091643991599994
99.045529619400000
98.781686305999997
99.136491837600005
98.877742348400005
98.826103137600001
98.822954433400000
99.153342210399998
99.111916722900006
99.025205165000003
98.800733205699999
98.879310805200006
98.794092458600005
98.813233752200006
98.910121003100002
99.148235402400005
98.809535595599996
98.850145568000002
98.875124401299999
98.890599374299995
98.895909761200002
98.847131843599996
98.884829938600006
98.851999945900005
99.046051588300003
98.949323884799995
99.000531885300006
98.937856585899993
98.982199910099993
99.032526369799996
98.851182238500002
98.910435602999996
99.009859581000001
99.025670264200002
98.923329194800004
98.918626101800001
98.860764729099998
98.942766099599993
98.957647721599997
99.049599992500006
99.145205485500000
99.054626244399998
99.035805765099994
98.967481936599995
98.906105390500002
98.929000514300000
98.992806059399996
98.833874005400006
98.921860085099993
98.949484520799999
99.042773351999998
98.960557645600005
99.014937133499998
99.083879035400003
98.851466510199998
99.023265228699998
99.028168572900000
98.857275528200006
99.110043202300005
98.968565170399998
99.159617206600004
99.061597201699996
99.143666131299995
98.961214669000000
99.017596841900001
99.002251598499996
99.070234838100006
99.082648729300004
98.963310728400003
99.007409634100000
98.924530153500001
98.898146348799997
98.981149932400001
99.029538880199993
98.969527540700000
98.872161093900004
99.385344754100004
99.070586633900007
99.035233468399994
99.014661589799999
99.046082879300002
99.111092106800001
99.086552524900000
98.997918084199995
99.128482175200006
99.006316060800003
99.097794093399997
99.057291777200007
99.017224810399995
99.114211369499998
99.011540170600000
99.104786212299999
99.173991616600006
99.062001147399997
99.007111723799994
99.071873122900001
99.121564774299998
99.114849927999998
99.059178882900000
99.096207865300002
99.121043711599995
99.148318872600001
99.090348555800006
99.055525394300005
99.110284767799996
99.073409337900003
99.111031791399995
99.130904571700000
100.134872679200001
99.138173311399996
100.126333802000005
99.085448005499998
98.944325043199996
99.109931892899993
99.167287081599994
99.058885524100006
98.854374838300004
99.189592670899998
99.179251599400004
100.143816641000001
99.100268545600002
98.988932878000000
99.196707023399995
99.070476846800005
100.146860362200002
100.138180291300003
99.197710686500002
99.213060082900000
99.192970924199997
99.130724738599994
99.118911989599994
99.034394604699997
99.439985664999995
99.133536689699994
100.114789691400006
100.156782313700006
100.119961168100005
99.228645033099994
99.104179578900002
99.119166545699997
99.441739525100004
99.467869351199994
99.090780598199999
98.878512478399998
99.136627821299996
99.098984783500001
99.308749233900002
99.186135386800004
100.146239596000001
99.129043638799999
99.294074801099995
98.923430027199998
99.181323535800004
98.933743762999995
99.118540103100003
99.273017749199994
99.044625166599999
99.281593891000000
99.164327397899996
99.260721918200005
99.015624690899998
99.034695823500002
99.333311554600002
98.915370571300002
99.176374481799996
99.555901388400002
99.287595902600003
99.284670500600001
99.168744236400002
100.141423996800000
99.170888337600005
99.209421806099996
99.078258086800005
99.137106005600003
99.297104368099994
99.129268988400000
99.113599663800002
99.357567260200000
99.160228704199994
99.149405399700001
99.188572196600006
99.135386899300002
99.205009104200002
99.246859407299993
99.176833696700001
99.235988987699997
98.901047881799997
99.194818928299995
99.967060673099994
99.310779682000003
99.207309748699998
99.515404365999999
99.220815733699993
99.945772363900005
99.128508223500006
99.560697543499998
99.219500038000007
98.887923931399996
-171.442671834608120
-171.530363966174889
-171.671574798126017
-171.658634857775780
-171.501133758156612
-171.404029707969300
-171.589274165049119
-171.642090263767301
-171.673346315985498
-171.481664835553545
-171.478927738290679
-171.558539364342749
-171.690908054049771
-171.690657017341408
-171.348364895120426
-171.597177666606314
-171.660168205355092
-171.613584785119144
-171.678337263830258
-171.691639298937332
-171.691299250577600
-171.481275313453978
-171.545877931081634
-171.394472120281961
-171.296072587553255
-171.661462239179741
-171.608675627865978
-171.493287242733857
-171.555975194966891
-171.279363506405190
-171.180959335012119
-171.366027071469460
-171.430505968439007
-171.523496061624996
-171.208490106306499
-171.283575688659511
-171.337532164572195
-171.401070926971073
-171.263885959662389
-171.208575179023342
-171.400801384029080
-171.576525311272349
-171.635112714516254
-171.356427176476302
-171.437497949962960
-171.513498221595398
-171.576067031382820
-171.605460032330171
-171.295297635586962
-171.493608633238125
-171.418538389938902
-171.364567880520667
-171.165400815087878
-171.265549803674304
-171.420718036756000
-171.359890631025735
-171.331688735720235
-171.215766935641852
-171.381285098899241
-171.288752401618837
-171.166000974000127
-171.371119928212352
-171.340237297933754
-171.278648613799675
-171.256535863569354
-171.317271241167646
-171.154256636556767
-171.407548676052443
-171.377721509521905
-171.337193227751925
-171.366544104086927
-171.131272336098164
-171.196912210920232
-171.277455543780263
-171.349272797903950
-171.364389801100856
-171.186376698153367
-171.087258108246658
-171.292020006338078
-171.572609275374617
-171.398355617740805
-171.449209635871966
-171.198467191860203
-171.101604850671663
-171.278369734098050
-171.338914084155221
-171.366517474452337
-171.240252825321306
-170.739696690696832
-171.087167025695351
-171.159261125329749
-171.127555758809592
-171.496383729733225
-171.468471687452507
-171.155622549759812
-171.214384361947452
-170.523348814031863
-171.143177035040651
-171.052028041610527
-170.737525739422040
-170.492553786661176
-170.767354458545498
-170.440400905914601
-170.519004446269946
-170.551019026927605
-171.115217470867890
-171.187350868349085
-171.578598139248697
-171.339622145539749
-171.256472490800888
-171.330728141721067
-171.232037623101576
-171.134225709991028
-171.312453802345601
-171.308661414052324
-171.183949982940362
-171.245657321025988
-171.411127023443015
-171.068595436507110
-171.147787679266912
-171.286089269812720
-171.218678496227255
-171.090732996098836
-171.310160145014891
-171.279285568792318
-171.012887402265591
-171.155789715041919
-171.176919271826932
-171.079080302393777
-171.512833411147312
-171.430622733704354
-171.483284945677724
-171.144452902389986
-171.065253777274478
-171.218446919991152
-171.279834456812495
-171.339214462077791
-171.401858213657533
-171.316107837440086
-171.241013702097945
-171.493076856538721
-171.510521302697498
-170.863488556942542
-171.347129390294384
-171.588440413133242
-171.017252425528966
-170.991454589256335
-170.929590505371664
-171.119817922578846
-171.065988093569104
-170.846499263950221
-171.376819382006261
-171.370072323924148
-171.439936947198476
-171.439637032752302
-171.271877513476909
-171.543684214498285
-171.721458989908513
-171.494265757074970
-171.242674095883046
-171.322353968180494
-171.266772690340076
-171.083004106251309
-170.999405352456449
-171.157311035162650
-171.228881271163345
-171.296465991902096
-171.469103847252484
-171.733662423732284
-171.785969956610785
-170.945416954556208
-170.909641102276424
-171.516232722464906
-171.529339440122243
-171.358699917070368
-171.558394649399872
-171.534650073977588
-171.505138315655529
-171.220609009063480
-171.089842247160419
-170.997381114059181
-171.303394995852443
-171.241986545478909
-171.453699836099645
-171.391257396821572
-171.450249907408761
-171.168852692444659
-171.363476818578704
-171.455160933332252
-171.182893089010406
-171.144366918627441
-170.650098359656681
-170.625970667740887
-170.518832455641075
-170.675769559494967
-170.704938174448671
-170.667359352949717
-170.099632041291159
-170.679239753975310
-171.226778950240146
-170.600279535588868
-171.026402003146472
-169.972629322610430
-170.061511045802376
-170.714309709972440
-170.749587583109189
-171.772016104526301
-171.348700716959883
-171.221153839435601
-171.916608472357439
-171.618924041358781
-171.105782094429230
-171.138042430567680
-171.262110356569877
-171.368958155557863
-171.343865008716307
-171.256463228112523
-171.290629631123920
-171.406151425149005
-171.982903824610332
-171.272471961191314
-170.987837879653938
-170.911811187047164
-171.359963074962025
-171.932449125557099
-170.870035998247033
-171.637374075317354
-171.623310048695430
-171.355981649324917
-171.637722864679915
-171.372723749185042
-171.434125124058340
-171.070996292325248
-170.968813314621713
-171.168268974269409
-171.262269859516294
-171.342179755061409
-171.304219418742832
-171.273543838340743
-171.164710855438614
-171.249245429256518
-171.250081222379322
-171.173266701665028
-170.933705074881317
-171.132790300193989
-171.076029779428666
-171.026654060260256
-171.101151003129587
-171.229338830831409
-171.050830285014428
-170.975784695568507
-171.172667202084938
-171.508854813531997
-171.598734624159420
-171.492387843594940
-171.447975403022099
-170.784346787157432
-170.837589759570278
-171.128462929319141
-171.037785153796875
-171.049509882390680
-170.997031878936411
-171.348231397708901
-171.614386604331912
-170.984987617859531
-171.192193184561035
-171.572261214693185
-171.627393165293483
-171.692331743177135
-171.691771914500578
-171.677586601509745
-171.242923009488578
-171.508805709996039
-171.201484739426689
-170.598124560488884
-170.935893563041304
-170.699441569468121
-170.977435856042689
-170.663724424678321
-170.656261488340931
-170.805455538051604
-170.893800252484169
-171.099592223736067
-171.105632499507408
-171.217796984059987
-170.981533027477411
-171.043350855141000
-171.498811910587705
-170.712147640648766
-171.399674621460576
-170.966606642021532
-171.028811738902789
-171.278018707719184
-171.146975716438646
-171.209558457390756
-171.089454286123157
-171.465703380612325
-171.076227356351239
-170.963398566882432
-170.842596195359079
-171.131730783265340
-171.013419888972777
-170.960875194195751
-171.126709402032361
-170.667249561466122
-170.754421330945235
-170.304376281053408
-170.779600364782510
-170.415658634638248
-171.143071688802962
-171.722260412994103
-171.341980770057916
-171.623650019388037
-171.289652936891912
-170.762061031271855
-170.954024154605321
-170.926750298401942
-170.864297591619959
-171.023944944405855
-171.258750529671886
-171.197275075260052
-171.118531190943202
-171.531050100336302
-171.558781591356649
-171.769596363141090
-171.717117269937262
-171.431802733574955
-171.369934754422474
-171.071333813913213
-171.140734003001569
-171.108899602549315
-171.049799000169855
-171.082472901863127
-170.966114521702877
-171.572551093462806
-171.079695550784976
-171.091486800279824
-170.430823014101804
-171.380298688854793
-171.151413528565172
-170.954393123464001
-171.029500344527946
-171.055617535790816
-170.773530850758760
-170.799701324086357
-171.085638837539250
-170.699726569875821
-170.745650905121408
-170.801515787415383
-170.802178581802849
-170.766850459149367
-171.716848598773424
-171.762835016524946
-171.325789448065905
-170.804249799696208
-170.743017037294123
-168.647270522619408
-169.118147760744790
-170.946390061554297
-171.747026295496823
-171.445190643348639
-171.459257345548508
-170.945389695823394
-170.600831205768287
-170.785635908416737
-170.784811063122817
-171.193428708883175
-170.537141790725116
-170.536120269270924
-170.685975975847526
-170.759226939552491
-171.207551396810175
-171.451926703164304
-171.494134926021786
-170.924997555030529
-171.325946812208770
-171.411358326303628
-171.021203539425073
-171.181224809084654
-171.049224759738109
-170.945614270930434
-171.446362842982012
-170.955507792131073
-171.492294406231963
-171.305140777197266
-170.897925626242625
-171.329582768017048
-170.943969901313437
-171.002917896712972
-171.468974003265828
-171.761346726024271
-171.394256577570616
-170.938953806251448
-170.953747804830357
-170.410589602622309
-171.313457666000915
-171.087729269171234
-171.618385690011849
-171.532408312333985
-170.980769512055986
-171.489914635460195
-171.398364364271174
-171.451849928522051
-171.497254935621896
-171.414710928280414
-171.641985406222830
-170.615031831293493
-170.715270829994552
-171.002491093648359
-170.902038509748195
-171.389589070326821
-170.662341869850081
-170.754271458841913
-171.078269228127141
-171.015313326413150
-171.447990343931451
-171.436253204959769
-170.830500894774104
-171.483368256286951
-170.788985665065184
-170.778873062736608
-171.706449596581024
-170.930437814531786
-171.309033375731644
-171.369734974525215
-171.009028778284915
-170.906854371745112
-171.105648308061717
-171.668559756767479
-171.966242865619193
-171.184806146313690
-171.529593795087123
-171.062223739433591
-171.169119998625831
-171.037936025603074
-170.407316817663599
-170.418698699209244
-170.927048228391868
-170.505786580705688
-171.216632869329487
-171.181942073123480
-171.150646710783519
-171.024058559765251
-171.723082220562191
-171.090590630596068
-171.114812812482455
-171.090571708179056
-171.103207813451888
-171.094057741111556
-171.275383564506512
-171.034974716590085
-171.004254106839767
-170.920668689136932
-171.542603528286975
-171.296585193511049
-171.744608154549269
-171.628594866830667
-171.674550027596837
-171.182551898661217
-171.151269654866439
-170.665037250653427
-171.777925671858156
-171.789073627881578
-171.735436776113914
-171.551615336581847
-171.197697629724274
-171.341432419792113
-170.767504144837631
-170.903367223076657
-170.869701252522731
-171.061461855972027
-170.966907127560290
-171.139519543951735
-171.579213758831827
-171.632851458064408
-171.183657062099797
-170.578548015514372
-170.900111250163604
-171.048830527915413
-171.080216318820419
-171.267777239898777
-171.534380133319701
-170.718555172478744
-170.629601523475799
-170.847983606005187
-170.875468053790144
-170.667330220714575
-171.670416262964153
-171.421167787258412
-171.340992400904497
-170.964181799183820
-171.547439777313144
-171.238603832978526
-170.697338768567761
-170.782386496759443
-171.274327084321783
-170.886190805517401
-170.903328567835729
-170.962766971737892
-170.801249076360051
-170.971156489312563
-170.958545898218574
-170.856044081264685
-170.507672209715025
-170.668519525530286
-170.319974822629035
-170.875244226425195
-170.902125167977090
-171.154598664712296
-170.823732279051058
-171.748511944982454
-171.039847888049223
-170.777792088647288
-170.864331152526461
-170.960120727608199
-170.984628632315690
-170.600979452968033
-170.850530123963495
-171.076889749972224
-171.033340295776270
-170.975407205195665
-170.911196598312841
-170.968942455240949
-170.871491668917542
-171.094207341258198
-171.262432399300593
-170.844644888192192
-171.082835868429129
-170.861974350735267
-171.013944813043679
-171.004257730692984
-170.835133706723099
-171.467821561009629
-170.868143721585113
-171.361068748212176
-170.209584320343026
-170.255609428638763
-170.976252788034031
-170.869168961070159
-171.080044087240822
-171.138128425770248
-170.898161058825849
-170.742603552000787
-171.198252729052058
-171.167625918746353
-170.798526378307201
-171.277067739204142
-171.413364631614542
-171.510025349131411
-171.663769046020718
-171.195140775148076
-171.193449652659297
-171.722441492296014
-171.244397227856723
-170.945383345188390
-170.861800840298088
-171.019638929555981
-171.095957713268490
-171.167558277683440
-171.192762389057975
-171.760860320371393
-171.147602732242916
-171.400009032765468
-171.465992371524862
-170.638978452624997
-170.833936858995116
-170.860445934840357
-171.090378213953016
-171.189813887421252
-171.443791183674506
-170.808959367680728
-171.454421503548787
-170.782533956296447
-170.944294481891461
-170.591351339029018
-171.094463243819348
-170.966840113923467
-170.716822262070735
-171.325434305657780
-171.174692678479772
-171.033305548116573
-171.093869342289537
-171.124997097760968
-171.163149771984138
-171.605321916263904
-171.561227474229554
-170.337587060786603
-170.434701445334269
-170.520494456761185
-170.811483403482839
-170.460812798206007
-170.263183227235061
-171.302642470723498
-171.616915166734316
-170.592052162430946
-170.618830780808906
-170.666417002871242
-171.304378710205896
-171.618611092754549
-170.718614117550544
-170.558374916307230
-171.309042095090774
-171.148699201135912
-171.073650531421293
-171.267128459271021
-171.220583768243500
-170.923558582588157
-170.826045599806832
-171.008889827094436
-171.321682790200384
-171.324051408776597
-171.297182333348331
-171.792143951752848
-171.506150915365822
-170.505466671251440
-169.759442289497883
-170.378740645287053
-170.323783406549609
-170.877669635855909
-170.158655642857667
-170.236144323531903
-170.475031010743635
-170.116447578024747
-170.387214875668406
-170.024851522266943
-169.679280018739178
-170.221005083115926
-170.830585161551710
-169.861564829369229
-170.901276815748531
-170.953651453860033
-170.936236762311580
-169.670921351264383
-169.823426724172805
-170.887515198985454
-171.033413717011342
-171.296286079927540
-171.419305930731582
-170.859039562892860
-171.196556441373957
-171.179263444742617
-171.256660909528648
-171.199522338207288
-170.450925953027252
-171.142393258435334
-171.667203815502489
-171.161703670534678
-171.114838071856354
-170.748903145980819
-170.813612648308606
-170.947763171896440
-171.675764819227879
-171.184822043482768
-171.382876359969686
-171.110093946214647
-171.142863970253899
-171.521028327579302
-170.888370779720333
-170.828179396668645
-171.272803599831548
-170.682301442947733
-171.073872014903884
-171.225713994988098
-171.429376798207954
-170.950107963637720
-171.008701138638628
-170.746677293635344
-171.264049973412000
-170.803092560946482
-171.577168977277211
-171.362220515477929
-171.426414611386065
-171.488696533633828
-171.517221029378277
-171.545149286640253
-171.545612784385071
-171.522078107325001
-171.819115282759867
-170.059064083451545
-170.068450178136175
-170.599535487106607
-170.606273995012089
-170.298727547319402
-170.224555308781021
-170.714418820474521
-171.095429307265761
-170.358781467128495
-170.806474158034348
-170.468362960028230
-170.352586349036869
-170.097079562424739
-170.597328368842568
-170.543943568661973
-170.359088920767277
-171.033809886737799
-170.888720005846835
-170.795024150582435
-170.648857798841050
-171.773086229862145
-171.578737785727355
-171.455687366206007
-171.396673227113695
-171.577592569992362
-171.643529917232854
-171.166752725962112
-171.753031143395333
-171.739281483361708
-170.894983717025241
-170.797627673855175
-170.925028023897482
-171.491437090718705
-171.425170836317136
-171.480265042763818
-171.479265141894729
-171.720763640660806
-171.722065354483561
-171.447857660327344
-171.546531342192992
-171.742183519900948
-170.927096863195459
-171.024832509373596
-170.862862060654322
-170.777533384920758
-171.802338811214668
-170.851771210956485
-171.198513850693672
-171.136342883154612
-171.099869659034255
-171.171751498601282
-171.164037668509877
-171.178038960298466
-171.212846424210284
-171.214116700491161
-171.788389788219547
-171.801718012025333
-171.768036938108480
-171.836182455350638
-171.681245477014443
-171.447746738521914
-171.176125258122141
-170.636057398902182
-171.123993862749103
-171.313882721811154
-171.285923097179875
-170.791273147811296
-171.245513426924191
-171.246760829482753
-171.219034897341885
-171.188127631949044
-170.848285463707413
-170.771664674129426
-171.310875952991807
-171.339504038263016
-170.119500074345154
-170.145046205826873
-170.392768565204165
-170.317272837270650
-170.234236957828728
-170.819245090301990
-170.579595655982757
-169.659831660207715
-170.351265641796601
-169.853173921170878
-169.562480652493775
-170.478896583135452
-170.655790460645193
-170.698352152248930
-170.787061593697700
-170.106958277341619
-170.111818013105506
-170.826082265462503
-170.783048326312951
-170.528177614219942
-170.549390441276671
-171.009268815645100
-171.539520358064834
-170.922861517652564
-170.977563796483423
-170.995710682959498
-169.907032150075480
-170.456709469500396
-170.919357325759449
-170.859510635383089
-170.628885786661158
-170.364760076712571
-170.335796464510793
-170.189611642589000
-170.266188992063974
-170.716527236043277
-170.925331865476835
-170.785172973631461
-170.700408287644279
-170.418306880867874
-169.938760405174889
-169.426776956777530
-170.537642983631031
-170.265231269802371
-170.497159298330672
-170.487997581989760
-170.972893762763590
-171.009630776690528
-170.854074914459716
-170.770779207739452
-170.915074197682060
-170.192597014428429
-170.111674396459421
-170.573667634393814
-170.416554044531495
-170.493693132778901
-169.678970832701367
-169.061024444658443
-169.715847328175386
-170.367367719387687
-170.165709407136603
-169.751833259622458
-170.285625652475375
-169.582489283651626
-170.508308967386029
-170.740663509362747
-169.702997552981856
-169.247468930842672
-169.027826505847912
-168.671320428986974
-170.151690035171669
-170.464966374015091
-170.129062066811741
-170.230607769541962
-170.260319305744986
-170.199926197945160
-171.174356540976618
-171.414331154871093
-170.844977283579425
-170.769240805203083
-170.216698162691586
-169.670256625195009
-168.842190177086877
-171.417070835968445
-172.062480956398758
-172.120440759165035
-171.987061450167289
-171.583681223271384
-171.247140107950770
-171.195577236741883
-171.099366821340681
-171.305443803175137
-170.756482321486487
-170.946917557607605
-171.338988857271943
-171.528618985872981
-171.588284286866639
-171.525693583602248
-171.903138095822044
-170.765629006913400
-171.290692734410044
-171.468741341527306
-171.238592917247900
-171.392400676424018
-171.556054853886110
-171.640379581795003
-171.300592422815356
-171.779020504588175
-171.131989094983339
-171.717214339322311
-171.653379440678236
-172.008099676506220
-171.174007748695828
-171.223153710603725
-171.138215098383000
-170.458120999816458
-171.079607806127967
-171.172331616710551
-170.983407112871788
-171.162662943087014
-170.495271999927780
-170.858556085560906
-170.355022136768895
-170.409037160244736
-170.817877422119807
-170.898490612984887
-170.754290187250774
-170.813308250527484
-170.894194209717966
-171.030417926217950
-171.110131707910227
-170.892976580414683
-171.412729447235307
-170.948554818774539
-170.938707535009542
-170.935208853889151
-171.158263364657444
-170.943352746652749
-170.912224106945047
-170.909967106592148
-171.384821069767497
-170.938347410899240
-171.035770056659345
-170.690303686212644
-171.547552306298883
-170.766808732456468
-170.831024372761021
-170.737893315867296
-170.659426755641960
-171.534544988359102
-171.439895296778104
-171.502802980328454
-171.547432204956863
-171.140256702435323
-171.167367223387942
-170.786724726329226
-170.317754303567881
-171.460870608672678
-171.402233858171826
-171.186759040255083
-170.685645551333266
-170.952704466512415
-170.894683455307927
-170.984102161712883
-171.179366928697846
-170.733400859543764
-171.046617708729855
-171.292607567740276
-170.835039988594531
-170.751165363822849
-170.428712558328982
-171.231557482164021
-170.786378979750737
-171.011420088306437
-170.559937261814753
-171.088642204059568
-169.900103626844299
-170.275796283754914
-169.556667357641601
-169.594618953612326
-170.744401201120496
-170.789051700095797
-168.601225188246303
-168.573974645007411
-169.160548816427593
-170.539838364038275
-171.329756163112734
-169.438129566715702
-169.891650049505159
-169.513556602981765
-169.573333135258395
-169.312328055201021
-170.475241607034832
-168.937162952008009
-169.216472481120633
-169.280152172934862
-169.789790734998974
-170.628268468006979
-170.572168231248668
-169.662874518766557
-170.573826414955164
-170.644316898072702
-170.340939111588284
-170.354430252799204
-169.488188702980977
-168.836879685994916
-169.527603344104421
-169.624768859780005
-170.719169398953568
-170.758833912001990
-170.294056393250401
-170.525282916347379
-170.581524630089632
-170.091893323292709
-170.155746585158624
-171.143904996907509
-171.176639585389637
-170.764519557304709
-170.395183750632441
-169.933851417441133
-170.332064980081242
-169.863173950631392
-169.513776440675827
-170.568105723113746
-169.960686994838113
-169.991000159231533
-169.070272830156910
-170.036216202054447
-170.406521096882869
-169.896834327324711
-170.254691777952416
-170.413189830289070
-168.999322605344901
-169.074167872173405
-169.946005010463693
-169.955462832150431
-170.716038342072210
-169.899665795931014
-169.365099113936878
-168.704980654111523
-169.118543404716007
-169.415513228449129
-169.404335333783877
-168.675860182699523
-171.051772720434855
-169.745304052920204
-169.849832136563066
-169.751909091154175
-171.386450345707175
-171.374330441469965
-171.208470986606756
-170.994261744858449
-170.280453900085860
-170.815080607959260
-170.810564931458202
-171.490402642441950
-171.401134525509121
-171.404086635753004
-170.785615989855557
-170.102120298120667
-170.168736804256923
-169.855674172717272
-170.805957366097942
-170.717631440858497
-170.880799697313847
-170.871266239128573
-169.611474578788489
-170.666466254605183
-170.589675790650915
-171.716998858204676
-171.265302416245333
-171.262319853520182
-170.302888422711874
-170.228302939093055
-170.391701762110529
-170.036334657798079
-170.263333700246875
-170.760879429052522
-171.022798597640417
-170.032838886841404
-170.299210342648678
-169.882599993372281
-169.850252720974112
-170.705378481662308
-169.736863048136485
-170.525687087821240
-170.790328355297845
-170.714005526955702
-170.899021307493967
-170.062843313054032
-170.041585091836225
-170.105131627254991
-170.433524614733898
-170.809969929314320
-170.068120216023260
-170.092641367122326
-170.521071490738080
-171.214752022948971
-170.978348709251833
-170.143501163091514
-169.791546268420944
-169.779529440980014
-169.574768564833221
-170.710880168833086
-170.521690982837981
-170.930833615606417
-169.929714887636692
-170.824202864472682
-170.857818048823674
-170.650495255269817
-169.818333623539388
-170.911472874082563
-171.268982654752989
-170.872098234333407
-170.647894381665822
-170.745235052523640
-170.703424642410369
-171.500156878172476
-170.786585800182252
-170.755539537232210
-170.601780811998822
-170.729374073894064
-170.665277187484094
-170.534968872687784
-170.624498948537223
-169.773316594840821
-169.007676290991810
-170.092241511562491
-170.375870113496433
-169.704139480231618
-169.655357232326537
-169.108224578975751
-169.538707938701805
-169.954005457624135
-169.080250407950246
-169.133342985239040
-170.771245544928064
-170.779805859017245
-169.563296752446547
-170.012704920831368
-171.152583589009510
-170.922169711717970
-171.175817783070073
-170.957124399540021
-170.985394118658149
-170.921076028239753
-171.240121510547937
-170.926576039235954
-171.244360636609770
-170.701003067245438
-171.398570729706648
-170.977961860493309
-170.986195368229005
-171.318599525230667
-171.345379143567470
-171.163034384786954
-170.975614928066591
-171.027511371882213
-170.126827255511841
-170.337176576001184
-170.824534627431149
-170.882548538256941
-170.767455415047777
-170.707993147620414
-169.765996592463409
-170.239727515941581
-170.820116751616609
-169.975602564277096
-171.236900044469166
-171.320388746363875
-170.097651161731619
-170.176300994467510
-170.329148330322710
-170.267854698977203
-170.000510162795138
-170.765177538280966
-170.220628560606542
-170.255143585510211
-170.309600604644572
-170.327521642218983
-170.638279248777053
-170.966390268866661
-170.712903881335478
-170.790968806686124
-169.560957150177501
-170.716375760297694
-170.699216810888004
-170.775342853862185
-170.699706138743409
-170.535765213464231
-169.996694298723867
-170.854257200879005
-170.492016043101415
-170.466620018646722
-170.674929130598002
-170.990520168336730
-170.800722839070232
-169.049786537823366
-169.112384332324297
-170.697135526850701
-170.110093757834932
-169.125556194637454
-168.846599459589868
-169.077350846744793
-169.062950334770392
-168.875159026000460
-169.598312177276028
-171.557645365670083
-171.017784729030325
-170.633965068889125
-170.731550634389009
-170.881670694784901
-170.852502472360783
-170.891480809327561
-170.949040989672255
-171.209237155633332
-171.152473828857580
-171.651233205750259
-170.788158344725900
-170.690598529003807
-170.942672816117010
-170.967576809347122
-171.096287707131580
-170.741392999432549
-170.910055057574539
-170.927825257608163
-170.791751629825399
-170.690240110170436
-170.867954037663083
-170.931188931920815
-170.960594240986836
-170.986334963530084
-171.251232992552673
-171.492339380308977
-171.426684907556137
-171.439155684808327
-171.216811283969037
-170.865662058650457
-170.684807562542574
-171.214595599804511
-171.201400755195664
-171.295414050600016
-171.324138686240133
-170.912032135094421
-171.118564576724054
-170.846210767951533
-171.074087949693421
-170.976596352325345
-171.084440161117016
-171.178441134795605
-171.218292941721927
-171.191326672291865
-170.975320670747010
-171.288172636713853
-170.794587865359631
-171.556047378142210
-171.493259710805006
-171.277482062112739
-171.021754909435629
-171.154413219563253
-171.421175078473368
-171.410892944371142
-171.498434830845127
-170.686986085262731
-170.867517989342559
-170.906150248869665
-170.913786981501232
-170.862361240748839
-170.854852227121370
-170.628344185159648
-170.887581696329647
-170.865224686206830
-170.587838642704753
-170.669849974779936
-171.309161770374828
-171.223049929819496
-171.590325975067856
-170.417724267842061
-170.961469299947453
-170.595584158487441
-170.641149879363525
-170.846623934275527
-170.814237688845793
-170.987159925161023
-170.609590892403617
-170.891785866629277
-170.895522178106830
-170.103373742651655
-170.676446025085170
-170.673404904979321
-169.811483471795782
-170.478083304793415
-170.694420840847158
-170.702658632836830
-170.674363304200028
-170.613185136740640
-170.551961191034650
-170.862502534782664
-170.751935180640430
-170.700920412505582
-171.189425364402638
-170.457199336044170
-169.950942660963989
-171.029211808072859
-170.673309323202432
-171.085426231238898
-169.702334727220034
-170.135287116944028
-170.572047648528013
-169.295868546400641
-169.558107010781214
-168.724402302796591
-169.450301870451966
-170.829350952188179
-171.349679123559724
-170.831606567771473
-171.235520095803849
-170.058065350593949
-171.078106925122000
-171.326823410880763
-171.637523309374558
-170.670793134480817
-170.918571930472922
-170.805025469396696
-170.716140648685183
-171.254221060922930
-170.828685513087919
-171.369572247269986
-169.954234700502013
-170.489717669103413
-170.510583844460029
-170.886882471406579
-170.552058985450998
-170.585963931850614
-171.436393944642930
-169.974882497362472
-170.539833190341824
-171.405431484497853
-170.365728474484285
-170.406978099004164
-168.942219743279338
-169.011583623368466
-169.457418062693051
-168.974056236336423
-169.656019428322338
-169.408542924950268
-171.163502042116477
-170.367256214092549
-170.316098986890836
-169.028330022424257
-169.514858825764804
-170.189520559080449
-169.823684895172846
-171.100621375355331
-171.013138711569354
-170.399614152438403
-170.626709693688895
-170.842346371391898
-170.743938711758489
-169.552021556418083
-169.112037809733295
-169.135963201309153
-170.495053613561026
-170.553626314111284
-170.734341955248738
-170.674337525959004
-170.227994864003620
-169.569195552407876
-169.606415110034959
-169.642814572847101
-169.655530324875741
-169.679006468910757
-169.623584975577103
-170.336774499093849
-171.378500073779435
-171.433322951112189
-171.112275321492632
-170.988207552217887
-170.934395618003236
-169.813260063074381
-170.198876092287435
-170.167330721895809
-170.626725925971812
-171.055617532178474
-171.106193175363529
-170.722711239771542
-170.660589721966971
-170.211673584419543
-170.594393125677641
-170.120360032758356
-170.935389034687432
-170.704904661122043
-170.724608589534995
-170.784803914145186
-170.777079341803073
-171.171434481729534
-171.202274776349725
-170.804077022492692
-170.867749744468028
-170.821915647527419
-170.847598880021451
-171.251796154940678
-171.090447276279519
-171.169805565524882
-170.889825782496928
-170.551561387426204
-171.321001468173733
-171.243655541906008
-170.722353208401671
-170.380512133571472
-171.280754892779782
-171.324114555829169
-170.936204936046124
-171.418405939367261
-170.740513373927968
-170.655099934075423
-170.824011407468674
-170.902990367422376
-170.396387087542365
-171.372327900447829
-171.314367696281835
-171.418179471570284
-170.978764366306848
-170.923384370135693
-170.765698783124265
-171.416451878099082
-171.001333192619683
-170.936580093556813
-170.880863528102907
-172.033906840450129
-171.082243035872807
-171.035090650038228
-171.372874045268134
-171.340747998060777
-171.398904953796546
-171.173578240177335
-171.587416464417487
-170.858946636527492
-170.830728626020289
-170.884833260136190
-170.659807462835886
-170.634446464005180
-171.365231773303719
-170.837976175943481
-171.172666779748965
-170.879694443589528
-170.771913233999527
-171.554638246142389
-170.976084433755602
-170.784288359815207
-171.088451046883989
-169.837727358142104
-169.807386541446419
-169.466415936320999
-170.199580229615435
-170.333630059076711
-170.346379802091462
-170.341754699438752
-170.227414680314183
-170.451028714158838
-170.366778644598753
-169.867528936949554
-169.820177678761127
-170.048259249879834
-170.113715624538685
-170.763006392303794
-169.821026249926746
-171.316297612031633
-171.373596951572239
-170.710923425082228
-171.144183791957346
-170.753573463474481
-170.639694231581984
-170.915379067863626
-170.771619777332717
-170.829232384818567
-171.196756984457295
-171.102347560175446
-171.030512838152788
-171.201295734245946
-170.465739789465943
-171.179226981459408
-171.191030475397270
-171.164695286092183
-171.164280661895816
-171.113423547517613
-171.493159134880159
-171.525888439710513
-171.480582379584575
-171.061393495735786
-171.169248943060694
-171.250234222098442
-170.725774404305469
-170.611186704913678
-170.636010444296375
-170.735770930327391
-171.168351582542869
-171.501201295399767
-171.161725955022320
-171.399669817492509
-171.170263825980271
-170.659039845588666
-170.395196247963781
-170.831466014880078
-171.012054566481652
-171.588231971158734
-171.376247267795407
-171.326245586828463
-171.231902949245068
-171.124027267243605
-171.059212591750736
-171.414958402055447
-171.262119337690109
-171.514184706324386
-171.470028857201100
-170.187888122089220
-170.184983679443292
-168.352430176192172
-168.299918907505685
-170.057450311131191
-170.735223960522092
-169.671252140461434
-170.340167211744387
-169.063756077978894
-169.080002280178348
-168.723375972839449
-171.114973638054408
-170.636700294632647
-170.135273599544519
-168.883146417894409
-168.406603394465833
-168.455555378428016
-169.109553121297580
-169.594732966391888
-169.221976549244289
-169.753536836964429
-170.273865861116690
-170.331917613122584
-170.814098568547763
-169.776787825136097
-169.491635999171336
-169.305029714532964
-170.347717073097897
-170.095916786936243
-170.650217238372647
-170.120116316524530
-169.853846238931084
-169.753624636304721
-170.454787737426727
-170.168634944225687
-170.166554400169844
-170.956371100237789
-170.312652418317896
-170.300639830324769
-170.635887987439588
-170.353922445277874
-170.360510369512042
-170.626480858682896
-170.871268310780039
-169.277331294009628
-170.055335916305580
-170.179633839986820
-171.511623408455847
-171.542444112168567
-171.016882184286260
-170.955682084941373
-170.992245746067852
-170.744431016914604
-170.740540121952222
-170.633859617371400
-170.841314200537965
-170.934841441050281
-170.367054759293296
-171.272747878274771
-170.365434032504993
-170.742505516125959
-170.964212401337306
-171.236978857943825
-171.294443175614731
-171.255931235532444
-170.903817349378471
-170.743604886336868
-170.630319806852043
-170.850265969404944
-171.424793821076321
-170.839371125170487
-171.682177904960781
-171.627754285259812
-171.375505803822307
-171.030901296050331
-171.171293505087164
-170.851765623385063
-171.183988039687080
-171.201156315906246
-171.366366752597173
-171.355618749354960
-171.338077624282391
-171.130033081486715
-171.141530431697618
-171.251097339290993
-171.261443041525666
-170.559447268335930
-170.620019968739939
-169.745439875077039
-169.660845430410575
-169.872287765964700
-170.945943070166891
-170.637333885143391
-170.985733881150622
-170.398003528877410
-169.320914974179459
-169.236417252624193
-169.833464303112322
-169.917727180829502
-169.971435290652664
-169.986305060242273
-169.965260005224025
-169.947624699877338
-170.631901303552979
-170.038276482353581
-170.483833353357852
-169.761549621573607
-170.717308125076840
-170.131583994809802
-171.025760546827712
-171.206019034145925
-170.978452093803298
-170.626562180823953
-170.599760690736389
-170.755525361791598
-171.320630023614427
-170.780694756698438
-171.140612201680170
-171.004589157551806
-170.685487917010391
-170.915755680408552
-170.447853670001138
-170.628091792780708
-170.984574491875890
-170.862218890585183
-170.674625585288709
-170.865039176124213
-171.224731562449790
-171.786316641161477
-171.851510073886459
-170.626389732554117
-171.154868785588548
-171.773055693912966
-171.708085430072515
-171.627485517019466
-170.996027289217608
-170.925040309770111
-170.676490988615399
-170.742559921800478
-171.154613675092492
-170.806274411551783
-171.090031721099365
-171.081079069369395
-171.005168310058309
-170.621922775901567
-168.735321609942332
-171.588477823635657
-171.528293711047468
-171.858621930332049
-171.844379888906701
-171.618024596854355
-171.617593582254244
-171.559266358789216
-171.787520481193155
-171.611257296614042
-171.816259046293453
-171.873661951210579
-171.437050164732426
-170.805363461919342
-170.780928624276640
-171.122918279629886
-171.200894764661427
-170.720788890469606
-170.622474230213783
-170.846144757993784
-170.548528749968227
-170.859658286605850
-170.898095159146294
-170.867757127246762
-170.869637279971982
-170.866666880020944
-171.350064696912682
-170.447859973028329
-171.427875678035065
-171.152115321607653
-171.214302434001894
-170.991012538504663
-170.928400237576227
-170.991305221397226
-170.905814708309549
-171.004495936101051
-170.706376300515842
-170.620139501593485
-170.781585743204801
-170.844483522764392
-170.927813046516633
-171.103388009296509
-171.167124505282061
-171.319769178727199
-171.425190324407623
-171.489379888412913
-171.005680797217224
-171.052722721692419
-171.125084348660238
-171.267286921484185
-171.328710157356625
-171.045236156892770
-170.943538823174549
-170.605959268201474
-170.661717412151489
-171.049408288353590
-170.671613679804693
-170.763466954925548
-170.708168344620901
-170.673204483409620
-170.711994719409290
-170.737185767937774
-171.217568071548556
-170.600261906402352
-170.697452199820020
-170.553505791780651
-170.681049990620693
-170.616948646336880
-171.143461129700370
-170.887591556238704
-171.166462657130182
-171.264050973709857
-170.283938367005589
-170.569380108623420
-170.891556793750340
-170.603848042917264
-171.440621909861818
-171.406634022389056
-171.388188500898707
-171.325460247796968
-171.383048988289090
-171.410726414845584
-171.196274302442617
-171.354182467187968
-169.918241019683251
-169.887474835242870
-170.412271839002528
-170.465014749871784
-170.404257488317114
-170.779198792960756
-170.735819380996475
-170.680208332239687
-171.255024565649308
-170.681222435804557
-170.598153857542883
-171.237408943192406
-171.316561107217979
-171.035758399220811
-171.096475905604024
-170.764062464673032
-170.214772412339357
-170.842691224727275
-170.434401814304920
-170.468637210832327
-170.740665359141985
-170.237979320065165
-170.436539870184589
-170.676369328884391
-170.798719690132259
-170.594408271576327
-168.392848920744314
-171.685771641931808
-170.656828728294101
-170.754413601872301
-170.356063116777136
-170.594116149800470
-170.895314169376263
-171.549984090586435
-171.342565833777627
-170.670670404639850
-170.610216813969117
-170.708979123437416
-170.986633268097080
-170.818976773021404
-170.878253691403074
-170.905242089590899
-170.948931614220442
-170.993324426320612
-171.628899652386195
-170.982119585043222
-171.506379111153166
-169.593825576043031
-169.414773056480556
-169.327413559627473
-170.524580120576445
-170.593014703775310
-170.064633334464247
-170.145933521808587
-169.788639358864600
-169.982232081879118
-169.895228775634052
-170.269110074594948
-170.560608125564727
-169.642027573762732
-170.020271425005944
-170.252583423650265
-171.032808183868838
-171.426825179590566
-171.088970807040766
-169.976463170914826
-170.058492124674160
-170.008944510926881
-170.549169491507541
-170.931389742446868
-170.373194807638725
-169.809749982997744
-170.174065819229895
-170.543924335609006
-170.131540015629923
-170.057601017339834
-170.588973587595262
-170.519706577451245
-170.521766080222562
-170.503587550012071
-170.471437237622183
-170.090991868980723
-170.670849637532285
-171.263085307083230
-170.611137450036011
-170.563694970911371
-170.315656622876588
-169.985866757139661
-170.784416791957142
-170.588017481799056
-170.048496143164755
-171.007109004254062
-170.565385475428570
-170.492067514761004
-170.850843704111526
-170.114895957122485
-170.723055718797184
-170.830893420648806
-170.911249985654990
-170.994436286400344
-170.595615611949938
-171.030241393051654
-170.976145099560881
-170.858145783938937
-170.857549065874707
-171.429223710148847
-171.431683400872828
-170.586602432146663
-170.530608044798328
-170.470973848961165
-170.373053380765469
-171.192304510302364
-170.534013931478682
-170.593557090478640
-170.648888095487365
-170.624413705952975
-170.685341732401611
-170.530355895618754
-171.285676866596759
-171.499146822831165
-171.557373307238265
-171.413821893468878
-171.588808390145715
-171.414078986282021
-171.656609415140082
-170.919412598151951
-170.844381443375710
-170.684035756880974
-170.585205006969659
-170.764291002521361
-170.773985483050780
-171.003303163393326
-170.298935772114135
-170.357382801045588
-170.759013003434745
-171.205013856293135
-171.279508172850058
-170.296345090035572
-170.825588799943745
-170.582517338415414
-170.370039251622188
-171.116094448968056
-171.060580317716642
-170.477043606275174
-170.720436693606217
-170.741474151158457
-171.229381942490932
-171.450248141377585
-171.074658402538915
-171.118277599367303
-170.585904056562612
-170.415826486408179
-170.853654124227376
-171.082524843869408
-171.217523869555180
-170.529886176720652
-170.640607415309404
-170.882108553034186
-170.827847843496670
-170.118970164728154
-170.117538071919682
-170.822254705466150
-170.854693232766238
-170.458555375271544
-170.391646489164827
-170.856631658191532
-169.993465727286150
-170.572700521072221
-170.787725289279877
-171.032755500507903
-170.964425284372737
-171.015041878708274
-170.733609838432130
-170.811284991508728
-170.426177154817339
-170.819373372210691
-171.287195044189218
-171.533996982365579
-171.424284712148619
-170.555579075649291
-171.511067812693199
-171.563836597144899
-171.591686137542069
-171.593505091578038
-170.399000981654694
-170.476867958822424
-170.786022699991861
-170.075451591518288
-171.029887291268153
-170.578923795527231
-171.408607792191248
-169.419522923594087
-170.134541229262368
-170.645704400760764
-170.560351869456866
-170.727764431280548
-169.849514473343618
-170.149735966072654
-170.129568159068924
-171.066127635285966
-170.986319665474895
-171.082062436241131
-171.080275591404188
-170.572896314608784
-170.598926472503962
-170.638296698799422
-171.320317886871464
-171.399871019226794
-171.056174785964970
-169.874126969231781
-170.478334951458237
-169.389127561640237
-170.578827132174013
-170.908435813610026
-170.715103798228427
-169.970733515134441
-170.222750263194968
-170.474569913963023
-170.970733346562582
-170.754904196320751
-171.124060732480473
-170.834895984278319
-171.088280422626070
-170.654446393886445
-170.540915020930470
-169.918487593505688
-170.592929267931453
-171.034176428183400
-171.064859382534166
-171.112693551187817
-171.027810844843145
-170.172584244636425
-170.246445923725275
-170.524465874774933
-170.983765749934605
-170.954974076138228
-170.117963534583311
-171.048374443188379
-170.452664631869112
-170.378570920089004
-171.047275542658497
-171.048159711318249
-170.973149723220075
-170.281931646688804
-170.769579438909943
-171.548297503820208
-170.737268582278716
-170.802432986165798
-170.044091782163946
-170.531787421346962
-170.698259805107512
-170.423914566137796
-170.686501919299417
-170.975860800870180
-170.391711947348426
-170.900511741908986
-170.973302605223410
-171.046117804100561
-171.230651241355474
-171.182830737785935
-170.658107055525107
-170.715390055331738
-170.639873246945967
-171.635814401648332
-171.666723633458957
-171.711621283959744
-171.126709588213942
-170.947537036284757
-170.026801824673555
-170.965097304497363
-170.997606848071371
-169.840373922264007
-169.793277349129227
-170.528460985497645
-171.022770307961792
-171.077203812129824
-170.411719448466386
-171.083484632483987
-170.788865555829148
-170.885683442469457
-170.255178367172164
-170.509853970551603
-171.056058759951185
-171.084904095650415
-171.089448382965941
-171.042207907532998
-171.024251910925386
-170.972220106202485
-170.224840616133179
-170.575630453996496
-170.596349479263495
-170.847106106510694
-171.099063369498424
-170.496499246905671
-170.868468933350783
-170.288237627134663
-170.395178258610713
-169.900041915476976
-170.536878471084037
-169.887897552364421
-169.275782969039170
-170.300703956878920
-170.219868240553126
-171.137608841138331
-171.073248942298676
-170.063520257829282
-170.496353897847712
-170.100139590966194
-170.165895734116646
-170.552014132762508
-170.597276536376455
-170.717909314592987
-170.646896238871392
-171.228966246277196
-171.495901309803514
-170.939353055346459
-170.457940138114338
-170.398275292830192
-171.312467991126880
-171.216521858496549
-170.656355929684992
-171.105180371286451
-171.142352232461519
-171.547140486443652
-171.449633340900505
-170.912989791330006
-170.987808530488508
-170.950379461203909
-170.985368079595446
-170.740933352699926
-171.666056151164838
-171.051014994881029
-171.222010519911748
-170.744230973874380
-170.695630429567672
-170.942526483941236
-171.294599586766310
-170.599405960588911
-170.520477683819990
-170.679976086315634
-170.710202545622565
-171.184909801872152
-170.879157706402822
-170.872286561136832
-170.335987369627730
-169.936901481419653
-170.117630866454476
-170.441332215550517
-170.373323115431219
-170.934926176372073
-170.537884557922780
-170.530313927509980
-170.675936949317304
-169.952101841368233
-169.419654238333237
-170.454086751529303
-170.924493138362095
-171.000356245557498
-170.603191069730940
-170.516851825140009
-170.983487338369315
-169.395465395159363
-169.404159892727904
-171.953007182580450
-171.921304105602189
-171.761069530165770
-171.430496784101592
-171.618445052761899
-171.322594215732977
-170.509506253389134
-171.350977756996997
-171.826133652910073
-171.293291334986094
-171.373923584392315
-170.599313611806394
-170.662476003838492
-172.008097995673722
-170.652647176161253
-172.008003207684681
-172.068028485713967
-171.405798717394418
-171.800758443305483
-171.768711198887843
-172.014480691639221
-170.885534696976777
-171.152621597440259
-171.223204280451029
-171.205880114652331
-171.078330972492807
-170.774907562769442
-171.336826359049894
-170.512631451857146
-170.536447001410778
-170.526404089386517
-170.936663118210589
-170.945870992099117
-170.520359723519448
-169.991850623319351
-170.532388065800035
-168.440740462317905
-170.923113121833069
-170.651655051490707
-171.632666638413809
-170.940804767431700
-170.946822902751819
-169.406327872644084
-169.947128052706262
-170.000961231229354
-171.365814042150873
-171.113905681861723
-171.541664243264222
-170.956637563011896
-170.987586528006887
-170.253767628887601
-170.603060648220890
-170.155027975684447
-170.504147856575173
-170.599682996025990
-170.338981714784552
-170.399772621061970
-170.458749060888124
-170.522293195612491
-170.548573507087951
-170.334273742356999
-171.010430846084347
-171.023754960410287
-170.370281007077892
-169.674350686362857
-169.835033987846657
-169.186349578899865
-169.537282328548940
-170.040266715321934
-170.391586670237132
-169.815790106269446
-169.782951792431419
-168.986884707216177
-170.495992162307914
-170.594000206085610
-169.614732746096706
-170.506210812307899
-170.496130459733592
-170.177046844252544
-170.097470833365264
-170.300398438432012
-169.791366800561150
-171.032560679055621
-170.778663881680274
-170.609955151798090
-170.666579213832620
-170.269197655266623
-170.324195003440195
-170.399193739998367
-170.201154642187504
-169.661077919223800
-168.978194759858866
-171.112655657309119
-170.290531982113265
-170.349257645778181
-171.636780828079225
-171.138335737515376
-171.357912296473614
-170.946625781745752
-171.447706590271963
-169.874388985998337
-169.786956542283519
-170.187155847572058
-170.937489846878407
-170.510269399996787
-170.503798580205768
-170.727367317505184
-170.101545355665507
-170.154075413376631
-171.098285096185350
-171.176802139398944
-170.370641118023883
-170.701460420594572
-171.026945693559583
-170.606254216142361
-170.171672358984324
-170.116947148208510
-171.455882715894774
-171.520542816204397
-170.501138472169686
-171.397315253915735
-171.182940846251313
-171.610263492046329
-171.622415755848834
-170.708033237937798
-171.956911058649837
-171.904517519259826
-171.624448979095973
-171.787177164298470
-171.414836803875232
-170.584579708474678
-170.647311404553676
-171.619311247068367
-171.707622331364689
-171.477669515303518
-170.822584684789149
-170.885217763640298
-170.184368260104520
-170.461330780448066
-170.913855832867000
-171.183634660550979
-170.709816045501810
-170.573870785981057
-170.475830850669581
-170.632573841092551
-170.685897606371441
-170.899698932550166
-171.155619389435259
-171.169860082739149
-170.976545268737027
-171.083363623642185
-170.481379927594446
-170.449371941363466
-170.854980169209455
-170.531260798421158
-170.845010027078445
-170.839859639923674
-170.937127306151410
-171.090974901839928
-171.197680119887764
-170.612822966319072
-171.112595143955616
-170.675842018165127
-171.276616745706178
-170.800424666508491
-170.719825422255383
-171.549112128932734
-171.573695529419183
-170.259352454349937
-170.318791834243711
-169.842714696004634
-170.167213621297265
-169.652809944281614
-170.488764199648500
-170.721065463255343
-169.934206422238674
-170.251698941222003
-171.430723735954246
-171.000284323712776
-169.021276704359735
-169.085152563777740
-169.577191719190807
-168.963611869659672
-171.369796819095598
-171.068690639951114
-171.132852353313694
-170.935978201743239
-170.010384711636448
-169.390095041309962
-169.563181141669077
-170.449434217555904
-169.720935825486436
-169.990538483288731
-170.358784372145408
-171.046407192024446
-171.078202152399001
-170.453695631500807
-170.710506731377961
-170.481752207611720
-170.657141157547102
-170.659954612682043
-169.720546441970328
-170.994746915633016
-170.929710348856531
-171.557897311189862
-171.544924964934069
-171.396127846398144
-170.762843829139342
-171.056854386192015
-171.544521976059514
-171.491729879529515
-171.461027342832409
-169.748547647449755
-170.541687507019702
-170.624545296526890
-170.472557122624266
-169.954376657092922
-170.317583739322998
-169.787675420464524
-170.018432129626291
-170.040053345799606
-170.004413413428210
-169.979226700452131
-169.919166583619045
-169.856601069905309
-171.050385725761828
-171.383793658273476
-170.045260063474018
-170.617427348790414
-170.363767218952887
-169.769755723201627
-170.444802738701981
-170.730422220592800
-170.550955697858853
-170.470352713540308
-170.604916599931983
-170.645227846059470
-170.650362430537342
-170.649851760942767
-170.645578735697654
-170.745050002673651
-171.480631802319749
-170.550311862105303
-170.590466426887190
-170.595543840630910
-168.457467099694213
-168.448382738770420
-169.732926132222531
-170.466489256984403
-169.818865996418481
-168.108928601368603
-168.151769170337928
-169.391186471657875
-169.070112788023721
-169.050451647140562
-169.373487862303364
-170.063357448754203
-168.642134404439048
-168.613392825335154
-168.555611699703547
-168.629483213391211
-170.071155160423871
-169.554996677552424
-170.028259856382277
-170.794690920570702
-170.880915784261106
-170.526767124891478
-170.469652102717191
-170.712337572934302
-171.496286166128243
-171.419436429195883
-171.193531967020988
-171.239381115638622
-170.999156927659726
-171.467811857370350
-171.436889718748205
-171.379274185334623
-171.317531991615311
-170.926807848553267
-170.847004570202216
-170.817987306520138
-171.514042405557063
-171.565441661793329
-171.090560220692652
-171.533349798372541
-171.468628927777047
-170.980809071678721
-170.989066201179952
-170.968175288800239
-170.907849286607586
-170.756888828641337
-170.462079406869407
-170.855249624655301
-170.924429312778386
-171.039416962256382
-171.445703143003641
-170.629985146491151
-170.727488507334840
-171.064056409950751
-170.086965598461632
-170.452568994017128
-170.784716009522526
-170.286950331502624
-170.189269645340744
-170.450961669163377
-170.937124880124770
-171.544592055829753
-170.820435593322571
-170.883288252895966
-170.422309583637229
-170.483065128161371
-170.027279619363924
-169.942264571597320
-170.099084824934323
-170.370785166195844
-170.101381027301102
-170.648946002806582
-171.297690634683192
-170.616395490760283
-170.443040462650117
-170.015867026998080
-170.559305745762799
-170.586180076572816
-170.613161535358529
-170.651325162562159
-170.542249598796786
-170.457099815911761
-171.299806157243637
-170.368821982864972
-169.664944855139254
-169.061540598611003
-169.704234235495846
-169.630522500242051
-169.478713419563007
-170.091840570556570
-170.330232351349650
-170.326118016283829
-169.650111672572450
-169.044649874318566
-169.024851136887122
-169.668011207968732
-169.891909258477710
-169.820154876245851
-169.846001820368713
-169.844315711853881
-169.769400157876476
-170.452524609774400
-170.377568744543822
-170.170985004883306
-169.747492463452204
-169.819095722014936
-170.390256976307910
-169.540987031027328
-169.461789951986646
-170.555512086948596
-171.633405135935703
-171.669764280580949
-171.850144076631125
-170.315642218353275
-170.726760062916696
-171.065044894443361
-170.811489299198826
-169.965086658216251
-171.262872477350840
-171.307286719690467
-171.821832144089058
-171.686606196041453
-171.700287733743210
-170.951572073740579
-170.450854153033390
-170.706719615863250
-170.813419171326871
-170.899101700710276
-170.758428503943207
-171.316895210454845
-170.449186124860120
-169.740475816246601
-170.393678702924774
-170.319764215080909
-170.985356783597780
-170.310613924632378
-169.986021624343579
-170.812444383474343
-170.064969080783101
-170.600367044975258
-170.533323978284386
-170.484619674360033
-170.039131273598514
-170.094770112873391
-170.842127159120821
-170.860212447615595
-170.704126003633803
-171.635088269038192
-171.601751678780118
-171.232335873180773
-170.944289179306679
-170.540856418441024
-170.530614957029627
-170.433374922736391
-170.587388245214044
-170.642978430713356
-171.800020939230251
-171.756241836049469
-171.690575767127427
-171.285809024500395
-170.616256782795915
-171.018999066840422
-171.035755921569915
-171.384846260240437
-170.985697026123887
-170.865972791870604
-169.884113119256881
-169.331380867588706
-170.287091019963157
-170.215301108699634
-170.394573046581229
-169.667414818008979
-170.880437630285940
-170.226020270536537
-169.048957650169029
-169.790078641444893
-170.769888275366782
-168.017200276506344
-169.884031122573788
-169.834452239044026
-169.919546718854917
-170.442544894768389
-170.368998079268351
-169.846355844256607
-169.855961898357151
-170.615178555948773
-170.077820261551608
-170.510842748016017
-172.094254843916360
-172.005042040196599
-171.686929109362552
-169.470061441141524
-169.391926536802515
-169.227412769361706
-168.733460659008131
-169.116780385535719
-169.796166781283830
-171.498423421699670
-171.420153884338930
-171.052614541199574
-171.512457333903001
-169.902986949615581
-170.604088186196691
-168.535447495886558
-169.203407380227645
-169.037228982293755
-169.717240124915179
-170.636434224022935
-171.129104056812935
-171.653160487717884
-171.496148123952992
-171.049908471904587
-171.147392380801705
-170.431970671777208
-171.322067263373725
-171.423363693230613
-171.702285496567157
-171.707806738050579
-171.946723067931885
-171.547025247904287
-171.514793623376079
-171.204758446177976
-170.584868743409004
-171.490047933282881
-171.537957209284883
-171.515234806531112
-171.551198809920635
-170.529442586898938
-169.662952580730490
-170.256109131900359
-169.258138295164969
-169.969788120985214
-169.174207566027405
-169.885646950644713
-168.797058358270277
-169.495466713496569
-170.427708576702599
-169.267440575788982
-169.922705754117260
-169.517471738412326
-169.979733151691278
-170.348073423857073
-170.330811008578848
-170.511515715900288
-169.890659422235444
-169.912851677963772
-170.325654818350500
-170.986884895612604
-170.468273744828593
-170.389682177787506
-170.450062592862992
-170.981870003428099
-170.121106230820004
-170.383597728875031
-170.182676740713333
-169.619039308668960
-169.717421381865023
-171.040292532713892
-171.071868948967960
-170.523525973854191
-170.280369909485074
-170.851848042522249
-170.932799299401381
-170.426330397154487
-171.048521807454193
-171.051229838442168
-171.033752149847942
-171.363592357535765
-170.479256004567901
-170.576644432754790
-170.426531019519643
-171.127963155479051
-171.157671564739900
-169.958245774162890
-170.022321028357254
-170.394204871976939
-170.560532479923637
-170.030810609188705
-170.009298984568915
-170.044408790661180
-170.614430014679328
-170.416282959477712
-171.565265240978533
-171.407812905862272
-171.598576120937025
-171.314814502160971
-171.217374718481494
-171.173912965321790
-171.406392331762163
-171.838008655601584
-170.621289368638884
-170.779833679207371
-171.380395611506458
-171.428768053493741
-170.973115042414975
-171.469289391416908
-170.722826746960408
-171.111927298982323
-171.339235225307846
-170.760886602531940
-170.821584421633474
-170.505043050599397
-170.406573613294370
-170.578068037325238
-170.649531577466973
-170.702449838531265
-171.087308034187885
-170.531107630789023
-171.212621525496672
-171.199219679336466
-170.706669622323375
-170.394867295015388
-170.456038159628633
-170.767349513972960
-170.532943909550454
-170.566919479415930
-170.528014009829917
-171.149948632443028
-171.426064634608480
-170.622808690547572
-170.164874517600481
-170.407432643843805
-170.311338379692785
-169.865825943857885
-169.950522703507033
-170.528215711723817
-170.672656877242446
-170.403738293731010
-169.610704865640429
-170.263515019135923
-170.178613381979773
-169.664801998363259
-169.345657180644082
-170.730071076851686
-170.708149552027407
-170.674918166443888
-170.696067027723473
-169.393557594424976
-170.358835943294764
-170.464649219082929
-170.528435381330411
-170.706172196636771
-170.609086244548905
-171.127487702865608
-170.444199159676458
-170.395569903466253
-169.772040598716103
-169.945427629578433
-169.958223833885370
-170.333940719593272
-170.392338561315853
-169.640194002501318
-170.158191572341934
-170.484954231496204
-169.974911398750635
-171.257078961255701
-170.394237663560887
-169.571578887180692
-170.364160921641428
-169.496365528220963
-170.123092090165812
-170.580891335910081
-169.954013141581271
-169.759472516547021
-170.516231237868112
-170.066404274872383
-170.455556067968530
-171.207621747053111
-170.468978872443245
-170.812510864392038
-169.714826022260866
-171.103819318867068
-170.750263611636512
-170.392348252469219
-170.467117473203814
-171.682331885755332
-170.576884899133802
-170.577370471190989
-170.766226669885356
-170.805512937525293
-170.864736480868658
-170.877910529337015
-170.873966105570418
-170.836017603620064
-170.792182928754642
-171.080220326061976
-170.476955878399338
-171.382375419541575
-171.394573248846541
-170.130454786236385
-170.045828298650321
-170.386752486797832
-170.359038441816722
-170.443760632669523
-171.167488127010046
-170.203806080493166
-170.273915954275111
-170.334261651062008
-170.292873445688031
-170.318388503957920
-170.397060610756682
-170.449300481177886
-168.994192709782567
-169.046801212344008
-170.427720204641105
-170.149860816230273
-169.615635109632251
-169.101765061870879
-169.215326297199454
-170.558213570954592
-171.282707947075096
-170.376632372197889
-169.163776624391573
-169.205527309027957
-169.908660788540828
-170.527548570082274
-169.154888127066044
-169.723725212054092
-170.171385265116157
-170.268840381635613
-170.029977071397525
-170.375448297140309
-170.074181835741200
-171.228643589684737
-171.161911079613105
-171.586635437307109
-170.275381591752733
-170.218368512546675
-170.151901709972151
-170.251129606888412
-170.601029709784513
-169.976354922252483
-169.935173165664565
-171.636425107890886
-172.030121002680943
-171.757892511569452
-171.603937439679896
-170.963837017321623
-171.607106827122607
-171.509920668575944
-171.609203346037248
-171.575307978373417
-170.273982439286556
-171.810973977808203
-171.842979394746379
-171.865254533309781
-171.815849973667923
-171.759701620360033
-171.700964635051605
-171.725374137570071
-170.375941058297144
-171.661935446446535
-172.083301384486219
-171.544432524818546
-170.695880318382933
-170.137726093843497
-170.825075951692838
-170.727078106173479
-171.046067971660023
-170.444097856894359
-170.039101416648293
-170.375170213815437
-170.673545946695697
-170.693789098496893
-170.585757378670962
-170.613475375675193
-171.038336764739825
-170.894028746297039
-170.978188158716705
-170.235787389477366
-171.711081837256302
-171.741743843976792
-170.303786061290339
-170.233740928503863
-170.555399351141233
-170.009742524740318
-170.936721823792709
-170.957514328865216
-171.188684871320930
-170.935118630989365
-171.514855444594332
-170.374243811351619
-170.208596024353312
-170.078904085593365
-170.141188068544977
-170.955970841155306
-171.252939302298444
-170.304833333408965
-170.942073357927654
-170.993389654471855
-170.035173384089831
-170.133583002483874
-169.939222679311285
-169.988646076655499
-169.924216956164003
-170.370536637619750
-170.037291710176390
-171.041931496186209
-169.828636089250608
-169.730230972876541
-171.793379924697035
-171.543136216775963
-170.667927920651863
-170.725195583318879
-171.271689595307748
-171.534253267978215
-171.708515016083084
-171.525322256607041
-170.429447464493279
-170.372217042682166
-171.000925428155995
-171.607026111274621
-171.666158110735182
-171.697144571884337
-170.827103966446487
-170.924429433552518
-170.585721127614931
-170.688493890199339
-170.083771396348652
-170.520733035769808
-170.366121377886031
-169.826703995879882
-169.825702525778240
-170.367264065160668
-170.597719242167955
-171.339841138430700
-171.195155790604474
-171.163458033917408
-170.082749291266623
-170.514039979239641
-170.548231950242439
-170.719108262546399
-170.490594071987857
-170.191229736863022
-170.230227438900556
-170.146240910473921
-170.549328114545659
-170.878009769533350
-170.418308938135510
-170.018758989560610
-169.912060045283056
-170.771923153755750
-170.118459381470018
-170.206348878787878
-170.199609483331699
-170.252987670979081
-169.989652423664467
-169.949278360293533
-170.906057695657069
-170.859844192911453
-169.932037886524768
-170.729657660088719
-171.352476500623993
-170.506005197150813
-170.677586103197712
-172.018813246916693
-171.963056432387390
-170.907200237507539
-170.854100353711289
-170.964895919189530
-171.280599226549299
-170.990117092010593
-171.434877747072989
-171.757958244315716
-171.483622975831281
-171.889530658474200
-171.222974867985840
-171.513452632923361
-171.740370520280749
-170.645531215825883
-170.717474799209299
-171.543004092537899
-171.826928466508122
-170.484325392450302
-170.361425966246088
-170.584515098672426
-170.655958833096093
-171.563625526980104
-171.902645501909376
-171.676975208398318
-171.869143434617456
-171.806932945123663
-171.192080901731174
-171.134293290138260
-171.557617513040157
-171.014914154158078
-171.341634882691267
-171.032467695959724
-171.041896871879914
-171.077080267258339
-170.352708419230225
-171.041695479243856
-171.657865390644076
-171.599671127785939
-170.828272192624894
-171.540319972717782
-170.446990381582339
-170.344648657720541
-170.200237307395241
-170.347823624257103
-170.392960983791795
-170.376326572100368
-171.246299285660143
-170.951437404773003
-170.298061820118761
-170.413137142633843
-170.438312175213980
-171.465206378312814
-170.850758421052717
-170.797914175097162
-171.094394405720152
-170.989660883383181
-170.194593511064738
-170.746200698327328
-170.941853050743077
-170.975097891712892
-170.635464105558867
-170.725756308006311
-170.090125426902034
-170.347212651368068
-170.888399618161344
-170.934454745720814
-170.365259987696163
-170.393130793351645
-170.427336262064955
-169.192658481625756
-170.873903716171867
-171.527594392412027
-171.079433543046946
-171.157843137395503
-170.496952169871179
-170.398934186041828
-170.343320366245280
-171.067351387582818
-171.007979684599889
-170.766697190327051
-170.766122545808656
-170.901706097669546
-170.580484216520034
-170.651832288853882
-170.712726141406904
-170.766967126554647
-170.768535397217420
-171.312285017121553
-171.326259381656428
-170.497902359376383
-170.499432505450898
-171.346080937991189
-171.391781392798862
-170.873171584742295
-171.192122971357321
-171.066589708753298
-171.117854969705490
-171.285619791106683
-171.177276494131888
-170.582263899182777
-171.102074447418829
-171.036710363926005
-170.449383990492720
-170.341316593263144
-170.529861993217651
-171.008230187053414
-170.437257895488528
-170.408287824792581
-169.938264600614161
-170.547340571383927
-170.860140418572826
-171.353608571792847
-171.603548407570315
-171.206931421078593
-171.272966539689037
-170.337802007425154
-171.420418712760750
-171.422454972499452
-171.392876578746041
-171.333095677496402
-171.204432848154113
-170.336712653195093
-171.324426104836050
-171.264752372509093
-171.390618892851222
-170.912627236533979
-170.732017411060042
-170.733925497786231
-169.975138621088007
-170.338223173420943
-170.260779089557047
-171.332918587028246
-170.199250055534009
-170.078519360494624
-170.139024842789325
-171.439459463181890
-171.375018327932395
-171.407527084702792
-171.716010804444068
-171.389503781014469
-170.110972225187311
-169.575960017836792
-170.031233057818412
-170.335550064131610
-170.386163079344328
-171.441215677459184
-171.173994822549560
-169.838255756727222
-169.731215881345832
-171.093190293375699
-171.080854652149895
-171.468292018610668
-171.471019397148609
-169.007363519543730
-170.533865784706450
-170.593490971180842
-171.145567210824652
-170.829154292599299
-170.817997899148111
-170.695617071381406
-170.337504141010925
-170.332744756233922
-170.905718080609773
-170.978563080261949
-170.584506576019635
-170.613682344148344
-170.704929109563352
-170.681356324814885
-170.379002784588749
-170.324060006678536
-170.431547072392448
-170.867365186029417
-170.734943333969028
-170.889865007470746
-171.025665307279951
-171.018673343051489
-170.413649959096119
-170.407204507020253
-171.145599470452566
-171.137989532726010
-171.150379594944980
-170.875612505238507
-171.537038706184831
-170.860405730992568
-170.812860269809505
-170.754494066765233
-170.878152972052249
-170.507992949023901
-171.028096985012894
-170.411440700472639
-170.421809192317312
-170.333414179642205
-171.021185748671769
-170.898545001920496
-171.657021089661896
-171.351845453603914
-171.406928675020282
-170.913807385758446
-169.890424873145122
-170.371804164699711
-169.648543414435380
-170.411669147624650
-170.717538159668010
-170.184126682680329
-170.355616481392588
-169.956530016367140
-169.549375083001792
-170.331303053051585
-170.385548871084325
-168.071942157814163
-169.959421311533561
-170.039991828573079
-170.167700562003091
-170.263415380514914
-170.725723084626964
-170.823098319808935
-170.659160845390545
-170.328552365709470
-171.247593912233327
-171.315428810273943
-171.415961381844454
-171.010224705201693
-171.520729381014519
-171.004044903977473
-171.585246805953545
-170.960516152512724
-170.991435643140960
-170.900722578708468
-170.983575188438408
-171.108083312880808
-171.186025329601705
-171.028789361260067
-171.481466849829815
-171.027158640420510
-171.239059422627520
-171.285699758533411
-170.693795921054971
-170.322606312462739
-171.155646920984964
-171.091177547774748
-171.027687980864215
-170.155996906687790
-169.712008824480023
-169.958611271612199
-171.024287358036389
-171.194029207865128
-170.934974334312585
-169.923748030418352
-170.667483055187176
-171.102768273482923
-171.079015717816901
-171.801250583132457
-171.101303522573687
-170.443396659431471
-170.397609493998687
-170.318777449411925
-170.454136264861376
-170.509155459314400
-170.545520873413807
-171.166992216550909
-171.147604645508210
-171.081914402241068
-171.310278482455089
-171.179045175625276
-170.814152208811038
-171.434451420624441
-171.571755972542462
-171.571163726354428
-170.557082234351554
-170.577329452398885
-170.093835103454182
-169.836526584552132
-170.412826148825786
-170.314957763098107
-170.498508251144699
-170.565511586733862
-170.706985323300160
-171.057153269201848
-170.664950594315201
-170.003328637708563
-170.039370074504490
-170.964230015776423
-170.675688518641493
-169.591349225038471
-169.510935719218423
-170.137179263993460
-170.037714249630653
-170.231128229622755
-170.131232092377786
-169.643205528676276
-169.629588650646497
-170.411462059846201
-170.269428813537729
-170.396092099968826
-170.315266694658618
-169.627484284753621
-170.285886735171516
-170.092368811066592
-171.043555054914066
-170.525012546969577
-170.349169458493520
-170.296989431883844
-170.313231406311530
-170.660158843972170
-170.465049665438130
-170.791579729652170
-170.145241220787682
-170.243799727284795
-170.683845221299208
-170.188720519082636
-170.562026125798582
-170.667314536850881
-170.229476290636313
-170.627068428429652
-170.813937546145269
-170.721926356692819
-170.837127637681590
-170.895340221282822
-170.943675831231701
-170.701254776616679
-170.613306041763963
-171.117678351426093
-171.223721461468642
-170.313994752829558
-170.380579514435198
-170.787691807419492
-171.330336960331579
-170.976632014933188
-171.312596086616793
-170.834868337735145
-170.865414220385645
-170.401625560516436
-171.059294123321649
-171.145867134621454
-171.063212184203110
-170.884135080584457
-170.928704524449444
-170.930513462698485
-170.757750233201364
-170.836392674173851
-170.576925506521775
-170.821771266109494
-170.870744897983116
-170.897063992044480
-170.535781228106259
-170.592533798860643
-170.312015323448009
-170.596517730358755
-171.010324163485024
-171.042550511566958
-170.400315249093438
-170.486632025434830
-170.544101021761008
-170.556544915801908
-170.562582270615565
-170.076467383717301
-170.709313242198334
-171.180462691075832
-170.320667163099529
-171.088169647200061
-171.118176102826965
-168.632094429814970
-170.474783692462807
-170.538716988715805
-170.231324404510019
-170.237410275819173
-170.310935155578989
-170.267137372976720
-170.282971846849591
-170.532660087454474
-170.426398795904475
-170.333372209686104
-169.824451720451350
-169.718162379036357
-170.627086378194974
-170.128709056235948
-170.504670469292989
-170.716060447853351
-171.228881255874114
-170.672393617273173
-171.261709984483417
-171.293860328904543
-171.307929010629266
-170.403594646675060
-170.225421955992147
-170.246320463307143
-170.896795229240155
-169.955763765638636
-170.038174981409838
-170.921957457039696
-171.274555794624121
-170.424330717004267
-170.425450910232428
-170.363620393021051
-170.294499953914340
-170.222090745781287
-170.136670011397598
-170.925126618199641
-170.295985607767818
-170.449414723726022
-171.277672574112842
-171.292253879233613
-171.263655646774737
-170.977677216273747
-171.051453094161815
-170.167831537820575
-170.266202911903576
-170.302213318305860
-170.949939567713955
-170.950899924137389
-170.383941059869187
-170.352124832611224
-170.890749305269253
-170.964817259847734
-171.283847871788140
-171.111060163875891
-170.978831779063398
-170.783749510681417
-170.753962295434206
-168.445232333357694
-171.366650262957251
-171.397158345965806
-171.317127283315045
-170.649898599936364
-170.713769891031177
-170.584980201195407
-170.513838625744313
-170.776720012432008
-170.404581582621745
-170.297353342394445
-170.487383760248065
-170.990397274153281
-170.337651556463982
-170.339778403615469
-170.786438233092042
-170.793692446244052
-170.746239907337525
-171.130387818042379
-170.416514130035068
-170.470464539072509
-170.244415476417089
-170.693534567250907
-170.295897241986808
-170.441860706962842
-169.993176885372179
-170.024381745375649
-169.267266527746671
-169.536820823167147
-170.502817199952943
-170.556794549232450
-170.300507378821237
-170.644444775997329
-170.111189215138268
-170.075361610023208
-169.709334193125130
-169.638366131817747
-170.021298902606986
-169.654998310436611
-169.600007373646122
-170.539984994108124
-170.929021217891773
-170.105238133307694
-170.007779212974015
-170.358364380158832
-170.289735392072600
-170.688776760196902
-170.372139092679959
-170.853390432906821
-171.434206721783738
-169.908327815358120
-170.640214239179414
-170.737621597366001
-170.815112298416921
-170.874432287177058
-170.904263506924792
-170.897033504290675
-170.917129870947662
-171.821281981895822
-170.157013183797062
-170.242614128177991
-170.061463806327083
-170.286295031173324
-170.405145604096901
-171.423704036927063
-170.340484240952833
-171.501510608089518
-171.474966431366681
-171.483144569860173
-171.515544304864534
-171.058424336447047
-170.285818551761906
-169.928024501633644
-169.953620040328900
-169.930492849227790
-170.076668625422656
-170.355470765453390
-170.539404072873481
-170.287491564028528
-167.854474674455560
-170.228521616669411
-170.130426016729928
-170.156131584402175
-170.786431517880231
-170.582114329206235
-169.838131280687662
-169.901271267439910
-170.720479463176986
-170.640546971394087
-170.694352881389761
-170.037923765785735
-169.931553268817140
-170.235679186064829
-170.206495550612487
-169.385833717178173
-169.363971770439150
-170.240441939369447
-170.197616613001685
-170.164804978412690
-169.010375833895409
-168.977924165497512
-169.971299625394295
-169.448157272464215
-169.213691019515664
-170.288045088093838
-170.801285326810415
-170.226265266307792
-170.291984776843890
-169.995700787931014
-170.081764623457957
-170.093556833624461
-168.891366278112343
-169.612973845439910
-169.243015961598275
-169.502721879063188
-168.831695573380443
-170.290097856911302
-170.149684678170843
-170.438825981446087
-170.598237625774402
-170.384153127470029
-170.285319858459445
-170.470196064904570
-170.542381223767620
-170.211284862654622
-170.271334384369993
-170.295566737640513
-170.610889319543219
-170.296724629596980
-171.234335162788341
-170.499940814603775
-170.933780372859076
-171.032483235165756
-170.856592842005170
-170.282070266949745
-170.589510755650167
-170.524074441687418
-171.330359664482330
-170.941701071497107
-171.109533101019508
-171.147641907488321
-171.217865287502377
-171.277329320521517
-171.308135598325862
-170.688203984960353
-171.025530527710089
-170.124353333050010
-170.221986442083335
-170.179255486553700
-170.278986748720143
-170.675538320679465
-170.736982959772405
-170.673520895747856
-170.520174799876486
-170.479754433009134
-170.226866184626857
-170.813394321048747
-170.479088749166408
-170.495213868503043
-171.150082155527713
-171.557062890190764
-170.056341936675210
-170.671172394821241
-168.824801674910930
-168.854639228813596
-168.265050736358830
-168.237214532020744
-170.186200737979505
-169.815645984463885
-169.724454226693695
-169.257542332354717
-170.231765261074599
-170.458093082411722
-170.280481856960762
-169.678932562296637
-170.134847587409865
-170.180630123554408
-170.217430752601558
-169.573082256542023
-169.635971243404583
-170.757609223786943
-169.717417929470287
-170.062367024551918
-170.123443644674694
-169.650056215448956
-169.601630927280212
-169.913875024196869
-170.262760048178848
-171.187872232466589
-170.943996211977321
-171.041183265420386
-170.305607314993466
-170.614145795428954
-170.641813579360019
-170.971839183216900
-171.202747731597071
-171.204502275764241
-171.142215761268460
-170.331419138583101
-170.276510391252828
-170.232837716836514
-170.509457379654094
-170.898352745653995
-170.413981388183856
-170.777042689377055
-170.136474325589631
-169.772422807011594
-170.989500623402080
-171.054591916025089
-170.264049766171809
-170.361789184273277
-169.985135971132252
-170.430116490414633
-171.384098967823945
-171.435298627785187
-170.185408769665287
-170.280280560591393
-170.365819880973675
-171.116414857249140
-171.682546080720044
-171.540698426635714
-171.097452913712203
-171.500398711355729
-171.531492686688239
-171.129680549295870
-170.975871289336737
-170.689495769361969
-170.253521871158739
-170.800872387522475
-171.063746779942846
-170.539989266354951
-171.088532283939344
-171.002006859745222
-171.211285363201284
-170.768415149740775
-171.178931560778807
-169.571323780318721
-169.699485144866799
-170.438714133749386
-170.087302437487580
-170.112899124365242
-169.758039314659698
-169.844837318710063
-170.662627603075748
-170.333357829340173
-170.252962193773755
-169.979157624309693
-170.032066024112623
-170.059213609135611
-170.016919779784587
-169.952274576275755
-169.669204888177006
-169.448933405783293
-170.378977647100982
-169.640943810996987
-170.458076369484900
-171.296484034062757
-171.393647984726670
-170.191460312090896
-170.271774066580917
-170.832796356637147
-170.790972575253505
-171.366262844980668
-171.435790279939567
-171.469647057322703
-170.244194893040230
-170.472578112296162
-170.487365548844281
-170.999200310724291
-170.360217580693558
-170.411738077245303
-170.455114382285188
-171.010061444214699
-170.823317312770001
-170.647561087831832
-170.246620904548735
-170.656091068398922
-169.811670188817715
-169.795288649746198
-169.317256800896132
-169.237134131764321
-168.060026811259945
-168.561252903323918
-168.837689188173329
-168.522065649162528
-169.098889369586061
-169.732470525289727
-170.308972248193442
-170.784887958452430
-171.391670131570066
-170.721155519459103
-169.539186135628483
-169.637344621335046
-169.082341558718440
-170.247945293509076
-170.324986369411306
-170.564815289137755
-170.828877700571581
-170.575485271277159
-170.824636710257693
-169.535507330659357
-170.067435758221393
-170.660267256586280
-170.288810864974948
-170.336830581678441
-171.077305898986197
-170.539131333719752
-170.240252590983516
-170.695180019413385
-170.183013010639797
-170.968951236007399
-170.479925114377181
-171.053128244437289
-170.920141326259454
-170.688136544709806
-171.052130620391409
-171.064179139800501
-171.077046777252292
-171.142088885650367
-170.248388936819708
-169.724063014542651
-169.995103594932971
-170.234949798703781
-170.295126440250328
-169.770299111048871
-169.775473720998605
-171.035096304654274
-171.069586780305940
-171.427309947791514
-170.234420155488010
-171.210795578157047
-171.692688148491357
-171.689661365377304
-171.213690936015183
-171.169046924715929
-170.617008540103967
-170.666467470560434
-170.013460052942946
-170.094560128370858
-170.229244001782263
-169.681482946012011
-170.645926136876199
-170.126135384310430
-170.189063525990548
-170.504621821006310
-170.724638000562919
-170.106914627670449
-170.996178332577870
-170.679599025764048
-170.742316256272318
-169.733962949592438
-169.784981145775305
-170.057077482575892
-171.414635392738603
-171.276131550350385
-171.362092216716405
-170.579609157776332
-170.142348065682370
-170.291467316757064
-169.762779264118649
-170.678009796676406
-170.417312908770498
-170.986256682788735
-170.233109584008389
-170.706165326955897
-170.475688972388269
-171.457715089968502
-171.482866914088106
-169.783386020959881
-171.469719151966729
-170.050190875759711
-170.792060743135096
-171.331748527677973
-171.407489874793100
-171.052980103870198
-170.977090952844009
-171.114071030048706
-170.843892390901317
-170.941108252601566
-170.364428681829850
-170.806598905584792
-171.156751613491195
-171.300713776050969
-171.485796256622223
-170.334101249956177
-170.226794466379374
-170.388136884872011
-170.337327334507108
-171.435380255434040
-171.588575425946601
-171.529637248039421
-169.809011156608818
-171.407917731101065
-171.435781015132136
-171.486174986152974
-170.610450812766743
-170.388811175745587
-170.407015019590403
-170.227946047945096
-170.233633235052309
-170.224349421710457
-169.837643045812626
-170.620145315891023
-171.032553425140975
-170.059290513078224
-169.952270599288852
-170.288386212719729
-170.036675370466355
-170.051026037832685
-170.345360950605993
-170.853200368564416
-170.488482586297181
-170.855901792549759
-170.288243561317699
-170.484341634661661
-170.520138291207047
-170.886543842665333
-170.595981049707120
-171.161256047236293
-171.083609035558794
-170.367978943397873
-170.291382107408367
-170.886454504934022
-171.457338335983195
-169.982407652146208
-169.996097111426877
-170.026477934326635
-169.935188241417279
-169.962466549792225
-169.899087324890587
-171.545159938620145
-170.022530275525583
-170.224106557418736
-171.274128613450159
-171.241936835560637
-170.237156099225331
-170.170783413349739
-170.222977627572703
-171.040821247705424
-170.986999297520157
-171.720704392460846
-171.138993398639911
-170.913263780930379
-171.178678950049743
-171.031193190882732
-171.328404689606430
-171.666815079752325
-170.622290075522528
-171.190820532886846
-170.133772272309955
-170.573515641989047
-169.579493677832886
-169.676710321527707
-169.610164149003595
-170.224237477936185
-170.184390591131830
-169.599436646630011
-170.080431484209242
-170.042400440556406
-169.968783252720556
-169.880549226506275
-169.785535199298408
-170.562794279419393
-170.181876305442472
-170.625681518828912
-171.650611503211792
-170.185389770817380
-171.423309851311672
-171.594133908352603
-171.508216269033028
-170.616518083089460
-170.197958006220631
-169.743236665507737
-170.173752116665099
-170.897862073747206
-171.717540322013292
-171.761727704573048
-170.232814870528500
-170.202968719533459
-171.535844620981294
-171.697913537862576
-171.748398753281009
-169.716356749816327
-171.338443975412019
-170.884887069064916
-171.141051364412590
-171.184080922031939
-170.745510801318943
-170.209084591430241
-170.108914935014525
-170.176788040174102
-170.112409908917641
-170.172897669801188
-170.335539929612594
-170.235351791132786
-170.440026591355149
-170.209448107128281
-170.303350938992025
-170.301858930522997
-170.200580706989228
-170.395050024669558
-170.475831659835308
-171.153672183271112
-169.711942173248474
-169.757871575841818
-169.629048626085137
-169.601341055780523
-170.032110187134663
-169.618046314858134
-169.097671004277345
-169.521174353007723
-169.824694364797438
-169.953113229786368
-170.270130767473375
-170.648157790323125
-170.598568853843858
-170.037439475766149
-169.794860854783167
-169.788601724631690
-169.416616734271003
-170.946645998128673
-170.205728926243069
-170.301160342041499
-169.418477000109931
-169.479461836477697
-170.564105160361350
-169.876673869932233
-169.776423478124002
-169.838569702049881
-169.887795324991089
-171.055708011705804
-170.187986358420886
-171.238346562017909
-171.179704701154321
-171.370004195078593
-171.383831156991960
-171.119311353546834
-171.268206813482664
-171.331959567146669
-171.359032034582697
-171.366641056389142
-170.786075111916887
-170.444351670423089
-170.189295357674837
-170.481913543927760
-170.358922742828611
-170.431913367762945
-170.420338436240144
-170.343905312778247
-171.002706284643011
-170.362240620211963
-170.859301102648089
-171.171784612389843
-171.239284045331942
-169.574691845592895
-170.494713629727954
-170.369394624747940
-170.708431664897802
-171.407848489720891
-171.187107443749426
-169.671365744740399
-170.196901642456567
-170.864158843265528
-171.408733197773699
-171.457648315694570
-171.136349086602593
-170.527624204436705
-171.253577784826916
-171.384034004537341
-171.477719063043253
-170.959186399076941
-170.121632120579307
-170.877412481480746
-170.550098898462693
-170.193240629863453
-170.476088129878235
-170.080100879920508
-170.871172496183164
-169.078235944857056
-169.526196222808238
-171.463394432608084
-169.635250921471425
-169.635582054331621
-169.698800213445793
-169.923610164454317
-169.730757568337083
-169.884612696572901
-169.138401019347839
-169.695580374243576
-169.777420645009897
-169.521936743839376
-170.278622549455406
-170.643502644829283
-169.785644783633188
-170.133049054203383
-170.104993772482857
-169.567639564348241
-169.772466941145922
-170.048504304673543
-170.189783838647969
-170.683596799552646
-169.558802845640514
-169.623935742105061
-169.031466468114729
-170.635436258073867
-169.423286566064036
-171.162564355855437
-169.498702034034210
-170.251013785834061
-170.916898002157097
-171.208439938608905
-171.148088376828383
-171.401692430784976
-171.264017560751540
-171.330200767160363
-171.043728785923122
-170.175270306284631
-171.143752984811471
-171.203322494754218
-170.759085809992712
-170.788059414936129
-171.071189482208638
-170.183135740200072
-170.224683310116490
-170.340499611206042
-170.411901823582070
-170.634725380477448
-170.663170825259328
-170.489735589571836
-170.520996792088738
-171.061241334403405
-170.519086381867169
-171.042787957862799
-170.420530140524846
-170.499086985749244
-171.094367095231377
-171.015262688751591
-170.475781188870712
-170.282684372695371
-170.174726526176812
-170.385105344890974
-170.457179105851594
-170.490092108192101
-170.692238843664086
-171.659816572640693
-171.322348142198223
-170.902638120095787
-170.541526917498487
-171.545766590275889
-171.707229045145453
-171.228376665637029
-171.347577857523277
-170.537754329776988
-170.886270477571998
-171.271675846596764
-171.206191236887207
-171.282078284983015
-171.141874415632003
-171.456396192156461
-171.382861223093528
-171.181465497808404
-171.080025045134448
-171.163493738060993
-171.120850876962209
-171.186131588261730
-171.233487616994864
-171.147660048779983
-170.756666787275066
-170.289904090232426
-170.711867878557598
-170.794075802480450
-170.707768212377260
-170.781004351758526
-171.175086654484772
-170.684586111370493
-171.317418401739104
-171.330774039155614
-170.173829304609853
-170.875298803211052
-170.905355426454548
-171.231824728095404
-171.203373131269359
-171.356839819066352
-171.313921890763140
-171.281470326293885
-171.661020023799750
-171.607514899030718
-171.428765945490738
-171.277308452121105
-171.301079332943402
-171.518087181790236
-171.546955375525556
-171.642984226973738
-171.309503397118874
-171.547578028442103
-171.369831885579572
-171.628880388751270
-171.211160883137381
-171.305651490543198
-171.391368383755832
-171.229026950923242
-171.148817493871860
-171.417214462039595
-171.420479576449253
-171.261219816779658
-171.176327926428826
-171.182236504922173
-171.479135164752620
-171.255030414838728
-170.988494137512589
-171.143471635542966
-171.216158165914038
-171.079622646463747
-171.345142540121742
-171.248324205655365
-171.287262723671830
-172.169517813012362
-171.917484120904874
-171.512595626112386
-171.372835161458568
-171.494928956594805
-171.435740404572584
-171.523648940886403
-171.492862956096388
-171.537684781110812
-171.778929149715339
-171.809760187667393
-171.629237117755792
-171.626551629383158
-172.188867529773916
-172.172370258138812
-171.479956494534804
-171.580177629068544
-171.943659092716331
-171.883778632512303
-171.490578123004866
-171.282613187996503
-171.361655688801193
-172.211199191137297
-172.129684619704506
-171.427079175344488
-171.591078266595446
-171.559275136217082
-171.871939106994830
-171.479420801444462
-172.111307272006968
-171.859408946532767
-171.463247642384999
-171.322494819893564
-171.385322696107835
-171.443503791203682
-171.731465478995460
-171.494520897342056
-171.074359397453350
-171.062624104888300
-171.160358943000062
-171.105478803659366
-172.007156439157370
-172.073340530125535
-171.881594618632306
-171.457873063573601
-171.549842662533649
-171.547112371745101
-171.598406481598602
-171.990650563403563
-171.601216768104621
-171.656672803368195
-171.417467657220357
-171.747704331188686
-171.471828387966411
-171.548364790489558
-171.688181110458288
-171.482587618146709
-171.777973881382991
-171.812612861918808
-171.982773573210466
-171.449338255565351
-172.055979575518506
-171.758338945448656
-171.675850615678314
-171.598037985989947
-171.706520074683397
-171.697567280408521
-171.308787490427846
-171.529079268753975
-171.576438914487767
-172.069233877487164
-171.607278836317050
-171.597387009605285
-171.503688525358314
-171.566863065933660
-171.422012331226142
-171.690914576803351
-171.259291291798206
-170.857778334667785
-170.960969489645208
-170.912000294856455
-171.390189578921081
-170.915455811948277
-171.419834923225039
-170.959000523623729
-172.073833353820817
-172.128343604261488
-171.699975294452486
-172.115774760300013
-172.132122665904689
-171.754761636495402
-171.677799879924891
-171.882739245776378
-171.780549827125355
-171.712673986722393
-172.076926403275138
-171.857556403727813
-172.017487184119631
-171.402840980500230
-171.870636955607551
-171.605910140619557
-171.745219838833293
-171.591676237480016
-171.635668693003254
-171.635932893931397
-171.573515492152751
-171.724648689794492
-169.715782971322767
-171.660920503875104
-171.903177390748994
-172.035414374894344
-171.958455046982181
-171.792627519672152
-171.527400683164188
-171.834502677210764
-171.838616661416381
-171.911656130892169
-171.430845258940167
-171.536718468812637
-171.780348113217968
-171.616261370239442
-171.857372767612304
-171.662763375076906
-172.000708879945307
-171.539549061342768
-171.693153227083485
-171.605163397431426
-172.013992903694771
-169.326900132758396
-171.329507043779756
-171.626852005769024
-171.706456494434519
-171.777765897530031
-171.833708039046428
-171.822139698208673
-171.765563019358581
-171.689601846906925
-171.738789202483872
-171.500783520948772
-171.935785492375317
-171.558296990597114
-171.557896971195589
-171.379498651993913
-171.656073233030099
-171.611846380317559
-171.830493308014439
-171.887976912616665
-171.336406705576678
-171.411689207714403
-171.720658477251334
-171.638294032355304
-171.533408551357240
-171.594877724162643
-171.163066943889504
-171.172949352538524
-171.465135919161128
-171.203625594505922
-171.027297827825521
-171.849470216325983
-171.904859841987303
-171.882431503196017
-171.801680102351099
-171.625254603404329
-171.722994433583210
-171.723581432591232
-171.785433085545634
-171.831431918443627
-171.389869414730100
-171.462435948874543
-171.704940665014362
-171.893578431534991
-171.816666004561483
-171.715064433403143
-171.521038556088797
-171.598340237508410
-171.564979641909332
-171.901030885989030
-171.434829213209355
-171.489889141043648
-171.676791109860631
-171.708836638556477
-171.764506143050852
-171.753794680100441
-171.660799794485030
-170.996608278398639
-171.689942779113380
-171.266983022210439
-171.641996153489202
-171.720567315242221
-171.796390617005159
-171.401215349081099
-171.986776571080782
-171.564206509651882
-171.561280244072577
-171.548282544197775
-171.565524256518614
-171.718281489687058
-171.657369817144684
-171.605423583656034
-171.667932705420469
-171.722694379639393
-171.503271108681190
-171.533871660050892
-172.014697210306394
-171.925050418430061
-172.059616399773176
-171.864466661009516
-172.052841928903945
-172.069355862695687
-169.547524737530921
-171.686490458269247
-171.557657737461511
-171.776439803008742
-171.864464489820648
-171.621942093314573
-169.881550568067894
-169.492449454195196
-171.562258218161503
-171.832413009781988
-171.255534634311886
-170.836368561713385
-171.550273872983468
-171.547591736743811
-171.497793060343923
-171.534182099438937
-171.646530517928795
-171.824964925626176
-171.638254128550614
-171.010978122597095
-171.398209531105010
-171.431875444971666
-171.171360598620879
-170.982173510784207
-171.013104234805866
-171.855273551308528
-171.867706446309455
-171.865275554218385
-171.441665951755766
-171.479533419376509
-170.791081583763457
-170.840448174865486
-170.867719141366052
-170.865139597165268
-171.177702673159473
-171.428891621258600
-171.510260793244498
-170.993168941924466
-171.571906814741908
-171.160274837374288
-171.399706657162852
-171.145995800520723
-171.299115425276796
-171.450736718967676
-171.873586396409337
-169.944606681402547
-171.649236726287569
-171.668508773842177
-171.681900375729839
-171.546266031224434
-171.816522274933106
-171.282265028278289
-171.739550706661419
-171.280055950858014
-171.277464117328833
-171.676070711587613
-171.506244476322877
-171.417603741714998
-172.017314754703619
-172.094768132864914
-171.821599205759156
-170.816814710754272
-171.493641477276100
-171.946345063323918
-171.511460947204114
-171.915349961857885
-172.154519879690724
-171.950730647891618
-171.901541926664407
-169.566209802194862
-169.328815850470619
-171.569771801697811
-171.468652055934058
-171.558730566990221
-171.673868964401208
-171.621828568092212
-171.548063959723208
-171.840117496736923
-171.376043683463251
-171.794741805098170
-171.892687483664588
-172.110127104911982
-171.479421345486287
-171.828066783276654
-171.903888620994280
-172.122222065649680
-171.905591085476772
-171.771971160710848
-169.449329132037121
-168.543262790102744
-171.785412642193052
-171.492568047954876
-171.916938961249116
-171.701995063804361
-171.697602704266359
-171.476551792720159
-171.690241592402487
-171.169915696773643
-171.592908926625114
-171.625467769317481
-171.636621298268466
-171.827043735119332
-171.916846911077243
-171.886705234746898
-171.914822689886250
-171.575153466410768
-171.837152357923571
-171.880792475613248
-171.708726110515045
-171.866362558071842
-171.598978791814091
-171.612229329647732
-170.936743445546654
-170.934304474525419
-171.399294397496163
-171.396431282886880
-170.709143152913185
-171.630042371181332
-171.146234039206831
-170.427642260095951
-171.149538384550141
-171.153476144453009
-171.881787946129492
-171.835328877608930
-171.586762554488530
-171.307171520171948
-169.778372738079128
-171.600476975577806
-171.820564294314977
-171.773650902134989
-171.232592558518832
-171.167204833918390
-170.921990414148723
-170.565833224637402
-170.986438493978653
-170.565215309883030
-170.597239701573756
-170.517066993569529
-171.797399876634699
-171.771919402358265
-171.409789063811417
-170.924022777313695
-171.395287156007953
-171.470956063739180
-171.994446306509332
-171.789870389388284
-171.292233423176924
-171.798624656556285
-171.231534484348174
-171.306929648837041
-171.881423418315364
-171.485127601284773
-170.862329865865092
-170.937728315838854
-170.726036974275672
-170.953203548734450
-170.999220189230044
-171.424573721621528
-171.731851166594254
-171.601376279433737
-171.369927950279816
-172.135077304013748
-171.375464342805856
-171.758342660219682
-171.216889456948934
-171.354288270468544
-171.737493654294042
-171.637824561526713
-171.528964150700460
-171.574583182196903
-171.767236595775273
-171.371432021384578
-171.393604256049855
-171.253111758614466
-171.623092882647256
-171.605378823503884
-172.096633987014343
-171.595692627506622
-171.660432753349141
-171.705491326442768
-172.256936145124314
-171.813439603193672
-171.586057721010775
-171.574157517406718
-171.530235967298552
-171.324997271341573
-171.735933274269399
-171.736512155601076
-171.876826543500556
-171.541706045921330
-171.756164233924437
-171.722049025887799
-171.754498850612435
-171.839232071028562
-172.105450083849490
-171.503074722782145
-171.644099090714235
-171.582492306206234
-171.647241594830632
-171.886433435689128
-171.887322074253177
-171.841642427516263
-171.776564527208848
-171.699581284335238
-171.564011803001961
-171.629206582072328
-171.349051851630207
-170.738025720568714
-171.788780578582134
-171.573484104649680
-169.514547579592289
-171.690189167194148
-171.754477299262589
-171.635813096005222
-172.016035624698873
-171.614188758719479
-171.560735624775759
-171.798371182881198
-171.450435679151013
-171.874987738901325
-172.117624761625592
-172.017637410044188
-172.071170145655515
-171.172065537237472
-171.114046288236636
-171.832057160761366
-171.900812328099335
-171.463557682923977
-171.460802389740422
-171.570874202141908
-172.068528315725587
-171.648182250343268
-171.914075956190658
-171.739686128530479
-171.285464144778814
-171.685200486068140
-171.566833734778157
-171.470322161756201
-171.289388338407718
-171.192745376451114
-171.420985791421259
-171.673711159360892
-171.542868464212404
-171.818167277641692
-171.707484481643405
-171.523567542098846
-171.117449106382622
-171.203792596866208
-169.373849842601260
-171.170219317429030
-171.186736765099994
-171.530453254548519
-171.594272995408204
-171.123421430188500
-171.335308807801141
-169.831845753999289
-171.838425840963453
-171.854062608904911
-171.142191279101212
-171.757818157001367
-170.417116922040520
-171.517022392048091
-171.057716518854420
-171.059301221590573
-171.088063319790308
-171.062313193443231
-171.090972405262988
-170.424859341033141
-171.549415333972604
-171.765445386230766
-171.610442045186858
-171.532872465056016
-171.452302457276517
-171.388339448943583
-171.482914315692938
-171.577867191867711
-171.673833275473271
-171.851473663788511
-171.704702651994580
-171.629937480627405
-171.946859569181527
-171.917022447638942
-171.556140567682405
-171.143843570830654
-171.627517111083364
-170.706390806027343
-171.777846365782750
-171.814745294435454
-172.060660812567193
-171.618897497110368
-169.761803761442678
-172.030314507709079
-169.814528397950482
-172.280638582112545
-169.329863053551605
-171.855631383452987
-171.859792149280565
-171.654888518399360
-171.449316399036775
-171.625146256615608
-171.437806553268217
-172.121716944457432
-171.872198752915921
-172.087850063200136
-171.563457075490959
-172.341810166196808
-171.934435768047251
-171.885661108799070
-171.796804298893619
-171.902715564322705
-172.075623590556063
-171.479268188719885
-171.630041504193713
-171.477687983681335
-169.415728580536609
-171.474166425569308
-170.911781383963472
-170.839930573950937
-171.686464147332202
-171.627575179218582
-171.940675977306626
-172.269718025288228
-171.492135220728471
-171.928283360445675
-171.533033576843764
-171.789622400101848
-171.954944772645035
-171.876848217364795
-172.333238926609624
-171.477802408910577
-171.402525672344240
-172.329317365855559
-172.388830843738958
-172.445319875443289
-172.398946744736179
-172.062135610188477
-171.887341871158725
-171.900827811391594
-171.832739577886684
-172.013882800635258
-171.787363639119917
-172.004264935253019
-171.967191056446950
-172.199921742697313
-172.159627371339496
-172.205284246241320
-172.060055837933248
-172.114323754919155
-171.557323772641439
-171.512719821808105
-171.889306662429021
-172.385178777999670
-172.194532243451192
-172.108021368382765
-171.856629028533973
-172.011593598080850
-171.943819470447806
-169.508504927815977
-169.489165729434035
-169.533943943246470
-172.244957855640337
-171.522119104165142
-171.783904772692949
-169.938340935374981
-171.655152936434007
-171.247528874848086
-170.822796214146734
-170.862531022797242
-170.757814771186418
-170.822801847974972
-171.361810469227123
-171.994953147663921
-171.733667778084282
-171.657527817932134
-171.705898475877774
-171.754365689532733
-171.226112031232361
-171.671896038818090
-170.855940392622898
-170.891604305433646
-171.049309987052709
-171.135649835772256
-171.305200643607236
-171.560022649031765
-171.616006268130491
-171.647719677916882
-171.424025620357952
-170.852594061563394
-171.244851626704701
-171.261512745352036
-171.679181168195782
-171.274071875466319
-171.942078919209365
-171.249399604486626
-171.422794420307184
-171.472676771297472
-171.553119942322269
-171.477606438401779
-170.995589305913114
-171.431374827181969
-171.412334787072666
-171.364372952653923
-171.740206545200408
-171.753310270734943
-171.846665267485378
-171.793086516273661
-171.455213808516646
-171.519189058938707
-171.199812487321879
-171.032636867142315
-171.050094668561655
-171.739845581398299
-171.784998585575693
-171.999783275384431
-171.697318216844025
-171.510107325410758
-171.725783187795258
-171.753168041075298
-171.696079641102784
-172.001443656971674
-171.806890605812612
-171.857225303273765
-171.927115619383244
-171.910784355423573
-171.460186611168865
-171.516317445048742
-171.635462640961407
-172.058524810224014
-171.460965611260804
-171.414968185086764
-171.349484701345176
-172.029195985996978
-171.832069358705553
-171.863193538321866
-170.996548004510885
-172.030484336680502
-171.699254950591694
-171.650164878256078
-172.113296332593052
-171.556436236821071
-171.490623637134462
-171.845478765655741
-171.796465471977342
-171.759048072792581
-171.697017914759158
-171.210195899423240
-171.626788952599554
-171.358762264913793
-169.683431004132984
-171.237330448175726
-171.259097551750159
-171.241197736209074
-171.431923047299591
-171.279752267464005
-171.706193515759765
-171.392098386822624
-171.556692119522353
-171.523485557876825
-171.759524081493794
-171.699849431890925
-171.622062352861548
-171.819676127207401
-171.206456711953990
-171.228070573662194
-171.755404175037711
-171.334462363852936
-171.367406217944648
-171.281379418506333
-171.389746051145096
-171.105186521151438
-171.158008041903486
-171.510163959836405
-171.448369203224104
-171.269596765002206
-171.489230160445970
-171.308530285372285
-171.384013888174820
-171.095159511810408
-171.448552054917400
-171.815681570306111
-171.837695399928919
-171.158626815772379
-171.171880016734718
-171.759773076621940
-171.179460557629397
-171.009882085420941
-170.906438657097738
-170.978430596038891
-170.932800669611737
-170.976484399789285
-171.405349553642225
-171.751359100778359
-171.254485435239417
-171.789599873038526
-171.734317929353210
-171.264086792366413
-171.142220110768051
-171.064471554570332
-171.756739087717420
-171.460719728821118
-170.883243073952826
-171.102069508463842
-171.413636554162451
-171.467399760803715
-171.511119172905865
-171.215544995026733
-169.101349658542802
-171.468291362551156
-171.431552297261419
-171.164143236197845
-171.507325381063453
-171.690156639478289
-171.516429813982541
-170.925447329268678
-170.967596012926890
-171.271064510167378
-171.262949945919900
-171.470664664036292
-170.552901856894493
-170.588898072089194
-171.313767389112741
-171.439172968579953
-170.658960750380118
-170.298418062660346
-170.746473550068970
-170.771746567260550
-171.469905225162819
-171.484054268478360
-170.911286411259255
-170.848014470117334
-170.991130065097991
-170.850793398430767
-170.682642410003268
-170.936811122095179
-170.633575685909022
-171.105086028243193
-171.725168679233263
-171.786333828780585
-171.607515499359380
-171.546489527600386
-171.813983305529632
-171.398375953536629
-171.704454154429413
-171.876485227717012
-171.952849278266797
-170.826508673550222
-171.264127004304328
-170.882814208874407
-171.641713324900536
-170.837732742607557
-171.800671376482114
-171.366914698305948
-171.731580055914577
-171.305285935452787
-172.063562358477128
-171.307167823945349
-171.716313888313152
-170.963388018170463
-172.007388572253291
-171.702590976848853
-171.950363792007295
-171.505427474545968
-171.523666796470621
-171.481132205827066
-171.531522760065769
-171.933725587301467
-171.996007033954186
-171.657363348116803
-171.573942148818674
-172.037897932498936
-171.208827682233732
-171.723162387560933
-171.673514127599390
-171.784363976510349
-172.123371155728876
-172.167634143895839
-172.104693363867057
-171.524748927299811
-171.481503359979001
-171.739318641222837
-171.269786915543023
-171.336302778380457
-171.261465304932358
-171.709297261274060
-171.456528435829881
-171.897468793098852
-171.274822100004457
-171.959265343891900
-171.518562114954108
-171.709165581558125
-172.337996675458584
-172.138367746408619
-171.622229498788528
-172.272320708782331
-171.867197459053443
-172.080561074073273
-171.395462344236535
-171.946475597020509
-171.879940205108369
-172.008913242191454
-172.191433928877927
-172.145925457642136
-169.334704668004775
-171.950694818414433
-172.073555382301038
-171.886161982209785
-169.776322818971238
-172.183238127156329
-171.801482807318138
-171.518587584393629
-171.547566769428897
-171.726472573585852
-171.519240460501180
-171.779888025404119
-169.423334049217488
-171.757876588682223
-171.891675000964483
-171.800259489715756
-171.848219851405133
-172.388414689580543
-171.748512647869774
-172.093371965273377
-172.469143814888895
-172.013129414191383
-171.961374646162625
-171.928561904862363
-172.041558906117871
-171.974961134179438
-171.622489213252464
-171.033869710735871
-171.753269646505657
-169.624619521199463
-169.426734028049339
-171.402440442271597
-169.694580726177662
-169.430063329466861
-172.135348700910527
-171.761203415750515
-171.066031340434137
-171.827461699428483
-172.079367113366231
-171.669204491915423
-171.441622540290609
-172.099826541861887
-171.344675181991306
-171.568328789390108
-170.765037073594783
-171.611010378252558
-171.647802564133599
-172.099534802685298
-170.987021042905496
-171.270680169955767
-171.458302369346654
-171.319957790779767
-171.350440070445217
-171.065793498766141
-171.035545752885753
-171.254556984474561
-171.197988103721855
-171.644235937088354
-171.553055787473596
-171.387423287143292
-169.313708245698194
-171.589016997413694
-171.667251540400770
-171.617814388238600
-171.632055940096109
-171.295775445042068
-171.720795018474178
-171.349995904206992
-170.937221643464767
-171.288517286766336
-171.671541789127389
-171.109355801128572
-171.250511730265146
-171.428857461515065
-170.889755846715218
-170.849882328448359
-171.922349632127009
-171.518740829499507
-172.082437719760549
-171.702065632852225
-171.843346295573951
-171.467102408524880
-172.147481732141273
-171.766988527594435
-171.649793768729495
-172.052274999746658
-171.708677868063148
-171.687941518894036
-171.704913328341377
-171.982571052459747
-172.149343147655713
-172.096987939411690
-172.048220585968522
-171.424340240041744
-171.987731073182545
-172.207370138649594
-171.640561207080850
-171.433720419775653
-171.378495395611537
-171.200270742574901
-171.703430382201248
-172.113676562888884
-171.600723556242428
-171.024571407057977
-171.681235307992949
-170.843933593490021
-172.216193077307310
-171.221924009177343
-171.330020884127663
-171.223590989428317
-171.168227408316682
-171.154814555347912
-171.171746889391272
-170.923224183563264
-171.466036235942539
-171.058400828521599
-171.562131784777819
-171.841485287629098
-169.463904254979070
-171.716058864524967
-171.375289922947161
-170.839821151685868
-170.623609322288814
-170.810260988680113
-170.758124043445548
-171.081869146254604
-170.617798061372866
-170.696254984825600
-170.696587905723504
-170.757312526246864
-171.649109957928545
-171.669936566009255
-171.320955099209812
-171.700877083604325
-169.629274868314894
-171.572038647599697
-171.637814994428879
-171.225637991350538
-171.429498720934077
-171.420015889408546
-171.511038559712574
-171.692292530205890
-171.354625769288077
-171.414534111422313
-171.765470043588010
-171.567350175876470
-171.371311847855111
-171.343336900009319
-171.356325545176759
-171.183820844324515
-171.069616746598172
-171.121714831263375
-171.389579558077088
-171.213026470316947
-171.689458479578377
-171.740352306543656
-171.482316651382916
-171.741438856169054
-170.810139652660609
-171.270480244393781
-170.402391008255222
-170.445904392493247
-171.500680218827910
-171.291015326262425
-171.229807830231948
-171.681943550653358
-171.473893045828390
-171.220481870076924
-171.047351187718277
-171.171343474149296
-171.376598710353875
-171.409177663077628
-171.545701322542158
-171.742161439667768
-171.793204067217914
-171.426532928578780
-171.417544455266466
-169.474438088647673
-171.420921083572580
-171.573814221851563
-171.529772047269461
-171.609709596325501
-171.173085849634958
-171.119635906157612
-171.183889745684837
-171.618375348603706
-171.639803894401211
-171.593352655731451
-171.579998438439304
-171.230582281424120
-171.545217216909208
-171.456374559674714
-171.392445636381979
-171.248429296398541
-171.476696957490333
-171.335703630559294
-171.461799021520960
-171.428269565949563
-170.786413609417338
-170.837951226759117
-171.052939267259205
-171.116742307197171
-170.830024117844346
-171.181633222388712
-170.722026633676364
-171.230717723747205
-172.068814921537410
-171.560137092673017
-171.383088641987285
-171.645497671817907
-171.382867879093794
-171.437938289656074
-171.457729126812524
-171.384167727219790
-171.907820533114602
-170.789855542222284
-171.117184767038850
-171.592083448703931
-171.414185737077219
-171.299327991227301
-171.195440334108071
-171.619972738780405
-171.422709451699120
-171.664587395539229
-171.648043164406658
-171.230063822559430
-171.556483025113323
-171.426902594338287
-171.379159377961258
-171.509503491946020
-171.871448404586630
-171.573807139515765
-171.451930730031421
-171.508471205753949
-171.480464170703840
-171.486956757681526
-171.728083591885621
-171.649673971086202
-171.604800287529855
-171.573844212817534
-171.640317774932441
-169.343457300824809
-171.344844176188616
-171.055884828635811
-171.220370847356975
-171.444731769198427
-171.509612201799598
-171.586302728783181
-171.843998122132007
-171.831050791996063
-171.354481733460801
-171.678667343348650
-171.376852191417925
-171.609275452279348
-171.680280993761585
-171.769619889311400
-171.592903438107101
-172.069945541548179
-171.920138155345370
-170.018653399942934
-169.680371536343443
-171.646724063592501
-171.201969534952212
-171.472194297370720
-172.108148665545201
-171.691282199953434
-171.865124231777770
-171.238707130642410
-171.185413360836463
-171.505824649449153
-170.726645591754107
-170.622764059171629
-170.706917909569711
-170.461578443673147
-171.402662611402832
-171.500900959074954
-171.610978159037188
-170.669784103224430
-170.735574080352762
-170.704068587216852
-170.958111398043059
-171.258770396529030
-171.640473524709989
-171.442204986918114
-171.473184440962314
-171.820912260496982
-171.403224205097843
-171.352651099707174
-171.647217817853857
-171.580112474086917
-171.534174285409279
-171.924561706252859
-171.542870578752797
-171.618266497194213
-171.571198115816543
-171.616786256682673
-171.987596537684823
-172.001595844518818
-171.791623188864719
-171.758975665672665
-170.512723835268389
-170.500127840325490
-170.774214726655202
-170.731598370211486
-171.538196731961307
-171.183371791645556
-170.511715031189254
-171.685783415791093
-170.234441635265995
-170.541367461888200
-170.675413260734217
-171.084033552897779
-171.370760255317208
-170.833756488019702
-170.735309452447581
-171.365400091464380
-171.266545804303803
-171.469898351777886
-171.216199749700593
-171.399301580602526
-171.298606392430884
-171.245216851978654
-171.823577311682953
-171.919791741319102
-171.294607081173979
-171.494242511777401
-171.428853448142718
-171.253983118883212
-171.770459870913498
-171.805729629647828
-171.483377086991197
-171.498572493836605
-171.021763788628959
-171.523555982952786
-171.724296872303000
-171.800915399208066
-171.841362465612917
-171.205695746882839
-171.264324315459305
-171.489789577007372
-171.671519067936970
-170.959253156193569
-170.597817579224511
-171.695138962693420
-171.457146629430270
-171.971104897012196
-171.419397756678251
-171.680895421441022
-171.635551900478816
-170.967956451713746
-171.706738146896726
-170.977518670161174
-171.687320068658209
-171.405331233200570
-171.353493536645232
-171.112550262060211
-171.722762900819191
-171.642425721786708
-171.439087534085843
-171.774819986538603
-171.721332143967629
-171.639981375647579
-171.688672441732621
-171.492645904662396
-171.309713589942874
-171.319888594154691
-171.919899978706525
-171.559549836788165
-171.452591462685689
-171.102562378217272
-171.650615046321150
-171.881888048711119
-171.930145276921536
-170.962237484414800
-170.760241450787049
-170.791760710493975
-170.521726601297701
-170.490170726981916
-171.789277721358303
-172.097825824227158
-172.036640900811847
-171.766184076235675
-171.730590773321268
-170.679524932215827
-171.398099858355948
-170.762462593953842
-171.650002373461433
-170.728953958523107
-170.793460622620188
-170.793741459219547
-171.450640226179360
-171.479048178136452
-171.486254048535301
-171.395890868683693
-171.016186080369550
-171.050437190910202
-171.700373404152174
-171.424920553634252
-171.862084749154121
-171.952085872915802
-171.921287360970325
-171.703132807660410
-171.439800004516002
-171.717400524238769
-171.664141936490864
-171.534270336253513
-172.097588640165583
-171.672325623319352
-172.005615190915535
-170.902417366169345
-172.171666446496204
-171.884577113200464
-171.154720804044018
-171.752143350993379
-171.633361133714288
-172.121080236724310
-172.535368057403787
-170.912742029818048
-171.480860562240935
-171.738729474056555
-170.532785575405484
-170.838296189771938
-171.055759193659810
-171.835333249292773
-170.808674660414965
-170.744048966517539
-171.417792706310479
-171.179080052017298
-171.709823409469550
-171.914848331880478
-171.718478486925619
-171.753151225361336
-171.920187322556330
-171.975065597041294
-171.923370083404848
-172.337433866179765
-171.828687782047552
-172.069506488658334
-171.275032543748154
-171.892112878337542
-171.974712109113540
-170.293531097580342
-171.720343488118232
-171.751283784640464
-172.172736512320398
-171.686515211127926
-172.063777035888506
-172.347957462769727
-171.493150079360504
-171.702000579382599
-171.449817935283306
-171.770544666971148
-171.971128018794730
-171.728514488502071
-170.700335543013580
-171.718698458519896
-171.874218946315295
-171.183829623804428
-171.963419023843329
-171.973967451730402
-171.600464916978211
-171.477400067085000
-171.025458075557140
-171.756760181285983
-171.677610378839177
-171.397483978732623
-171.153964035225158
-170.498493577952956
-170.448779382097683
-171.754839062310850
-172.063763508861769
-171.371792254154286
-171.374647452385631
-170.789150123666559
-171.415590214727445
-171.436580890279458
-171.446071932240841
-171.599109253592843
-172.000213950151306
-171.944585726094488
-172.058695391970048
-171.359421393464430
-171.115928001130385
-170.469433229566079
-171.520392003648055
-171.083398804668576
-170.865391415160559
-170.822379294796661
-170.853668761297001
-170.853915771938659
-171.114086032424609
-171.382948474094434
-170.468006773730622
-170.649189764579205
-170.762159401151621
-170.697669278117530
-171.704224439178972
-171.415939755988745
-170.744333767506959
-170.455956862821807
-171.863331181891454
-171.413628454377999
-171.336182527354993
-171.129456982831556
-171.379664792831818
-171.029645681584441
-171.078791579963422
-170.779295943541996
-171.348724403300309
-171.151601113953205
-171.139786520316477
-171.111270159138826
-170.380243597020240
-170.860707526563601
-170.592064338592763
-170.623014940378084
-170.895270138566445
-171.702982125805136
-171.118209347962051
-170.754472883089960
-169.216432402000919
-171.396727896566517
-171.265904834674359
-171.447324875271704
-171.134553173994618
-170.590864080319648
-170.782516150471508
-170.827803988745302
-171.185217421937381
-171.379166439037647
-171.694188633225849
-171.394823112981328
-171.367668578893813
-171.222519859263258
-171.194710950359081
-171.166447918402980
-171.485116307506189
-171.429666579402351
-171.241007961064923
-171.003055492634900
-171.469320372168568
-171.438755540907550
-171.990427626145845
-170.559639405483011
-171.455865403456244
-171.197326780801916
-171.431914972218692
-171.145155093845233
-171.469299399873933
-171.448720527731780
-171.592891325214794
-171.979179615431235
-171.065301708675065
-171.782902665645224
-171.025559147680781
-171.490643261801637
-171.433176307733817
-171.169158818782194
-171.418069996281019
-171.252019370079609
-171.199406425409165
-171.698458979982746
-171.647275719192749
-170.430273603692342
-171.033841576969621
-171.078582828182022
-170.817272874316984
-170.754402053196600
-170.862478546604450
-171.645822287267094
-171.498716628226589
-170.795738386551108
-170.767077735586867
-170.550589201248187
-170.519033420505991
-171.300965010787536
-170.729663277881457
-171.344315460676796
-170.763970798055993
-171.416336822285274
-171.503422749236222
-171.687905554901562
-171.471341926977402
-171.429590106969727
-171.494501882457200
-171.449037577680144
-171.894354220619732
-169.464129529764762
-171.465507203651100
-171.463438200332575
-171.448984040662651
-171.509432299342933
-170.929344686519130
-171.380163216637357
-171.207477848983501
-171.442267902454432
-171.145676599608748
-171.391202959921941
-171.482041796075436
-171.494527581511932
-171.548982749740844
-171.479696251366590
-171.670170383797284
-171.640437021806093
-171.670493253623135
-171.272869929655485
-171.149930970711466
-171.390256108984659
-171.600084203026029
-171.159992876425491
-170.950567414743261
-172.085602092840162
-171.643382138373909
-171.404458143202419
-171.412438677800424
-171.794116483905782
-171.906213844062563
-171.556226996851109
-171.843791699059466
-171.616193152621378
-171.965760401524392
-171.734158678693348
-172.147558781030966
-172.145041847912154
-170.722709946802638
-171.616983854827822
-171.435643284738461
-171.154252767708300
-171.217577993415091
-171.023847919878222
-171.625109510094063
-171.819096117607728
-171.338832705188963
-171.796382887157705
-171.624532682876634
-171.689653269139171
-171.720667074406038
-171.773110603402444
-171.316172363209887
-171.561918757037660
-172.024517866609017
-171.846492553872082
-171.091146553483497
-171.542225982533779
-171.054513327012728
-170.982139648373931
-171.517006077675092
-171.033560430362911
-171.697087697563859
-171.402030420550517
-171.626857617575240
-171.683279544948050
-171.809649334933312
-171.295289729072124
-171.440570696635916
-171.517121891675060
-171.720863318894942
-171.328059749763867
-171.628876326446061
-169.819495304504642
-170.857067617403402
-171.597576007655050
-171.565704522769806
-171.048782804695946
-171.298884418633634
-171.531903115575460
-171.793348173238201
-171.640282700762299
-171.565524528597820
-171.561826408396200
-171.586389933495752
-171.824866757352225
-171.034859050585339
-170.775458070567851
-172.080940317240902
-171.633029884768916
-171.275768760344789
-171.623409216564994
-171.013240221493163
-171.382342827438549
-171.458762185940458
-170.932904368902086
-170.984524689315379
-171.168841913389940
-171.227108859316047
-172.010185130830507
-172.016387146876070
-172.064602695207384
-171.317610030324772
-171.342217301909500
-171.854244863771072
-171.406305960911197
-170.960632947197610
-170.522271387877879
-170.970059767089083
-171.406287010589807
-171.842184087797989
-171.321663211339285
-170.923727164538889
-171.197513283080468
-170.836685758398971
-171.330289960967718
-171.068934230524150
-170.441282294514281
-170.438703800230655
-171.589442616594056
-171.440441603782915
-171.707981734635382
-171.408474618865569
-171.669252143722247
-171.625684298969816
-171.105605237197494
-171.160145050345960
-171.342212457516268
-171.617935458185457
-171.891851302031057
-171.499838167911804
-171.555097641147171
-171.570121958667102
-170.948354090953444
-171.641075154022417
-171.157816791801793
-171.646726262555944
-171.592002994723089
-171.217397156861296
-171.161716605722546
-171.607205927444966
-171.157989893596948
-172.111114718048157
-171.355907540439802
-171.327394848271979
-171.669333526860441
-171.131993807848204
-171.076409632376453
-171.610622617351453
-171.554110239017348
-171.610711903794623
-171.537146670345066
-171.639696134402413
-171.303734450634806
-171.917055837998959
-171.217286660480056
-171.824498779701969
-171.799618890241788
-171.331909208565492
-171.542928758489580
-171.381557350713933
-171.580023256325831
-171.871310650023815
-171.466267181560681
-169.564055810137262
-171.522970685463775
-171.572372631463907
-171.580160603812686
-171.498450532282391
-171.546931609675482
-171.511990545387988
-171.879564142057234
-171.606443306181831
-171.353384817766823
-171.340391002446751
-171.370734770227443
-171.112597160739369
-171.248424950455899
-170.809852367421001
-170.403439304422477
-172.098567752170851
-171.861539423011322
-171.595459358099532
-172.154587737326949
-171.495736017276613
-171.361871718650207
-171.417379372261166
-171.657878127642221
-171.828821090822174
-171.423664357353232
-171.257278086126007
-171.893655595697851
-171.268630868286664
-171.937444481614932
-171.342822920422890
-171.715982555483663
-171.714957018528935
-171.054565900626585
-171.528045843355585
-170.344201689548584
-170.701313464201462
-171.050776969608023
-170.116886879759818
-170.818435020140413
-171.135640506228242
-171.151080639717009
-171.192915440869285
-171.195201515145101
-172.203226793872801
-171.282466036190044
-171.965248792056798
-171.704589122235745
-171.873751340741279
-171.957347272469491
-171.529852832157985
-171.517549381589390
-171.151348857353469
-172.190341310098830
-171.897583220079071
-171.818302974994651
-171.432865092207777
-171.955763976474032
-171.952409868712550
-171.588065779282488
-172.221124711805771
-171.659920259673584
-171.909272751790525
-172.146736910180010
-171.970214261290238
-171.777771116988561
