1.345384774904969
1.3421797970457494
1.3398978164906943
1.341678513152382
1.3439688185379155
1.345381095601654
1.346163265358191
1.3396212642713012
1.3400874743432067
1.3409626424134025
1.3450109565784556
1.3475365131641364
1.3446104364374043
1.3409513665853636
1.3465633020451635
1.3515962057862922
1.347202865740698
1.3421728114357838
1.3409280729313837
1.3475818910027995
1.3456964776574094
1.3367465729843144
1.3541334608707452
1.341152501003132
1.344392791215931
1.3422606696974977
1.3425281761884622
1.3204530349738908
1.32790912352407
1.3418619991506546
1.3377021441538246
1.3356822084515874
1.339825194133351
1.3272945225227981
1.3304278217378869
1.3366379096020038
1.3306073672654117
1.339754922310909
1.3421234042408046
1.3191966785614873
1.3153999230644884
1.3161991725109987
1.3367443977310491
1.3180079086211869
1.331805704065087
1.3464540749645029
1.3276126954940592
1.3309052263228258
1.3376160832327475
1.3462554926809394
1.337473859956461
1.3469093530542355
1.3304577392135404
1.3443654804715375
1.33291700281449
1.3355898246045765
1.3344123725588404
1.3369795238418547
1.3334946330173543
1.33446988473983
1.3219915116728294
1.3324722826185307
1.3401322405307237
1.334904858823366
1.338502263910423
1.3464183873822952
1.3242991103230977
1.3416808697550637
1.337217790131077
1.3136832799121663
1.3326925043473694
1.3201314886974
1.3251617749017393
1.334836359430762
1.3412938161302057
1.3332966438840261
1.3218757145380529
1.337511929170727
1.3086272556473073
1.339053134738331
1.3205347175230113
1.33665675380956
1.3381415941078054
1.3167665757151685
1.3358574386165536
1.3150659490848862
1.3171279800746964
1.322870366038076
1.319343088968523
1.3371675877298899
1.3387016777497418
1.3357726709090714
1.3154444842569184
1.3382478122486468
1.318789045354462
1.3326983733515485
1.3435844888233552
1.3385209512808252
1.3218961686425073
1.3230196212714467
1.3186699550835421
1.3393594393140296
1.3132129002427317
1.338779054568037
1.3396564446113952
1.3401938483722837
1.3315440546300201
1.3202024942160582
1.3112837949694043
1.3056339277524
1.3448852338307318
1.3348677689869808
1.3305276986002894
1.3089673582769537
1.3336181105822067
1.3319455233272497
1.3334890692068404
1.3351548439581302
1.3372888752866054
1.3380696854077627
1.332784278395557
1.3311822746088224
1.3206350224598968
1.3371134498751853
1.3393938100217804
1.327998903987945
1.3142801665183332
1.3292408044348374
1.3241924978320616
1.343321572034692
1.3344483493186912
1.334954587974194
1.329324724213699
1.3348612978132874
1.3196969858493575
1.3450243672378297
1.3062231335646712
1.344243156733407
1.332363031790884
1.3382557685639402
1.3322025701053575
1.3399278062361304
1.3335528938646812
1.3297553830755486
1.336509458620646
1.3368334105423323
1.3343418941825158
1.332840720193034
1.3156729485915613
1.3382975898429748
1.3147061297478428
1.326252259139228
1.3280860276030393
1.3228439358913622
1.3126940056832592
1.3128202137937137
1.3416643769374195
1.3252389800828241
1.3291434573775265
1.3246844054399347
1.310102346252381
1.3344401966043036
1.30623346634996
1.3396508503110933
1.3284729095438201
1.3282299224700578
1.333608901415175
1.3375363566441492
1.3316268922877468
1.321944815643985
1.3328984312588208
1.3337141633347018
1.3350880645395398
1.32753779282292
1.3358758565936786
1.3323142356045405
1.33382394509652
1.3356901845425693
1.3411617542548016
1.3238183972242554
1.3189317411150654
1.338387741032193
1.331750128687083
1.3291717354098398
1.3113479515935182
1.3124146605668092
1.3336664887897984
1.312064500826946
1.3330807103195634
1.3323253210433188
1.323505943098793
1.3240153173874627
1.3269751501934168
1.3171809557584055
1.3243290017147273
1.3285615331470588
1.3309655824815372
1.331754491775136
1.3129965740912244
1.3323226745042365
1.327730000597506
1.3302342958636495
1.3085067168023605
1.31068293637926
1.3320591685354215
1.3336129002921184
1.3349523303985527
1.3297077874763474
1.3277478443581057
1.312595698007007
1.3385488255624869
1.3174433597238857
1.3241609445704432
1.3342593320661122
1.3312492018890851
1.3233495019926622
1.3104922956571723
1.333159357129768
1.3301579134197423
1.330599530830034
1.337615243617279
1.3289280615195131
1.3312198269722941
1.3287042305162737
1.3183803808764736
1.3346077460625618
1.3308519500997478
1.3198234852042066
1.3384257473540098
1.3370208262902086
1.3199061238619367
1.3429181944960085
1.3254625649631264
1.3214463716074947
1.342502707110014
1.314473151272719
1.3381762521958247
1.3384554352890827
1.3355606000966171
1.3148827154123468
1.3322843437796485
1.3252941059574714
1.3236110120946403
1.3438749020471974
1.3128230864647743
1.3304219158261446
1.3215204026145422
1.3353436395488647
1.337769004545413
1.334576862302274
1.3407047695837684
1.3357671344535582
1.3384994519637692
1.3336803045621337
1.3403576247625253
1.341846045881291
1.3425027862882766
1.3368185013018588
1.337864840817828
1.3385512291983186
1.3395108219898908
1.3358029691895144
1.341117911223858
1.3351861685625905
1.3408565824730758
1.3372252987658653
1.335815314576067
1.337936547544456
1.339654951598751
1.3396883387888392
1.3391205189624389
1.3397651787776228
1.343328050710122
1.3406947309432102
1.3446892840532545
1.3446594743168832
1.3395888180941535
1.3325094817872647
1.3317718063048336
1.3390387717572088
1.3435359913559106
1.3389769894452221
1.3385290537482362
1.3354221539476407
1.334384490160767
1.3329332426716316
1.3355383382377646
1.339397164574027
1.3374330445786424
1.3394009907507687
1.3382679113357325
1.342767578905559
1.3435992060062885
1.3433911984374003
1.3391113141817
1.3384518306294535
1.3413377290165953
1.33699009394634
1.3406880979804634
1.3436586390432332
1.3414178222515252
1.3359961463324725
1.340391930770728
1.3408090836392144
1.3394166393519227
1.3438579013097707
1.343159591664361
1.3416552490299718
1.342289592567421
1.3424094396146662
1.341182671422295
1.337679774755851
1.3362963584442045
1.3444343272169388
1.3383015709911183
1.3418157687065373
1.3455486613562666
1.3464400919690922
1.3418275210382866
1.3217346370758452
1.32347035918871
1.3320697009015086
1.3346229787060802
1.3292120422449367
1.3329882190225615
1.3245774913464885
1.3409838329496826
1.3374981359714166
1.3356417670427418
1.3343183854746823
1.3362529768608957
1.3378234781893676
1.3387058139181787
1.341471674799858
1.3425796617634498
1.3399517346108687
1.3422708914265573
1.3425257785851936
1.3412074648455543
1.3311338536127035
1.3308413885148627
1.3210473411631714
1.3202223076428115
1.324115623723485
1.3338388635911025
1.3195438345799864
1.331867618429193
1.3367808276401238
1.3410471390527596
1.3289872953728683
1.3177776892971944
1.3203878226185668
1.3210440884509231
1.3209933661702984
1.333729722945147
1.3344105996486662
1.3338851490343249
1.3400259388537836
1.3399066733768976
1.3406569969574074
1.3390940027551268
1.341658554247322
1.3281555469402653
1.3302794282645507
1.3352573181348966
1.3345894157966764
1.324482706800963
1.3392871511394826
1.329912512860716
1.3250897874172527
1.3264120524085392
1.3294249551975403
1.3355226148310888
1.3313675584229674
1.3448171953067058
1.3305850624490403
1.3255785176095805
1.3386710493920622
1.339569025355495
1.3369122827287832
1.3432945612310119
1.3430686363406523
1.3400030283119448
1.3402055080675848
1.3421169950597351
1.338986045883989
1.3372290725099456
1.3405975837979265
1.3379613375203059
1.3426811670116408
1.3357226147358863
1.3350242426821013
1.3398920777356271
1.3421049814388677
1.3415535876937235
1.347075835176742
1.3390539707561042
1.340436100451289
1.3386664155367594
1.3360534850605357
1.3346003091470715
1.3302410929430737
1.3363313613194778
1.334087050112906
1.3334371529563704
1.3351656825614862
1.3345736844392146
1.3263381242759498
1.327247754723556
1.3253846687703914
1.327716044672948
1.3361577458192666
1.3307957778304833
1.3336689490451092
1.340791208898268
1.3293077931494965
1.3346953742423497
1.3397765456062625
1.334231297286602
1.3204536972843621
1.3263457882327103
1.3493965302702424
1.340809186641698
1.3204077104158813
1.319839799555147
1.3293708409685134
1.3357678455249529
1.3209644412931536
1.3234554546684576
1.337313236791892
1.3397346279620994
1.333715081535931
1.3377014502107412
1.335794732567446
1.3202032336033047
1.3256739922548422
1.3362018058447822
1.3389876878402798
1.3364460889509278
1.3329156845807424
1.3264776508736513
1.3380022516194272
1.3374556872019778
1.336701967829461
1.3372939516028923
1.3361591462719604
1.3328009854523342
1.3342862922790673
1.325356394635714
1.3274815841648133
1.3201696734419543
1.321523512000751
1.3428569886196082
1.3434944101972994
1.3500386754478
1.344160379691419
1.3335899766490797
1.3317288190289698
1.3320421209713664
1.3280298256546073
1.3356007064560897
1.326200382707835
1.327919306419089
1.3526461556258298
1.3513050759582157
1.3210939255887484
1.3200020259156344
1.3202786989563202
1.3199669714560247
1.322726300695597
1.3247585886048003
1.3315930801255653
1.3358198507271655
1.325906830908358
1.3136870081663596
1.3287737525907275
1.3211591193616918
1.3154951089966223
1.3240857217732709
1.3319721949233203
1.3261230044438286
1.3188141081836584
1.319613085729614
1.3173326114876907
1.3243402516515579
1.3297941120915089
1.328195721653528
1.3239470358942462
1.3207959497613015
1.3202366945899406
1.3339580730231229
1.3436804126080724
1.330817156346387
1.3288283646760157
1.3402789512268654
1.330479857584564
1.3266137848628765
1.3264677012964314
1.3217794768502236
1.3227621327623111
1.3308729352182826
1.3227370633803408
1.33510808842186
1.3321314190537616
1.3368170894196643
1.3312849419339357
1.3355422763359868
1.3353774026718512
1.33242070964909
1.3394135534581686
1.3337338121107938
1.3224309026924033
1.3408321260545377
1.3286039862545274
1.3301549647327184
1.3338332110933402
1.3186512978957192
1.319996176198801
1.3122440248115548
1.3086630323179176
1.3194732575085473
1.326413409525985
1.3240757897300048
1.323259871700182
1.3415701762492618
1.3428787325359184
1.3204683907149501
1.3408541149203468
1.3316179221581954
1.3320398033891419
1.323733534449418
1.3344871972625083
1.3208406151030183
1.3255416473788884
1.3258802617020222
1.3213318707128943
1.3214672587424316
1.3438764089770896
1.3230078959809017
1.3253066332328332
1.3301748484387723
1.3304965442393377
1.3298121423417024
1.3324609202256017
1.3226200414049092
1.3237721561140088
1.3227232191450284
1.330977513849966
1.3289062589521488
1.3260682335207172
1.3386755122318768
1.3175631253911269
1.326074890850999
1.3168988808271447
1.3200450369186492
1.3306735339593767
1.326481288332083
1.331638541548181
1.3225535544736375
1.3329055157991723
1.326968194821688
1.3180001772594594
1.316862711746398
1.3158059186835966
1.3128223897984044
1.3155128378382923
1.3172267329760596
1.3372533138003038
1.3289617697963654
1.3470189552971776
1.3316341131064442
1.3337613489086304
1.336083862518878
1.3334099098983698
1.3366053975200851
1.3364354168600632
1.3329767634317502
1.3328543497587853
1.3308117604684717
1.331631981438267
1.3293568029945537
1.3390127346210825
1.3350193800607153
1.3353326127910403
1.336826455346486
1.3345447981359018
1.3373949396784335
1.3348814076841669
1.330423794342908
1.3344409212960804
1.3373137266051598
1.339105628495347
1.3390684197562788
1.3213076656876066
1.3234358376673576
1.32492938331506
1.3365285295873226
1.3295426685697158
1.3366484613288436
1.3403671321483182
1.3403020101824799
1.343207653955547
1.3375255169384515
1.3416915754225778
1.3366686861221968
1.3352103855272914
1.3442815367583938
1.3247315992226334
1.3315514909367039
1.3334865575361763
1.3230259644418108
1.3404161757257824
1.3338284372696807
1.3359284460644758
1.3348943686054613
1.3351944880301214
1.3319929538025337
1.3342246719362243
1.3402548054874326
1.3156563390567022
1.310853608805652
1.320749036025283
1.3236171633647915
1.3218672358707912
1.3253670594293956
1.320225589367075
1.3149589443775367
1.335600812762857
1.3295011654107889
1.3119769227995637
1.3201154780548956
1.3159463069351804
1.319413078488307
1.3375168267455506
1.3311323962931523
1.329052950459916
1.337075306214117
1.336462542522818
1.3358378086112737
1.3312806528331143
1.3344825404198477
1.3328904011186593
1.335435772801333
1.3289221857960394
1.331921610469315
1.3323165202682565
1.3339284299648364
1.328529326875597
1.311080815481364
1.3040695104908349
1.312594998807386
1.3113952805479405
1.3156997160893027
1.3259609435905937
1.3131486825297423
1.3064029550855
1.318785385381885
1.3162568322095205
1.3152007005491473
1.3304769285978426
1.3192735999442817
1.3198148353700847
1.3098462509632829
1.3175138285072066
1.3240843762671717
1.3094534989802828
1.3105048305693698
1.3152206043908043
1.3233903468543975
1.3212838413189765
1.3436723873041252
1.3386389513388146
1.334519359181187
1.3353363403873055
1.333209882826165
1.3333761209627828
1.3394081066613441
1.3335122052859767
1.341768480389162
1.3384525106254301
1.3385624924111066
1.3228478381823523
1.324975060447274
1.3193689951611065
1.3212634155200114
1.3195268616953366
1.329646358188516
1.3273521509389137
1.3327425590891084
1.3321642938448568
1.3346805627343703
1.329343237759041
1.3273518138174987
1.3190072940295594
1.3275285666888237
1.3242378234041712
1.3333533504657897
1.3250223224150681
1.3246665884968136
1.323897230013703
1.3268141680863859
1.340557556405047
1.3389218751976872
1.3405800152047362
1.3379296365108302
1.3417696990657153
1.3369380302989795
1.3325593122350652
1.3389958055939373
1.3390484927461785
1.3371834827686784
1.3368334600574587
1.33597283686229
1.3375843761392534
1.3245728921969202
1.324377376466295
1.3171594506177062
1.3144769498287898
1.3019454391366174
1.3140814795487088
1.3104419067067419
1.3149432820394773
1.3159417073383501
1.3052787413872784
1.3147680284429473
1.315711481274758
1.3195649856204759
1.3131001517235528
1.3157212690771234
1.3167818274561978
1.3224896045975625
1.3163637720519281
1.3175844868052924
1.320365180467047
1.314269758236285
1.3159315403894971
1.3386199354779251
1.3331484655234072
1.3288303010824647
1.3359087992699272
1.3339823398707997
1.33518923481154
1.337245649223599
1.3330710952907403
1.338996367829911
1.325684308595101
1.3212372094407598
1.3186343668092972
1.31463844372784
1.3084173818375833
1.3044330205629382
1.3028452958907786
1.3123504030130095
1.2961872045856069
1.312681545395945
1.3173390808085264
1.340857584833688
1.341152219458726
1.345076804931613
1.3058580462835008
1.342948906974598
1.339650748372505
1.3398459257351267
1.3092175894728297
1.3417152356707538
1.326209506274823
1.3187694060394972
1.32150337227831
1.32302203718312
1.316551380339568
1.3181537284106013
1.313080967110687
1.3173403693076418
1.3100636183532257
1.3178034013669142
1.3191563785704274
1.3195772282746492
1.3245098278221743
1.3293806516865956
1.3154356907045435
1.329205103133799
1.32642658805403
1.3271761089763046
1.3292310124637159
1.3325526677106445
1.3386654120875814
1.3244770926406408
1.3264160515152563
1.3302741242085023
1.3348454319344192
1.3371645587910381
1.3382059919970977
1.3250420181917884
1.3310932570354876
1.3334182683507558
1.3320650511147225
1.3355607788178174
1.3322811716671707
1.3338204803898346
1.3458605990136352
1.3105229908125673
1.3104319096654133
1.3059881947466707
1.322187985147926
1.3111270179475414
1.310305017478562
1.3144409897310678
1.3149178502604306
1.307348112442812
1.307243054980811
1.3207983987525855
1.31622989694545
1.319255151234665
1.3203297029382655
1.322083606399137
1.3064624950957167
1.2999515024866535
1.3075549393182586
1.3199647720829433
1.3303146885761594
1.3291134277588075
1.3275812227252888
1.3472315492631879
1.3382852968170114
1.3389856432979497
1.3424876722729768
1.3427281200167562
1.3363600997895386
1.3383002905806103
1.3179422300936836
1.3372049477595402
1.3266336696667305
1.3188032507065641
1.3235243095613651
1.3209750513906522
1.3426924857902092
1.3464535722845217
1.3477168213029231
1.3356695483115417
1.3322223148014327
1.339987598370593
1.3360974550864801
1.3319157252812
1.3357363850000916
1.334415761597751
1.3404285228428918
1.3356193899480029
1.3304136134204778
1.3285797075478432
1.3296921640384771
1.328087303239319
1.3322104672030457
1.3255591240472955
1.3306469287302067
1.3254507112088507
1.330925542199471
1.3329330495723983
1.3348076807758704
1.33111761640864
1.338661939409121
1.3224817148068178
1.3324366755113466
1.3360469201224112
1.3315730130156338
1.3261311481165454
1.3281184811790543
1.3272127599449932
1.3288885217989306
1.326617175825815
1.323685839122111
1.3281976653186227
1.3260989980451419
1.33162717564145
1.334409987412003
1.3406641856459527
1.3397626376222278
1.3357467343505685
1.3298680146841388
1.3308898868935457
1.3372211566564656
1.3213460772520564
1.329631652808897
1.3353820217135473
1.334755075963109
1.3222061774908207
1.3246103988898241
1.3456143649670549
1.3464176669041201
1.3264075689616959
1.328033217434069
1.3360027042270566
1.3222550823132642
1.3308477764093765
1.335164694321453
1.3459015087749715
1.3485637471607517
1.3331663760489554
1.331644964426809
1.3348540907983624
1.3345499226353899
1.3386805894662233
1.3498086820521447
1.332743883548328
1.3327577746218322
1.3328970702288856
1.3322425938145002
1.3339145863569457
1.3303531249387517
1.3350814515626295
1.326261302852899
1.32894027754312
1.3278062440010951
1.3355503308904257
1.3321241522129734
1.3319615163456664
1.3331863601130738
1.333660988939592
1.3287348130577241
1.333138352611576
1.3308916035238356
1.3327613398656957
1.331606350401951
1.3391558789050724
1.3314754430051157
1.33779570988007
1.338716697501752
1.338154689406888
1.3351899819669248
1.3324184942518424
1.3293229111619416
1.3303919723880473
1.3334898388587728
1.3284816365715189
1.3283349846619672
1.3332616957584962
1.3330951115603824
1.3406879201816906
1.3345108251951663
1.3397190580133183
1.3257348055536529
1.3319258324991043
1.3370438648282261
1.3419656280841938
1.3446747339714746
1.3357362191941096
1.3378839757667644
1.3151467136071957
1.324313491432991
1.316885605562196
1.3284245093777896
1.3397591861222344
1.3301879439109328
1.3254439722450548
1.3290778302632853
1.333849363884846
1.3252280589404895
1.3295372615596193
1.325709720377965
1.3395709909045759
1.3387864405187835
1.3253927144121058
1.3284764422717783
1.3350794661928176
1.3237916918895534
1.3368034072789787
1.327089190544806
1.3134017843256758
1.318123339868805
1.3195108819051369
1.3264535989159951
1.326051574186212
1.328437549856059
1.3267653688485275
1.3192776777858661
1.323316876708005
1.3194225037097012
1.3101084956756255
1.3132466108957186
1.3388631717732293
1.3406896188364432
1.3321758080453971
1.314760751141275
1.3234583491458902
1.3098238217539497
1.3113547497042182
1.3172662548660201
1.310389595266219
1.3178162883771096
1.3118391729678431
1.3123836671848295
1.3142839898656642
1.3358396198202283
1.3329600023966026
1.334243514232983
1.3275767575284745
1.3267492253606923
1.3340606265092076
1.3320742284873772
1.3324428515993207
1.3340240636866019
1.3367509428322346
1.334835333374147
1.3331583922356824
1.3329156835355291
1.3282099511957506
1.3325204973430562
1.330574235540046
1.3256846008617071
1.3281185897676628
1.339068975687324
1.337965329738488
1.3400709597760234
1.3351407289837933
1.3326842117668611
1.3309669561248778
1.3313743407698961
1.333235936327424
1.3329621556654245
1.3369362497708386
1.335151919088451
1.3370582165763853
1.3320839749456785
1.3274883847289811
1.3285512983056695
1.337729249218478
1.3337986749804778
1.3299778397492545
1.3297416603044871
1.3229194966416993
1.3102937604738836
1.3102878840361358
1.3124481882175079
1.3117048266231965
1.308914111500809
1.3090950536898025
1.3050669384865838
1.308144278654369
1.3125497289701213
1.3322887523650713
1.3058246199575383
1.312762512779359
1.3176668345656772
1.3193093799599087
1.33276447249956
1.3309670687561712
1.3296164109270767
1.3313731001220188
1.3278796815316976
1.3295031875091938
1.3277991525196011
1.3291577082372392
1.3289641490741062
1.3315524285571843
1.3230034469183327
1.3241296566584844
1.3302696602862674
1.3340117291028193
1.337120278174305
1.3357220864369739
1.342114597151835
1.3389121317946846
1.3239147792790433
1.323163298216202
1.3384552268385348
1.3212447349569125
1.3275286211272024
1.336937474317766
1.3389546633200933
1.338553729401508
1.3424488959155914
1.3357457179357408
1.3387351030543064
1.3403509742682218
1.3387511162208745
1.3421188786062486
1.3431979739213948
1.3353290007842025
1.3391130879186492
1.3394024789102232
1.3324659613797885
1.327458721249269
1.3184491022363716
1.3176212990755418
1.3315959148778167
1.3183211513408266
1.3159578962527927
1.345769838691787
1.348967279107305
1.3200832334576085
1.3075516872865047
1.322517153285442
1.3473942112136263
1.3426789862684985
1.3429101425653742
1.3470947941994245
1.3434571620334481
1.3231243479650263
1.3174863467966536
1.3296641508740799
1.3456569579090807
1.348175533509382
1.3143400050950014
1.3303089590392483
1.328383064950778
1.3324032557740646
1.3312337696411372
1.3301740614937312
1.3376550174624622
1.3363927633816968
1.3309729709915712
1.3198742266212964
1.312826190102267
1.3077716685430096
1.3043588508635813
1.3057196652590928
1.305998163393465
1.307884061217704
1.3051497652804063
1.308742492894768
1.3128113736802947
1.312651538326231
1.3267423168421528
1.3153722593221129
1.3080917209330674
1.3119814094880973
1.3140617783572424
1.307193291596357
1.3255161757321572
1.3126236730525498
1.3150679996393106
1.316935799290629
1.3272267801913302
1.3136788923049703
1.3163965371382416
1.316212625208853
1.3178156800419702
1.3200929665230419
1.3237886829847607
1.3401793857629296
1.3232721681223314
1.324529340840117
1.3280523240506177
1.3278882726072865
1.3307853638009088
1.3297537505473114
1.3278769039162994
1.324008366571902
1.3361156242945043
1.334542205295898
1.3373253015594648
1.3253136434185042
1.3225575789515023
1.3315839374736933
1.3174823902408934
1.3342865661241305
1.326564174118458
1.3287060474311079
1.3295006084033825
1.3320498483834864
1.3231745974483526
1.3253027670287014
1.3278809491607693
1.3216299307563322
1.3341011225328852
1.333149270952129
1.3350769923770118
1.3316777633408856
1.3280992678831787
1.3339010378474059
1.3286444813051164
1.3332789030867631
1.3486905917823586
1.347132761189154
1.3200386128363553
1.3156749131199836
1.3486568203013904
1.345097381829697
1.3386225899405053
1.3125627278006629
1.323720263691982
1.3253710279092106
1.325007623968956
1.3413936278062635
1.3363846981245775
1.317966109213279
1.3214008954496415
1.3170581400616057
1.3351224586961021
1.3393830743697746
1.3374994174220087
1.33940243515609
1.337644547304948
1.3394399596841078
1.3369722828824515
1.3438556322530844
1.344297187894365
1.339830823699936
1.3381024151610474
1.3339521596680666
1.3354463019467993
1.3369859443767065
1.333451101601653
1.3364499260041014
1.3322951448754898
1.331781647262312
1.333032717607658
1.3244745156304527
1.330579405647068
1.3384995038357503
1.3352245971125531
1.3307050727534957
1.3339509651467545
1.3308543400364898
1.329377904036356
1.328305359920596
1.3281669784769177
1.3296861485273335
1.3330388660462438
1.3332657151057608
1.3368100362742383
1.3375511723964797
1.333600528415106
1.3451637540409338
1.3458563607593892
1.3430903360318145
1.3378440689701032
1.334971867551044
1.342478095791523
1.3461961746569873
1.3424578472010027
1.337716539500875
1.3401312593250854
1.344881718704955
1.3281155259374575
1.3277091171586033
1.3378304413987736
1.3322914412475562
1.3101936947262227
1.3080921080624306
1.3129198511103395
1.3213919191938754
1.3190625137542114
1.3134917017314869
1.3192764685383722
1.307137816281182
1.3181406015220078
1.3050565361526187
1.3103725440505725
1.3158176280578127
1.3116274699201445
1.304672111440656
1.3022349026445514
1.3045280655628133
1.3126385250461174
1.3037038351788537
1.3045317257417244
1.3021509211181672
1.2981661510112452
1.2983146359485853
1.3091085985783422
1.3121700094328124
1.3146130237706202
1.3129461969242326
1.3081578601865969
1.3364440015295385
1.3184317816228688
1.3124756969946405
1.3098597503608387
1.3099580304413607
1.3360098682267085
1.3223259653668344
1.3335045297827077
1.3350121413357008
1.336231082091353
1.333379541616579
1.33637386723878
1.3333747093500679
1.3321644251907663
1.329566235080733
1.3389422063695717
1.3331408329940106
1.3329885346138663
1.331628364466572
1.3325286200953415
1.3297723525426182
1.3211342724649275
1.3210712786740402
1.3342734026566963
1.316351638731082
1.3123882811158427
1.308502015680338
1.3139179857658354
1.3124928824462432
1.309071872928293
1.3198254944180976
1.3226338356195273
1.3088761244283538
1.309687104144277
1.3114516887540753
1.311163937920157
1.3192882528527128
1.313110746887608
1.325503727279457
1.31956090367225
1.3139882169590955
1.3167568112100372
1.3233785363555701
1.3155980590580776
1.3246154230443927
1.310679589173757
1.320306601576764
1.3177850437933247
1.3169491472679251
1.3206329318863084
1.3213914702356238
1.3152844542139133
1.3110996098739849
1.3079733510975753
1.3165897703493408
1.3238956737685004
1.318084770218662
1.318107373129269
1.3261549319066792
1.3061407492809278
1.3132504666724238
1.302194664415671
1.3067017517202337
1.3151046620090021
1.3118025960238284
1.3245534396950074
1.3059074905148365
1.3252462927811388
1.3097157582501577
1.310331051481757
1.3113057174167253
1.3081206275587618
1.3108723836702585
1.315073902110113
1.3265630411225084
1.3289063071903013
1.3189738134271216
1.3171665280491964
1.3190237137064562
1.3208003639370953
1.3124388539921112
1.3145668696249186
1.3079107250954864
1.3036042714745613
1.3027714355747062
1.3103343834126653
1.3223592257994832
1.3160494290603082
1.3197976168943546
1.316943872751746
1.3190407098712729
1.3208242909624355
1.3264321620331294
1.3155410526661446
1.3174273964933552
1.3077816550650077
1.306586065901539
1.321856399593633
1.317890994075505
1.3100723777505558
1.3161623617770772
1.3085150152090792
1.3095153584641788
1.3211329307181683
1.3149204779873764
1.311409416421244
1.3359862947258487
1.3109415103710904
1.307384830866436
1.3081701580475107
1.3154337989733176
1.3332827380528993
1.3193535889116403
1.3212437735202054
1.3407225610856213
1.3351980908231278
1.3353800155284496
1.3365192706697118
1.334092061850898
1.331994431970765
1.3325365154116522
1.3345589050974564
1.3346074947527122
1.3318816984650879
1.3391760030696664
1.3381254852471243
1.3375797085854533
1.3331275217480507
1.3320280001858287
1.3383565405898874
1.3372266893203062
1.3389110535880933
1.3393084497478212
1.3359094417530744
1.3326036929768108
1.340249618236633
1.3368179324611733
1.3274863753950366
1.3111010614655505
1.3289462498401352
1.316500728856539
1.3151370538946183
1.3269007601769012
1.328544258322583
1.3226982735416315
1.3110193086043016
1.3147795205074129
1.3159602935978572
1.3149810714871308
1.32850184891959
1.3179978173159799
1.3106111690169133
1.3090755652052035
1.3166549583615301
1.3179385941186985
1.3107210880753666
1.3232252106429956
1.3160167424355358
1.317409808289621
1.3438920099532004
1.3435513719783874
1.347246081174799
1.3392161040330754
1.3456749052817927
1.3339799852039098
1.3350313791420962
1.3198929622016111
1.3191580414316986
1.334119114994808
1.3358923030239649
1.3273227601020807
1.3293243904733396
1.3372780859417461
1.3360714970758847
1.3437803365401568
1.3190618964608591
1.337102739098519
1.336255091050866
1.3160274414799609
1.3489013938046037
1.3372829603850473
1.3325847335211467
1.3341977566015153
1.3366426803813503
1.3296376645150205
1.3305325149013745
1.3292150458721537
1.3166044399126573
1.3172354878895807
1.297501314661616
1.3104336536337937
1.310632225429729
1.3071953744138143
1.3061365451891203
1.309897201252171
1.318728403133174
1.3085315895535607
1.3076773144256888
1.3348452683356131
1.333691100752067
1.3118392897059108
1.3105030622959577
1.3147395207657038
1.3140667216181443
1.3336926995834333
1.2946916722001671
1.3147937166537793
1.3117448272273597
1.3286265008190903
1.329729008952353
1.3239189919355892
1.3114934678797425
1.3197912924213318
1.3091706160661523
1.3152469741592605
1.3196008064795492
1.3154548054552697
1.310655857197869
1.3318113959012385
1.326038145775247
1.3264291953467806
1.3278806982395222
1.3296728663565505
1.3345499497692601
1.3444107396098863
1.3356300449686025
1.3226328813903254
1.3280299433794458
1.3282598146049587
1.3379025006508367
1.3333145150245242
1.3263118651334562
1.3374861450234943
1.3339127155787693
1.3271817542771889
1.3303367491018692
1.3149062730584713
1.3168387076201125
1.317439064444401
1.3192185611060343
1.3317458315238118
1.3274409796711075
1.3231242759497548
1.3169034856319728
1.3123182764423633
1.3255307198328925
1.330482865956423
1.329069541765794
1.330651138109408
1.3279672986223707
1.3276414170089248
1.3244114161126488
1.3223007163588885
1.3233779767764515
1.3287408375794754
1.3133558449205585
1.3416175537674522
1.3431442247185563
1.3284477897473845
1.3331765416819803
1.3289972137877575
1.3414018014791271
1.3436607428855851
1.3339881254046981
1.3311005764581327
1.3338116580802213
1.3284512416888723
1.3312548476172152
1.3345768050543185
1.3346736303068967
1.3431499836857708
1.338835794915871
1.339428175384056
1.340160693008329
1.3470133274569955
1.3386443923711697
1.33053015833402
1.3493069876262869
1.3377537034349514
1.3344758986546992
1.3300002572902063
1.3385687328327969
1.3301609726124666
1.334803489764175
1.3410991983063585
1.3407500634934033
1.335775037773537
1.3369563621909288
1.3420128130642188
1.3199461864683253
1.317541687172697
1.304593682145959
1.3211281068176697
1.3200391922848678
1.3031198793551706
1.3154277297141022
1.3065364450371468
1.3089694954039004
1.309790755246165
1.3115647000841595
1.3064813824945636
1.3230720546863866
1.320707496730952
1.3163533317721117
1.3317750927926746
1.3211662511460627
1.3182825621017407
1.3172690331672061
1.327598093703795
1.328591287571429
1.325594651048703
1.336951733094241
1.324857674744579
1.3164677527977153
1.3352189347064063
1.3299352406202642
1.3263804733202031
1.339907421741666
1.332022981473296
1.3142314573395957
1.3282719208774931
1.322370723476712
1.312948261481939
1.3209935550397125
1.3240940030659292
1.3119943658306523
1.3394716300345404
1.3482465640436236
1.340600305479313
1.3402182016384903
1.3312108731410985
1.314692782588516
1.3379167261810132
1.3337722403194776
1.3341219308655539
1.3372482754641262
1.3324388146833654
1.3359822457360169
1.3380326018254747
1.33902614138812
1.3389221074242523
1.3405882790902912
1.3248852973913146
1.324476479364157
1.3191991368538747
1.3439896237106
1.328408619235568
1.332597863374615
1.3350653044656409
1.3209771627651632
1.335360519808806
1.3371695275015738
1.3152501087248563
1.3147506782404146
1.3191214388892616
1.3297526900026657
1.325588181399533
1.3176838013406196
1.319686780887309
1.3100369025225116
1.3206581930244328
1.3335649936803724
1.3113086067136437
1.3106089206340306
1.3209072147361682
1.315728193578745
1.3117395309033564
1.3276372776721876
1.3240589291527316
1.3285992396236193
1.3237005997088627
1.3345587691224334
1.329281304705786
1.3216408129709882
1.3208668022563244
1.3218687557700328
1.3192249090745607
1.3171801736335735
1.3252071275865176
1.3208489828861993
1.3289512680683184
1.3200173537800965
1.3224999910539696
1.3230075523239637
1.3303419861208758
1.3173723252909908
1.3190240500649195
1.318553494461917
1.322308151696132
1.3266006195854538
1.3451210409396457
1.322859828479122
1.3225995932136265
1.3228212853321082
1.3200055653449998
1.3248735014764657
1.3343134810893709
1.3278381771368146
1.3119084672783203
1.323821800141173
1.3266147595083542
1.324014487932925
1.3251528576215867
1.3244989660405466
1.3254543302459856
1.3220511201049356
1.3291387466588576
1.3255741186767305
1.3326697487408414
1.3381515641357575
1.3032927159294472
1.3035662227968952
1.3083684991270972
1.311353197292355
1.3345974116301693
1.3307578420591155
1.3135279250155212
1.3026042704444643
1.326227833137298
1.3009390824277915
1.3297058508299056
1.3072494319788444
1.3356304991446741
1.3359518098572223
1.3021340526749767
1.3290063344752514
1.3109455151886031
1.3132683635778348
1.3033190517507345
1.303521827555239
1.306365862392114
1.300572429034766
1.304547495236459
1.2924225980009272
1.3119657951429498
1.3314956936213487
1.3286672166047535
1.3309252941257592
1.3351782028515475
1.3037836945199124
1.295178194601394
1.3406755515672466
1.3363259069297915
1.3310237799076376
1.333741176912509
1.3390235033059021
1.3425635695899412
1.3431514206396677
1.3437317281195211
1.343691376835016
1.3375916295903665
1.344474063303089
1.328797046043962
1.3248348270635166
1.3301570603257937
1.3227442188432792
1.3315068137800254
1.347042948911354
1.340594104302524
1.3450011590391355
1.346352806550289
1.3405859189202107
1.3285269140736964
1.32650313590889
1.3455239629948743
1.330341041662168
1.3319543649676133
1.32806901120528
1.3396231768064935
1.336986998968131
1.32927859337812
1.331800799774449
1.3337422668265526
1.3321695102938569
1.3364406744178134
1.331199793808371
1.313198860603686
1.3098118637782916
1.3139080083528056
1.3131554861068333
1.3300934588030329
1.333679639471089
1.3167209401794975
1.329335106543464
1.3223372840360585
1.324395226281948
1.3149300665027452
1.3144613581928752
1.3072215103030531
1.3146824917778965
1.3139772607096285
1.3287045757603924
1.3332270780185973
1.3145057625508807
1.3245803928137263
1.3366136028106124
1.3320025844249557
1.33192988273433
1.3320599047996178
1.3381631766481934
1.334398895246554
1.332922794655719
1.33330072936923
1.3340523239886388
1.3296840256991178
1.3028741680706089
1.3146934648741047
1.320445018212207
1.3031561194196943
1.308799903110497
1.3078134943194697
1.3081962184676617
1.3057685256777611
1.3078838904408003
1.3047216497577903
1.3078376199869362
1.3054615548450121
1.3023523426104495
1.3211854672194563
1.3230499843977976
1.332812323673291
1.3001324130877154
1.3066322967193442
1.3412234456454908
1.3422570316417783
1.339016799474411
1.323930032421663
1.340796915069864
1.31688566764323
1.3255060185409584
1.3221373102103118
1.3095709000225875
1.3154717879646483
1.312749448889316
1.3356987537845977
1.335435401606301
1.336911259634512
1.333164766844061
1.3277742799533243
1.3186171194743344
1.3174208015233548
1.314530190143378
1.3369381336798116
1.3249407977332415
1.3363772243927439
1.3406385561378371
1.345471068483109
1.3222876469779472
1.3190127921162806
1.3125659441103021
1.3152135837749417
1.3225143589254902
1.3224868293852796
1.3187280823701182
1.32383685011619
1.3253136198093298
1.317621039235947
1.3223094724771312
1.322304856014841
1.3209930883628351
1.321383077389756
1.3216995838186452
1.3361774315718482
1.32683464236007
1.3218058192045732
1.3172940570666167
1.3212579923546894
1.3215954468034983
1.3161911616529636
1.3409814692996234
1.3371352720795158
1.337181423586286
1.3397170695905511
1.3335581243396815
1.3341501735357875
1.3371140029533457
1.338625551914642
1.3301037676295606
1.3208456900202263
1.3227269905221146
1.3228660892199655
1.3295464423737162
1.3265945967937527
1.3302782300813534
1.3333930121528095
1.3333791301385172
1.3193711491927167
1.3202989217379737
1.3333808834509986
1.3294436448112246
1.3208248032467733
1.320171207652973
1.3209835613127083
1.319770816661044
1.3265140377073423
1.3163411288711968
1.3338343606576537
1.3341979948903653
1.3219592029501737
1.3365566361977415
1.3415949145702986
1.334965986894029
1.3321107140846835
1.3291451003092805
1.33665581950351
1.330438643196466
1.3445375878195682
1.3467674893086452
1.3311860747211253
1.3445083565044664
1.3321090116945489
1.3333071981166769
1.335313335736389
1.3269327838279874
1.3320542237689799
1.3352379480185264
1.3273379710063256
1.3229743523422133
1.3362630680791476
1.3188256294922447
1.3202559197115558
1.3132949839104173
1.324116803021006
1.3133803247552398
1.3319455780128608
1.335063285221709
1.3284849432644148
1.314865260661825
1.318553330718784
1.3258584435693994
1.316715588720498
1.3259364040320802
1.3226381236358544
1.316523994590638
1.318457865374994
1.325074079630543
1.3400297722194612
1.3284787439055241
1.3359007092954929
1.3335785517716612
1.3332591027268388
1.3384514912188923
1.3309795007924172
1.3345820317677346
1.333152297678656
1.3340410521764552
1.33583905325582
1.3465187894258381
1.3451210135570266
1.3086162488075037
1.3094910814001068
1.3386729268174655
1.3330734239463098
1.3301779201355177
1.3397055283224582
1.3317442856238277
1.3296867631002818
1.3304627203215587
1.315042494838906
1.3159899016219259
1.3252987371708074
1.337099381331567
1.3446633783151365
1.3301831190035343
1.3325634148588708
1.3346310086649096
1.3257087688867248
1.3386014879231138
1.338370194282182
1.3333660347798828
1.335572092150993
1.328840925201465
1.3345274284967152
1.3422751795179628
1.3353548730893874
1.3409513974188176
1.3415967838069416
1.3292052815129194
1.328758787816892
1.33022950394129
1.3257751954201042
1.32358313598879
1.3137765823907734
1.319212350497352
1.320663067703444
1.3295988248266726
1.3220083303168322
1.3329220058791544
1.3147380518088756
1.323462163038767
1.3236476439474871
1.3279426605346862
1.3267621200773596
1.3331396273086515
1.310171810828812
1.3054490956048803
1.3232312923395881
1.3258263160663153
1.3279234100700354
1.3212868941489522
1.3198284319419529
1.320324906970743
1.3295617565139257
1.3291890290727473
1.3301217309801776
1.3283650460516225
1.329789835187199
1.3261232284038191
1.3290979233277527
1.3356135829132765
1.3246884036014406
1.3214782791408959
1.3278965085121526
1.335859104142561
1.321948876463589
1.3291702688918219
1.3277271195576663
1.3305812121645977
1.3339241674559847
1.3356244754573956
1.3362224611410392
1.3393397333016162
1.336165845635739
1.3347683929478291
1.3298155195993686
1.3295701843923828
1.3211973216890065
1.3219899157452397
1.3174192556287634
1.3056395447648228
1.3089254211991437
1.3037668446840378
1.3120154329954337
1.3055653375655543
1.307349764494765
1.322814535102481
1.3225165348327272
1.325860592698855
1.3224239939395876
1.3146435682889739
1.3132112242547485
1.317866726206646
1.332397805964313
1.3150319646120616
1.3125734310878936
1.3192174668185879
1.3229215424595457
1.320520377165541
1.3268636628238664
1.3285558879111747
1.316856650415192
1.3401042698546684
1.3311771602653126
1.3338916768489808
1.3271836892868842
1.3230581298624435
1.32389435113386
1.3286154730280884
1.335470558402576
1.3340545720197958
1.3234738446898524
1.307104074942846
1.3090656439081512
1.3114888210981501
1.30740707771996
1.3348028217342331
1.3376280321635337
1.3483422998713432
1.3380001659068765
1.3365423761900883
1.343160335939876
1.3359841697559174
1.3107781445420512
1.3153499423363633
1.306117533743859
1.3229353426138977
1.3102066023625378
1.3046168827007592
1.3048195335611288
1.3123629084906514
1.3085561046932013
1.3246105837602422
1.317659742016187
1.3104338359745065
1.3013827108569687
1.3028314027975259
1.307449847397472
1.3272514560631088
1.3246456784924623
1.3258360540301988
1.322855329061784
1.328810651580259
1.327114201803257
1.3252227631181785
1.3249126999646406
1.3266120081310193
1.3166593574810213
1.3330503800323452
1.3294895972360643
1.3281276312606622
1.331456613883029
1.3378089896215317
1.3301866973518264
1.3239619947399461
1.3281468575202338
1.3329351496442816
1.3304443979337324
1.3219673514040196
1.331108549504986
1.3229345180300136
1.3216628299334066
1.325005053281094
1.343717064482785
1.3346304641825637
1.338845403519032
1.3433187124038444
1.3426547141923009
1.3363366285051785
1.3344054873852162
1.3456663720542756
1.3359603295234337
1.3307889602129823
1.3360920054898757
1.3475609484281024
1.3383562139480034
1.342976042979708
1.3430345415829046
1.3347015627851508
1.3201634244855627
1.3175413798430955
1.3245638477639652
1.3304507807701287
1.3365597973322079
1.3302563330990311
1.3144735476711356
1.3192913162395346
1.3187603675252666
1.3161562455662006
1.3320806653571506
1.3235389001574762
1.3160587592980562
1.3228362984493607
1.314749342940983
1.3155320655166975
1.3146986614579832
1.3358826321406096
1.3403150877809544
1.3469357998733142
1.3296221806832904
1.3106005843805297
1.318269795474415
1.324975718758672
1.3323652441751819
1.3208379237042036
1.3214851089704016
1.3289591619639374
1.321639115919347
1.3229437437152982
1.3312057301750773
1.338847848910768
1.3393282597828247
1.3248303999119464
1.3271811742756687
1.3246112167331314
1.3391475135248039
1.3265356009667375
1.3260888580985075
1.3278059545734584
1.3317560114873053
1.333619253201112
1.3344330921927212
1.3418080331279063
1.3406414668620743
1.332740842543379
1.3285723422345668
1.333842865052071
1.3252394256279645
1.3256261201713198
1.338634777998767
1.3323719609145819
1.335154040837817
1.332470734667623
1.322879152006292
1.3246459467518041
1.319099576604568
1.3232105374240273
1.3279664875611519
1.3377090212616227
1.3316713655478551
1.3304724001218362
1.326291875934898
1.3300511216632889
1.3190085435223893
1.331292006510097
1.3290292343947294
1.3160799421550806
1.328063032609625
1.3163910592471109
1.314896091093105
1.3167392934741555
1.3219161191791529
1.3172565975074106
1.3226052872117653
1.3110399000091317
1.3052243044447895
1.310046631977167
1.3130260645231386
1.3182452148791999
1.3126682158893732
1.3185729115048728
1.3140673782727583
1.317803330070978
1.3174830563654916
1.3206885259072978
1.3209928059437894
1.3232086071795586
1.3186923050165058
1.3373029611412066
1.3306054669508087
1.308432633308986
1.3047491939621305
1.3129898512580782
1.3056096452122716
1.3177718318131135
1.3177437337410387
1.3260786849964168
1.311498785473459
1.3065853339676508
1.3030802222347644
1.31111764770386
1.3099517396242777
1.3249732174829292
1.3020097340206949
1.3096993578845322
1.3279457214597126
1.3279149379452095
1.3283792021337972
1.3451624624959964
1.3544152280586574
1.3391228221626
1.341630231083419
1.3417038144309696
1.3336808552534252
1.328345680733525
1.33624452821184
1.3352447800664626
1.3448625725515595
1.3456433033263042
1.3329040603204363
1.3364038720754141
1.3424222287270224
1.3346096441575281
1.342943784929689
1.332259460126548
1.3317887583309733
1.3374509534553845
1.3228008699213116
1.3328663210918288
1.3188260902864613
1.31521646272027
1.324151475884991
1.3223577316877022
1.3248549961744434
1.3289991091459101
1.3280951567626513
1.3207866836584257
1.3244135695888726
1.3260098540832348
1.3156033897760968
1.3156214419310266
1.33244716569531
1.3285356146705845
1.323436399961733
1.3232681761376763
1.3231063871407445
1.3234913856517745
1.320749442989423
1.3362781241808568
1.3258176498601923
1.3229851436601352
1.3234978289153736
1.313426632393706
1.3087170028609543
1.324367896955544
1.3210455920932325
1.3186570055238505
1.3211330276952502
1.3224031437853876
1.321877155830193
1.3255852393589687
1.31281135265329
1.3198076384120776
1.316148452691524
1.324498291974131
1.324534102028265
1.310060892641248
1.3130360858035357
1.3182192400500345
1.3236554696225147
1.3236152803667132
1.3215672167979748
1.3219096472079759
1.3290402607385667
1.325668956452894
1.3304070658052762
1.3172301510644242
1.3211782846972837
1.328958941465048
1.3330266341706765
1.3246954164183151
1.3196549681258454
1.3225598555468863
1.3262021208615444
1.3250769016328836
1.3306111383837884
1.318181703386649
1.321198259133056
1.3263235359399679
1.334765486439452
1.332477408726839
1.3149479421071029
1.3174918632206247
1.3164237304334134
1.3190474576652382
1.322328394806048
1.3277427511905566
1.3332634995596493
1.3309979172496968
1.330620233299982
1.332881796975444
1.3313828160406511
1.3435267323693523
1.334666035065019
1.3228535713164646
1.3288358728733236
1.333506949900225
1.3371337920265414
1.3421747914789457
1.3431187616515396
1.329192389975163
1.3257811422627328
1.3343443497041139
1.3294043418423906
1.3275797591405534
1.3240257191896974
1.3384243758142544
1.3393464850532257
1.3323289232081919
1.3406158443291762
1.3403369162953003
1.3332695612133458
1.3284267825215612
1.3241815602452258
1.3346405359104112
1.3330067868721505
1.3223071725789164
1.32137804485443
1.3243500317895767
1.3274339963416804
1.3302435835424815
1.3242374445017897
1.321627123237946
1.3198933086515434
1.3180263374955534
1.3137940062430813
1.3073414491721214
1.3222791802145484
1.33022496494477
1.3316946334534856
1.3363358471562374
1.3229326408705067
1.3200321582002634
1.3244729856874022
1.317322424044764
1.3158087557027194
1.3406445951282453
1.3448444107545443
1.3412781984992832
1.3317311517595092
1.3193541029069296
1.318259489579605
1.3190264165582253
1.3191805146742144
1.3215804683182053
1.3159115122404024
1.3164791708204862
1.3182180281650964
1.3209890637898465
1.3309526398831657
1.326013698783043
1.3151737670235146
1.3189079468069667
1.3241271000980679
1.3403375635436237
1.3378270128906822
1.3244569974301827
1.3564069774767242
1.3330923595065078
1.334951205969457
1.340573410987684
1.329645563286028
1.3319298041124406
1.3300237699429949
1.331104399141828
1.3288774646967754
1.3387664035406008
1.327539521101866
1.3262723548371715
1.3177462388538106
1.3210386931939269
1.3305791176099302
1.3337389831882207
1.3329773878058326
1.3302100364902205
1.3262983335937004
1.3237406079866083
1.3360549409632185
1.321626695609442
1.327534278688304
1.3301644446815362
1.324397260827451
1.324811110550414
1.3236354845287623
1.3243051846219545
1.3226070465620796
1.3313402516828161
1.327810774940626
1.3216321055804967
1.3280495215841233
1.3281935593377936
1.3390024294269587
1.336502456224527
1.3263575255801454
1.331027109701244
1.3326084674294814
1.3191593333033333
1.3225891578775273
1.3171423137667577
1.3221466174505783
1.3225643285894388
1.3247199930120332
1.321690953029484
1.3457389400728057
1.3400143197360161
1.344141711435872
1.31979783622444
1.3247076526643087
1.3445373028392131
1.3269495468688688
1.334112625091961
1.335674703384343
1.3316966827285999
1.3308184067557853
1.33031069081692
1.3251701089353938
1.3273362118652476
1.3337260520992917
1.3321799870770084
1.3326130098165632
1.3374025126498004
1.3263810118408026
1.314624076656588
1.3231976794858729
1.3124895007104076
1.312973794612709
1.3034774864109835
1.3017515338030932
1.3133144093062645
1.3326356261143117
1.3056435733964717
1.3017973191732823
1.3029413269365453
1.338479625657363
1.3296490764948887
1.3299009787913687
1.3238171556977028
1.3187475265740056
1.3374467044653937
1.3361500496808838
1.325881697555257
1.325073224207187
1.3246024369245857
1.3235951968353123
1.3212788955198618
1.3061896117305984
1.307213779379035
1.3136882232830076
1.3307335913972382
1.3206383384779885
1.3204246781593254
1.327526535500606
1.3220078833223043
1.3138254431192729
1.3140574328843357
1.3174861839351033
1.3261040348777897
1.3318041324114682
1.3332811526995723
1.3296444065291415
1.3294183806120101
1.3273364453437981
1.3103781766310258
1.313192369949088
1.3184503784963422
1.306284030495216
1.3143434020483005
1.3216666214759292
1.320788073892564
1.3039238168232505
1.3121987628294784
1.3275870567843735
1.321852315376215
1.3070143055919536
1.3031356202056767
1.3001973730696461
1.3025024702577805
1.3075956971961178
1.3136621970330107
1.3084202748721334
1.3218938243835063
1.3204347339925953
1.3142449573025214
1.3184491984013695
1.308303525181007
1.3170453966150781
1.3197115338954841
1.3191501936621133
1.3140155899129238
1.3292597541075128
1.3332498550294225
1.3235942316415175
1.3274059491844699
1.3282311085329526
1.321530371231458
1.3199040644032058
1.325972269922985
1.3272155649125095
1.3262788591632937
1.3303204651865155
1.327596439455321
1.317812112217217
1.3370369314139428
1.3247994021798901
1.3228969329923579
1.3138136088452437
1.3139448463073289
1.310727627825368
1.3080656978542369
1.313753662680285
1.3289342271387978
1.3256362751281983
1.3254251803386028
1.3284499483454957
1.3205074017257674
1.3150577479902479
1.3127033844366622
1.3102936731516772
1.3274972345541725
1.316469965022676
1.317975024735832
1.3173632800398363
1.3035958524665443
1.3272355437794177
1.3278055533291573
1.3193684977364406
1.3182503743361436
1.3115501724533454
1.3216697287920458
1.3146965046425647
1.3159216662811881
1.3180595932185093
1.3134943919736388
1.3123378186157955
1.3253433501656402
1.3203810675514065
1.3290128998809112
1.3169716384784314
1.3113327434168165
1.3098720248500253
1.3077267293017787
1.3134771454805656
1.2994346579799931
1.2999509378102125
1.3032174659145401
1.3116604140826225
1.3051993345287127
1.3061776540607564
1.300885354843315
1.304316392276769
1.2990137257729661
1.3101808859698922
1.3132168730837588
1.3074568674701743
1.3091794875497944
1.303629201802625
1.3213695736426356
1.3111674472130168
1.3407495684493556
1.344882490290047
1.3334288874845068
1.3328680310286705
1.3296948664737136
1.3349582026777616
1.3375641061047867
1.327191888205642
1.3258870046470423
1.3209860248124934
1.3444052295923585
1.3348913190403973
1.330901963204604
1.3304096131984116
1.3380974113634598
1.3440904378027843
1.3426672998889995
1.3405588855589419
1.3354742036648044
1.334563830167185
1.3298976904872304
1.3282379626692888
1.3281646824317006
1.3281909310423408
1.3284155928590815
1.3190747446240396
1.3107193026732848
1.305544147064735
1.3031500995370529
1.3084704936499496
1.3081230761072573
1.3203172632112838
1.329811882053596
1.3460501998865277
1.3070675506076597
1.3107817853562869
1.3098514211597674
1.3060819610846597
1.3277686158432271
1.3117146459918088
1.328585623875901
1.3093684417829083
1.3040750444212208
1.3110545051388753
1.3121379096683499
1.3022753234169582
1.3105453699144871
1.3259817019796762
1.3274944467427052
1.3167562525149505
1.3161006891433045
1.3257269086267685
1.3242396291461014
1.3256299501410096
1.3268473382216468
1.3259144857557583
1.3211118191954134
1.3255672686077367
1.32438227566435
1.321695574580498
1.3339349055699867
1.3428953471928446
1.3185881561574493
1.3268919361056781
1.3294055827398514
1.3278802759689832
1.3209177714563802
1.3186985222477043
1.3239199671265554
1.3292764095903278
1.3298253961553286
1.3316681549484386
1.3332669616062303
1.334608870546666
1.326240743133756
1.342097770157989
1.3397132070914155
1.3342837202851168
1.3335207219013079
1.3320735597981381
1.3358445707323932
1.3382509218230663
1.3338556747517323
1.3319529586345151
1.3343172149777738
1.332759831300201
1.3369209496424361
1.3427562821499952
1.3043640587402991
1.3037589525398987
1.3071041398751515
1.3114747340503177
1.304466520321046
1.3067521614400384
1.3014734306461302
1.3015510537216257
1.3184632434152224
1.3222142061473607
1.3000463893743066
1.2976723172486788
1.3013674772658281
1.2999000582189293
1.3043498152771547
1.3156105209325528
1.3235775320075063
1.3259419778042298
1.327703042215534
1.313938565609935
1.3450248430211624
1.345632634580125
1.345811979794603
1.3407051641515053
1.3392551773495251
1.3346370810721422
1.3316415905783245
1.32895166060772
1.3340360217262182
1.3388200358671114
1.3381204251646974
1.3463713163238162
1.3342967420642733
1.327666477078854
1.3297500998588943
1.341767253230786
1.3313211184277043
1.3315597794580198
1.328160200960973
1.3384664019361812
1.330150659562856
1.3302799340749472
1.336385515180096
1.3235990605006163
1.3200638440700083
1.3164061073809943
1.3227414969316602
1.324218065957141
1.3201191396112832
1.3227076807536866
1.3328652694309409
1.3069115484533067
1.313719160531143
1.3287449478484021
1.3294928977999594
1.3343936137088004
1.329489284628085
1.3287177561786019
1.3306166050428085
1.3127379446818852
1.3115250366012454
1.3121853124975038
1.3231651726726459
1.3211107927403223
1.3242132621494025
1.3261835333036411
1.3208032359673165
1.323284644144543
1.3299265305812646
1.328997157330229
1.3243629786386617
1.3324320542131356
1.321508364699809
1.3215953542992662
1.3312691954867142
1.3270591541629757
1.323853532084984
1.324143805732227
1.3230892558774512
1.3218606150549628
1.334173998069087
1.334837481351695
1.3154500362622616
1.3277470946003982
1.3243375606616798
1.3231096579780288
1.3275371237469562
1.3229671920154982
1.3215656665999977
1.333212791350006
1.3284582387011201
1.3211284276018553
1.3367543177075656
1.324580543943918
1.3251190424753951
1.3353384032629996
1.3307835852112244
1.3189271131768385
1.3257431055636186
1.3249633595231511
1.3233195556310544
1.3204873085036872
1.3236512755371315
1.3319528413175352
1.328107704234614
1.3319474508393392
1.3257632782116482
1.3158907549866765
1.3166643243968807
1.3132824958209928
1.3216944918127775
1.3182143230417505
1.3164026453125195
1.3169503126401028
1.3196244171213767
1.3240866491005254
1.3257760184280407
1.3247229639977465
1.326771521114888
1.3171391148585243
1.3201811340684149
1.3333646942475637
1.318160766548923
1.3238541229008722
1.3089338185145536
1.3376139037895873
1.318482415385513
1.3129803354494334
1.3174978550920193
1.3142005403294026
1.3097880837208917
1.315386026359035
1.3143754674341581
1.317104875527263
1.318470986802155
1.3092653816521003
1.3167609531274778
1.306011921471537
1.3220868838593822
1.339291712945113
1.335232377861101
1.335845462181697
1.3282157801140444
1.310839244429614
1.3008958962541035
1.336549301149504
1.3394036043463295
1.3191416999558052
1.323381819684355
1.323034320138475
1.3239228847361484
1.3260102982167161
1.3263538456225015
1.3370525136246538
1.3118116526583725
1.3398247221761033
1.343166700342731
1.3213489370342804
1.3344345692379636
1.320836371792498
1.3226242857553445
1.3173685097497487
1.3110692677325915
1.3299363780035354
1.3380206170793825
1.3245554632931344
1.3190960810697299
1.3362054768431637
1.3451757515906126
1.3308046988176128
1.350011266748972
1.3481002014076862
1.343960568439411
1.3467333220333306
1.3385932506074685
1.33864295028476
1.3282007588085807
1.3355335816340548
1.3224986261315672
1.334113588420546
1.3255217825627295
1.3368882830364404
1.3351798255185692
1.3399164067573572
1.3387067759279527
1.3455183667249302
1.326052098014158
1.344213729553287
1.3288364392707468
1.3431718731686229
1.335427023684989
1.3294423859645377
1.3258867790652131
1.322851770634504
1.3274706673424075
1.3322227241313327
1.3178925317885783
1.318726444206946
1.3256124938007225
1.325576135785916
1.3363685374234084
1.3369226273327548
1.3283128074421917
1.3264376962676612
1.3201424304281728
1.317086094680008
1.3248992987328512
1.3249471256381204
1.3291433872058973
1.3208548412992487
1.3365898041093267
1.3372123826314246
1.318103199416618
1.3180547343371811
1.3168738150989914
1.3371884984353803
1.3207776184526232
1.316763986840174
1.3313914107080789
1.3277965633653963
1.3320316488831359
1.3239642492790142
1.3314132315943927
1.3328149367163808
1.3199906889520618
1.3234032045704127
1.3277106988064822
1.3271062032059888
1.3226906183182072
1.3266893236017985
1.3277192564745193
1.3299761681027795
1.3272586553738408
1.3332127492036852
1.322831698110462
1.3205223225538505
1.3164996142311363
1.3170534613385325
1.3131810378257363
1.3116785686099486
1.331689006315361
1.3105257938142174
1.3332743866470727
1.3175117408649768
1.3373208165783694
1.316943162522028
1.313486584964471
1.319692314325074
1.325732559045158
1.3314823660125599
1.3352572489702117
1.3315227572564958
1.332435427141924
1.3282392682598374
1.3385732101145953
1.3329611026149863
1.3288679363111027
1.3349803890231395
1.3283217439995834
1.3269747210468028
1.337118825464852
1.3266686342429046
1.3305784459950147
1.3311255966840128
1.318171369892975
1.3316279422198936
1.3241647808619204
1.3315811843567726
1.3211953496057598
1.3178616554217737
1.3212980557773475
1.3189210732817958
1.3337677767696858
1.3321295424844897
1.3295012949170597
1.3273826237159196
1.3361645203635073
1.3324100841973834
1.3188670213496105
1.3197380664026692
1.322424747798716
1.3401469923295044
1.317004404239004
1.3283143251946334
1.3252824880788006
1.3182884863118254
1.3155749495462554
1.3317426913664192
1.3389160734364813
1.3320721417891634
1.3346994303214232
1.3203525383280046
1.3184205446156685
1.3243816869930753
1.3416893523188067
1.3316624427801405
1.3323712406238852
1.3271442329216379
1.3293824035404358
1.332985465589471
1.314858831026896
1.315717161468159
1.3171409666773966
1.3307004958419548
1.3317313541296407
1.3305450917997457
1.3262726883862537
1.3251593232896752
1.3253365186199484
1.334602729808715
1.3419407728998083
1.3436097297581857
1.3384101545521194
1.339972127349448
1.3301161040375684
1.3283534708579636
1.3317311673544252
1.329675877471818
1.342839685534767
1.332186953660557
1.3296198987008245
1.3302803600808848
1.342410594110617
1.3421100338492664
1.3262856440725268
1.3092366634321104
1.3111025465012185
1.3146660851752425
1.310237665021654
1.3061848094942563
1.3194008637992842
1.3208545606643052
1.3224010506585906
1.3354454318771443
1.3285963128379468
1.3053043523024754
1.3095512871238317
1.3222991650935731
1.3150907767677973
1.3324392662732536
1.3287022014069603
1.332125613059717
1.3163914599207174
1.3162548548955904
1.3187578165286034
1.3174647515268896
1.324930289821804
1.3342864106253374
1.3238913415151063
1.3041142814452635
1.302046207038585
1.3084811228367936
1.3083369426237679
1.3182553776970063
1.3305987735329101
1.3038747105502124
1.3116337300499696
1.3175348448158313
1.3127428486434531
1.3067862148149105
1.311974802905598
1.3271844258904528
1.3070653281501423
1.3104550129000732
1.3078144299418344
1.306689211798631
1.3055118086804183
1.3116388209095917
1.3153696221579243
1.3113844008890556
1.3105323114809153
1.3086191645590757
1.3115537184815842
1.320065974813678
1.3112681213025947
1.3326970632596549
1.33783768116074
1.3181731129572274
1.3167517998913185
1.3134916099667455
1.3204231063807828
1.3139069047226621
1.3054482072062972
1.3204226506264178
1.321989505815787
1.3257975818464771
1.3315843119632023
1.3298185532946007
1.3332260633408177
1.3128476671946412
1.3221528711202695
1.313503907482489
1.3199532980325805
1.319684833234661
1.3190088020569444
1.329775522839634
1.3250718213741246
1.32508643465698
1.3225466030728443
1.338845764833853
1.3198166816670212
1.3117197223820667
1.3089296376766006
1.3256083282399491
1.3387147981426384
1.3252862920636164
1.3281989658508189
1.3277174033470092
1.3230155319802017
1.3261055843989942
1.3290342944040974
1.3202485604278251
1.327245178124276
1.321174377860759
1.330615206845439
1.3299681348893353
1.3307134507258618
1.3270671197237391
1.3268477766024456
1.3289591497037299
1.3234933218858633
1.3225096006905936
1.313590393580379
1.3321042283486308
1.3187495808798726
1.3106254732601004
1.3196331465296844
1.3294289018450707
1.3228207382763546
1.316319240516181
1.3254852298061168
1.3251708484874234
1.3277555597807602
1.3139431587237753
1.3161550608907917
1.3071202528757944
1.3036141948037863
1.3103443790825422
1.3084111599401431
1.3072310597497179
1.3083041539411655
1.3132645033853936
1.3017623607157385
1.3055311266494696
1.3093795545002835
1.3147079851535586
1.3103859180132114
1.308724108121347
1.308733146569216
1.321222934360161
1.3203887750255467
1.31497189873956
1.3176798672626566
1.3127104860032324
1.3201039411882205
1.318609566921962
1.3310884329996797
1.3283545253828455
1.319543446170421
1.3330246094228486
1.3247426642992517
1.3256222489170175
1.3384658929920228
1.3349548809379463
1.3247122380789855
1.3274128272798718
1.3269613761628238
1.3319964430738187
1.3308998412122761
1.3208084396056676
1.3095964657177026
1.315573393590349
1.3377589082539136
1.3332433342877297
1.334357619129083
1.3333658678406992
1.32869752940212
1.334809749381886
1.3370254156960402
1.3306704858603766
1.3310714988370134
1.3321411877809044
1.343938549417316
1.3391978957666104
1.3407677588336868
1.3426913193604453
1.326876824999555
1.3332946242610015
1.3447974014429247
1.3428496973011423
1.3414190255023402
1.3424415866837678
1.334736518413968
1.3308359480686356
1.334243981652525
1.3303869731360565
1.3293049924851164
1.3415333022248337
1.3422677736031963
1.337550313912627
1.342065073741722
1.3187445498436972
1.324166371446538
1.3306429017604768
1.3324442815878343
1.320687486135056
1.3181957238371056
1.310640196717676
1.30219833157381
1.310336633262031
1.3056476209332926
1.3089189246251511
1.323255273396942
1.3141367932689514
1.3239417497011225
1.3036988582081313
1.3089759824933187
1.3060927772726871
1.3068904302673963
1.3036562409095782
1.303229119716044
1.3083932358918346
1.309915861514993
1.3210038762880196
1.3230986172038202
1.312870462142243
1.322609849989995
1.3185377525035786
1.330429122627309
1.314206112423271
1.3160926579949914
1.3008853871024955
1.3219551232771936
1.317171552612661
1.317182216550232
1.3197301673132922
1.330966062142066
1.3388647475340631
1.3342030422812496
1.3089320488757443
1.3074441630023896
1.3051937336516164
1.3244770205518477
1.3282107471368296
1.323840878962205
1.3117697452210777
1.3415723190519906
1.3422174866263767
1.3235468161239847
1.3178868237083479
1.3276155422433122
1.327838837692919
1.307261816622338
1.3124892047493155
1.3176983545994512
1.3098083961677702
1.3147549450576514
1.3160001111710933
1.31860780944389
1.3126394235624697
1.3106240378219165
1.3140894282400475
1.3135599614573394
1.31016611466616
1.3110984412705
1.3149682187382006
1.3210447875485833
1.3162272394193177
1.3107312563769138
1.3233912610268708
1.3253607576398845
1.3235946957912412
1.3118925530791246
1.3188131065346536
1.314650865742906
1.3243802602118881
1.3239226281354952
1.3177798179698699
1.314263113514847
1.3163150420176324
1.3121717666397479
1.3140096823058742
1.320878719538505
1.313807788035843
1.319180388463242
1.319547610620132
1.3197362804729649
1.3088211582410083
1.3316051370933655
1.3178539293693468
1.3202219597507594
1.3113050935436763
1.3227033406775905
1.3225917992632974
1.3195989876725696
1.3152463209352754
1.3155944018669516
1.3161118784415917
1.3232696673218936
1.3206224585560433
1.3172362609515307
1.318598383658142
1.3165156694044762
1.3038584541986116
1.3216680054999181
1.3166525177256778
1.31966097154345
1.3088943055988216
1.320705407396112
1.3035542459295173
1.3017405450988304
1.3033807960890753
1.3149619914684556
1.3051080045497245
1.3158434639111043
1.307659283527242
1.3049519983579252
1.3024140735092395
1.3012617754483053
1.3052092899533467
1.3081184858839474
1.3119195100893333
1.30903913173083
1.3123540442224366
1.3195448749580994
1.3196114165614055
1.3320984427941367
1.3394699480247043
1.3293121011257374
1.3358543437115689
1.3434294590924558
1.3356929205679164
1.3321035623586919
1.3272845819419357
1.3168713819499747
1.3421918020967938
1.344094359012522
1.3456753430208315
1.3387159928934755
1.3441586065221816
1.3405878071921813
1.342263473734839
1.3186568976812831
1.3384115885478873
1.3151364245558996
1.3042942022258934
1.2985670432436809
1.3377968632169888
1.3391662701687816
1.3060261208463098
1.308556859261153
1.3073435364591928
1.312682369815627
1.3212717479237222
1.3324981152302278
1.3129408400992164
1.3167176148196564
1.3312237633835686
1.331353507633138
1.3355794630639444
1.3489312869173944
1.3124591330372442
1.3087733273484172
1.3285454236468461
1.31348298314019
1.3242314363706742
1.3078362580093215
1.3303537313994067
1.3310840109881918
1.3390957955736056
1.3221830994737018
1.3210523775524097
1.323951959629976
1.3238056303354289
1.3299558460793817
1.3317588359472132
1.321383290150509
1.3250209861225435
1.3182301349230314
1.3334195680433778
1.3222023643588081
1.316848167171276
1.318235587640609
1.3244024444100833
1.3118563250057165
1.3197336183121087
1.3116980330899315
1.3237723371830221
1.3190343146467955
1.3137985108026156
1.3180986499367051
1.3263617903304026
1.3249823785114219
1.3269134484536318
1.3136499413989902
1.3210873374869219
1.3251326246188564
1.3207393508233607
1.33073144935278
1.3268810012595003
1.3310958628484815
1.3078838595088227
1.313251322953336
1.2977352178936248
1.3102431739548799
1.3006324612787852
1.298191227712105
1.301456688027807
1.301894669316354
1.3023761192955725
1.299036165474959
1.300269636266303
1.3263660377750464
1.3386772513270577
1.326165272698808
1.3231751972609038
1.328474348988121
1.3270132328239923
1.310815071524133
1.3219064087794752
1.3255801190153849
1.341972135267938
1.3244394409963531
1.3135481929263955
1.3170297112082463
1.3143644855486263
1.323994324461705
1.321631740894033
1.3187755643563854
1.3201711885842522
1.326718581831965
1.3202386476556307
1.3175224677005777
1.3188923346827957
1.3229542461841868
1.3222604830260607
1.3242491707149475
1.3125327377442086
1.3179158429769828
1.3168233045559559
1.3238455733234324
1.3251759461996953
1.3259199411533458
1.3267920030830274
1.3290806492505367
1.3215734054186372
1.3207626761727953
1.3302208746053081
1.316531859924721
1.3205777138000931
1.3189970541098288
1.3331949894136512
1.3275434556408927
1.3272560176244377
1.32870858845438
1.3200101975983074
1.3225240110747114
1.3321877153777668
1.3266743173430977
1.3296906342843993
1.3247687775939703
1.322624290173876
1.3344036081353887
1.33203061889975
1.3172354794393637
1.3128790781261526
1.3322062217788635
1.3267763493741334
1.3265402356303682
1.3270624444389558
1.330915280378676
1.3206123736079203
1.3183912747909312
1.323332877259838
1.335539779956607
1.331720406051911
1.3247264130374181
1.3268846203582219
1.330516167058146
1.3311982851235806
1.3214432217784633
1.3332178629251168
1.3259962376255523
1.316103007337662
1.3222066385997984
1.3320695113201408
1.3314511564336597
1.3160887603500853
1.3282086852088621
1.3371529072208177
1.3336608302656972
1.3227731812893657
1.3321197454082598
1.3268633522593674
1.3267834994113255
1.3094346282993494
1.3097792732328735
1.3311962996860163
1.3324106643514178
1.3260494405419645
1.3267871171503183
1.306902282097494
1.3072165895631551
1.3107526031698398
1.3383839844835397
1.3333825286922794
1.3349620225319352
1.3088063269846666
1.3250915030210688
1.3282321024944037
1.3146207360245257
1.3272237369285327
1.3131136399516048
1.3117454501395893
1.3045111656584034
1.3272460565073558
1.32022575574174
1.3172754705854148
1.3175925908949244
1.3162293902590723
1.3144086858948294
1.3282244388642968
1.3326843484885926
1.3154004320391948
1.3147463415382636
1.3104178856378643
1.3142485461841578
1.3198846429597255
1.3213976264287743
1.3293141190379723
1.325157924418326
1.3018420411777822
1.30303853116503
1.303006120322796
1.3040045062968575
1.3050776596061044
1.3105488887564776
1.311413628083716
1.3098660348239846
1.3105059295842558
1.3284538797819918
1.3317747339530328
1.3271077522121282
1.3258252916310111
1.3262451127340353
1.3294889212742225
1.325527921283478
1.3258720971596187
1.3228653471591238
1.3135323642871353
1.3154064381968806
1.3206423908663087
1.3144818111391758
1.3147656877714444
1.3325675384608855
1.3350059915928272
1.331504041550164
1.319812347840287
1.3287320969567296
1.3277417015078807
1.3387509354092137
1.3309189275503943
1.3385054523117506
1.3363529762531432
1.3348024783206274
1.3426031379791301
1.3320552762694298
1.3229472598936964
1.3323099453906828
1.3308310226005906
1.3223119152016773
1.3357505754500916
1.31806856917366
1.3204321674093058
1.3297756168908368
1.3349357882910278
1.318282292280733
1.3249380421322612
1.3229704129365205
1.3212125408999338
1.3326340591577168
1.3264816025778443
1.328487569910638
1.3317128935843112
1.3176023621416824
1.3276341965177418
1.3290671911558445
1.3273109034723776
1.3247941958536378
1.3340298641308572
1.3382961707476329
1.3412273157509704
1.3429694435206678
1.3256072476754186
1.328017644899797
1.3167295326914195
1.314685431984822
1.3250213154674166
1.3250042695077464
1.3367220822250876
1.3288540290049664
1.3324738940430858
1.3283235814359307
1.3315357849013767
1.3292761932666703
1.3284093472954437
1.3223753276013406
1.3288709089570265
1.3283388990825082
1.3366774636188683
1.3393926042169966
1.3263086201833145
1.3375974071824484
1.3238190709563253
1.3228499555230953
1.3185127561619496
1.3255346024216406
1.3384730497857853
1.3294957859045107
1.3148084178308999
1.3224587231193894
1.3153775972641757
1.3189130841149483
1.330624195938908
1.3267057947235892
1.3303898017644118
1.318576074819495
1.311913244680544
1.3181182504666311
1.3366891562465657
1.3363168040682993
1.3268802349625952
1.318497177023384
1.3165079279228327
1.3200370178249157
1.3264045832923188
1.3309440839785647
1.342606265356646
1.3315143385975077
1.3425683443540886
1.327831413466163
1.3256623165322245
1.3342268347316828
1.3284520567899962
1.3244142140177722
1.3224898334417878
1.329687706438497
1.3320332696429957
1.322955383121714
1.3267746850041324
1.325798798667818
1.3251691312197986
1.3229972576106954
1.3348418082295712
1.3350008447564143
1.3212953565856822
1.3209919054104489
1.3258339158805617
1.3271049971485358
1.321530947768415
1.3317993970351862
1.3234449018843881
1.3165280287089258
1.3294834303400251
1.3164241195496447
1.3155182385413182
1.3159488234056056
1.3198911027365456
1.3280066167037263
1.3305568406708603
1.3160599788522
1.3191452911583068
1.3236185656291921
1.3103485458085191
1.320477534364812
1.318017158296926
1.322025097365503
1.3182106828296547
1.3221387013924746
1.3100649537227858
1.3092967277842018
1.3356155616764622
1.3334028988629045
1.331836604086368
1.3306155870373935
1.3349664678633495
1.327961980852573
1.3336512651399088
1.3300749320651672
1.3323771796143236
1.3293239918986834
1.320632911826681
1.3336769426883717
1.3356959785662932
1.3315847934582428
1.322808613790708
1.313399020390214
1.304981562923519
1.2972662540719333
1.3092751663779167
1.3009192278050767
1.3136488121075622
1.3002712460670873
1.3050030750506887
1.304330398108201
1.302265108486933
1.3036879392389034
1.298125451372343
1.3015635850194118
1.3047646062988374
1.30237085875361
1.3108577737160245
1.308537258363037
1.3086519944744757
1.3228146918881547
1.3198446146336211
1.3172265079011949
1.3065584842529785
1.3412322787588273
1.3323622938479032
1.3302988846306767
1.3393549826512627
1.326115194863458
1.3163455618471402
1.3297656887581022
1.3237603052030014
1.3196967153259704
1.3230444582815197
1.3063219101174839
1.3078318533114979
1.3166358437621282
1.3162538487514033
1.3170572701187162
1.3229340568358885
1.3197266151987526
1.3189622813080095
1.321275922205632
1.3362762068352665
1.3262689577784947
1.3143711341906075
1.3142091534533997
1.3210103994108655
1.334005446732651
1.338999382798541
1.3393221757546543
1.338924720910477
1.3360021389589851
1.3266283302620168
1.321416495963378
1.3219249781079494
1.3263256371875802
1.3253350888568924
1.320502126647795
1.3249884927548177
1.3245681993904912
1.3244190362412327
1.3206837072750426
1.320938726692622
1.335571755600725
1.3393493043877822
1.307375109420645
1.3096918149991723
1.3164614818771632
1.3216811637074788
1.3150493352319894
1.320290846622561
1.3233029685248405
1.308119636254392
1.3091443815202282
1.3110660851070945
1.3463843850530401
1.3373493382090054
1.3222048481080841
1.3117894280073614
1.3124705816893116
1.3090171862918951
1.3194755152303217
1.3226688978881245
1.3349777499724471
1.3075851307158846
1.319888709960739
1.3214748971964574
1.3338975037890228
1.3322609962067151
1.3282094298443188
1.3197435626262526
1.3071126678386726
1.3256563413888165
1.3217591620629312
1.3218584665690754
1.3199915941060025
1.3230024290634963
1.3258895463996418
1.3275996808668873
1.3243564667230037
1.3288053865080753
1.3252734376031703
1.3402096461853379
1.3253452856150807
1.3261747159753485
1.3231375403202468
1.3080270639749458
1.309073655309894
1.300869423268976
1.3018669722884055
1.3061016483594974
1.3110995048642982
1.3088484781064502
1.3082526032565127
1.3128728038421331
1.307531009153102
1.3048059485967547
1.3077738303206898
1.3071696536730648
1.2935239500875118
1.3206582779190454
1.3088602671189102
1.301849596474308
1.3201324214258718
1.3239793759509613
1.3221012560805898
1.3228413186648942
1.3161908965280273
1.3259769943445627
1.3212268271237206
1.3247234306339146
1.3254976883368748
1.3195280039329318
1.3313510304329212
1.3329679326133466
1.3282067128884225
1.3355453125151189
1.3312283830935348
1.3192799830889275
1.3226885786683
1.313331980564085
1.3276066295803344
1.3251711650476454
1.3283529201833977
1.3265594618559158
1.3196924727922075
1.3163186973038927
1.3366531143200817
1.3206021234336716
1.319908240964534
1.3140491338474563
1.3124071207631107
1.3201051208793377
1.3132405800204587
1.3249485258208344
1.314959750642548
1.3161109317772584
1.317905197257411
1.3284187413484203
1.32398570856077
1.3279675231035915
1.3302552039244913
1.3136071361160464
1.3198119039478038
1.3413455911773753
1.3415979995288039
1.315077423324816
1.3041696869569683
1.3055394768338773
1.3034377103114418
1.293758552711418
1.3235956541582234
1.3157686192603797
1.3217780299829485
1.3239734547122348
1.3111834788183374
1.2995274709859492
1.3036935946186794
1.3100246925433476
1.3121232198745227
1.3290510363235242
1.3220082230780061
1.322280469706238
1.3169789625010229
1.3178403810964527
1.3168960430089218
1.3171753186658524
1.3082676249439267
1.312485591274205
1.3109416667487641
1.3121731812024486
1.3181970549392557
1.2948765469564487
1.322947287345735
1.3111092827312554
1.3155206383780371
1.3195540776733716
1.3349376057643434
1.3346895508734677
1.320944602985767
1.3341941882172237
1.3376571574757545
1.3371252693718558
1.3179352684309447
1.3212425220234858
1.321024072740318
1.3336097599906798
1.3365021708450402
1.338934490014485
1.3378597136688823
1.3273652624555652
1.332817382677716
1.3189855668369446
1.333156473012741
1.333772286861546
1.3303949124244268
1.312259033707069
1.3210190524215746
1.308773467010179
1.3057649540753244
1.3089612375338888
1.321506472823655
1.3171203776698965
1.31259392942905
1.3072254944656956
1.312908564673542
1.307491246302552
1.3070303030457517
1.3236953559988847
1.3171601240965773
1.321900730036552
1.307974385225609
1.333509272883034
1.3340385338183045
1.3329178298884599
1.329568279082012
1.3188679263778358
1.3196079161524414
1.3199970057186936
1.3213357536579902
1.3187212353681776
1.328026616767754
1.3374321929865898
1.3375829236170644
1.3212691284538334
1.3183742014295758
1.33428229007955
1.339963924075424
1.3223470548545189
1.3242581601666517
1.3107749795981702
1.3129498877635566
1.3217332473905405
1.3107458525943116
1.3284607586976158
1.321679652583641
1.331191375191701
1.3130251315135075
1.3263408298789747
1.3192943973169045
1.3284923001322912
1.3235115422040873
1.3361031996172925
1.3422706472339614
1.3319601598698265
1.3533512958114702
1.3376359288715007
1.3321346801239824
1.3299683403312605
1.3278981749992158
1.3402517967585483
1.3325662551166029
1.3262161281848193
1.334671134866709
1.3360077096667473
1.3288266010229055
1.3244753350922454
1.3232797128699167
1.3276034924941187
1.329864649274094
1.342165876905647
1.3337284239482186
1.3278549432973445
1.3255478163262209
1.327369904832277
1.3298936627165099
1.349860737037946
1.3445465159134689
1.3150316385119514
1.3156388217504393
1.310662476268668
1.3097217066004998
1.320150826850156
1.3260356190092173
1.315568196428479
1.32474533742911
1.3196671661899428
1.3178866501972568
1.3133020228896897
1.3168920179962644
1.3152225229887404
1.3168695459034976
1.3143389935837841
1.3157289396971443
1.335878743769015
1.3189454727772212
1.3184974508530622
1.316672964290541
1.3208964767610107
1.319496978613891
1.3183550334608434
1.3136867450328358
1.312953956520373
1.3143221843237316
1.3192324129838613
1.3108655262697344
1.3137501337454514
1.3200588219862937
1.3080108052331192
1.323277165698055
1.319151115262449
1.3184992912469469
1.3218672252646637
1.3201684058455474
1.3235871591704824
1.3232625658942245
1.3207773770204727
1.3162864976420094
1.321971941170077
1.3157028149767513
1.299227797299112
1.3016314388335684
1.3245503057918209
1.3161210640890473
1.30057758572163
1.2964592029154276
1.3171185288073117
1.3172222869431687
1.3192845606816064
1.322800031715137
1.300783537802003
1.3067368223054496
1.3023660544738556
1.2989443536701015
1.325421375585601
1.3225309768923819
1.3217265413410968
1.3204104269107246
1.3186534376785224
1.3002170167724556
1.3091578902738137
1.2979450873406309
1.307172478478929
1.3169287831862675
1.324961389264232
1.3353126125196308
1.3264128932722516
1.2972929222762064
1.3282396250979613
1.3324311978533836
1.3361773655975422
1.3408039685628843
1.3363060570529326
1.3386034093351726
1.3380143074100121
1.3365620189059328
1.3387497405169193
1.3338256012250114
1.3351593483168123
1.3303539002953815
1.3423502163572356
1.3429773822470124
1.3423088294706425
1.3451489293182204
1.3281283200978138
1.3292366697936422
1.3264005611042176
1.3342493283111052
1.3426191867927502
1.3343670682033852
1.3311435075750693
1.3413160830716122
1.3323624071375726
1.3107265610291727
1.3236854839750531
1.3134049197665387
1.3162201048206514
1.3158938364229242
1.3200355950073026
1.3224655487981252
1.3225441071557889
1.3179983295627404
1.3189212947542395
1.316985064525108
1.3183502467344597
1.3154271669269015
1.317476305125888
1.3136773095318435
1.3151286325614482
1.3185796104293515
1.3202972504128874
1.3167778950437388
1.3383855933538917
1.3392110684310392
1.3124813773833233
1.3301158327236895
1.3088056001091903
1.3127156031355245
1.3053674479924566
1.308749954671447
1.307591690463638
1.3371479079024111
1.3245353852278892
1.3292007637741556
1.3284446048807241
1.330708228869858
1.3366098488909635
1.3321796273556807
1.3299024483902269
1.3332426401145936
1.3341457936621381
1.3335810277594737
1.3385860717591407
1.3335252979235632
1.3334640446132022
1.3361720561106687
1.3421983031894573
1.3401514783282118
1.3316271324384326
1.3313172974948935
1.3289486201689193
1.3311792988332019
1.3325341002409736
1.3308975781022965
1.3329290452805067
1.3365227953292518
1.3379341561996976
1.3300058539520425
1.3461284526614379
1.3347193138218807
1.33476832345101
1.3331262067756366
1.3370287631429398
1.3313061125523666
1.330729008493909
1.3233713365756186
1.3344894203842
1.3333952948357395
1.3298984331383843
1.3266939601726342
1.3294814786381943
1.327569998296411
1.3215414236625689
1.3243159202055792
1.3340067276445715
1.3190487479311488
1.327350462240266
1.313779698551
1.3163642850673136
1.3208610280216164
1.3202349625069953
1.3320270557099763
1.3323566447373372
1.332093488033531
1.3278369247292467
1.3333885597474566
1.3253191447585166
1.3166410925951149
1.3112214311517632
1.3129251710693572
1.311872121360713
1.319251537930758
1.3196909100505794
1.3207898699326335
1.3223197284690507
1.320098114686676
1.3178094529613433
1.3211518002013085
1.325864777019223
1.3248825794354013
1.3299557423336428
1.3239553208334178
1.3274770827315088
1.3357119063078038
1.3285902662822486
1.325117431736743
1.3270290742963358
1.3265906485182963
1.3320877455655658
1.336546700069406
1.3267627925253505
1.3247291894012232
1.3234898497930092
1.328757493546498
1.32713617259885
1.3290547845009584
1.3310179627654428
1.3271324256757124
1.3306072503869828
1.3280948671323352
1.3159793189921984
1.3204669043032133
1.3022001349504198
1.3027654905077144
1.3057200132678723
1.303805018030967
1.3447522786627535
1.3176320908631587
1.3259184151524506
1.3251532927562029
1.3279322636682003
1.3088282718606945
1.3031556427830202
1.3220017957006691
1.3084221935045202
1.30585239861625
1.310933450219436
1.305340444995827
1.3037778225741845
1.3231320874543613
1.315121118111704
1.2972564014692511
1.2956465871716396
1.2996227196743775
1.3055436031309606
1.3056048664308706
1.3225133122362989
1.3175765873054677
1.3040042629599378
1.3066735304405601
1.314439387902729
1.310834858723985
1.3054082528661186
1.326858529654932
1.3181524300678775
1.310443876414159
1.308843604160895
1.3193645935517768
1.3191604809151147
1.3248704255917154
1.3204432022426722
1.3171987243815282
1.325057123209432
1.3325362285676337
1.335731239051615
1.3324584507571287
1.3190273431413795
1.3152661661103924
1.3169846721270204
1.3164386845304363
1.338710390953282
1.3376551417028748
1.3280892356170688
1.313591775809752
1.3092029803444893
1.3170950474296836
1.3194348738215287
1.3213168281365306
1.306914801263558
1.3034526560761244
1.306738108498039
1.3154913264399977
1.306408435429969
1.3078335996220294
1.316073858879739
1.305277215068806
1.2966307903840302
1.297022443221889
1.30168300255412
1.3069111587197375
1.3060365498562836
1.2950271086249434
1.296624009155524
1.326507039196296
1.3385327597659884
1.3388082767544283
1.3262261038157634
1.328663213972302
1.3256040179730206
1.3251963372397866
1.321585728990592
1.3412475743167518
1.3361121435454524
1.3231853280789532
1.3250339475695772
1.3243755774956403
1.3203342619574463
1.334855811588701
1.34005805916294
1.335413619005038
1.3347935479670656
1.3338947473434228
1.331314446720063
1.3273230994674527
1.3205177261984977
1.3264225221192452
1.3432875747419606
1.3296845033759617
1.3246088375133613
1.3247391408742941
1.3403604869726937
1.341575300443556
1.3466734158915923
1.3203780618700196
1.317042669802068
1.3158685270160406
1.3163108008038036
1.3106911440929092
1.3191008928106756
1.3240813723276261
1.3271413911149514
1.3125083100336956
1.311728745083006
1.3186022040737377
1.3269240819131918
1.3302501374701543
1.3319008997044743
1.328224768531482
1.3447905768930881
1.3440742096675091
1.3145928040433932
1.3153202142136393
1.3124611765312033
1.3133110222545479
1.312072783681017
1.3413650372701929
1.3412755725558554
1.3405061466199304
1.3336075259049462
1.3410921775403861
1.3231584328138866
1.329791475983027
1.3233492510179237
1.3381044897596592
1.3044792616205443
1.299996477695066
1.3088263460974248
1.3014708235551316
1.30332205462037
1.3040760565453784
1.3260362212994579
1.319730474568987
1.3162239662639412
1.3170800944404828
1.3055031393367473
1.3032352762912742
1.305492931731587
1.3156478566218146
1.3229375046344811
1.3223431873859695
1.320546466347273
1.3200154499234173
1.3190724399956684
1.3141776035635224
1.308526919991391
1.3028296312937242
1.3034115973863252
1.3180691761224002
1.3103770752756545
1.308018802413852
1.336823649245042
1.3371133888422089
1.3404494804520533
1.3375158971102843
1.3404448500598536
1.3311783688033705
1.3234179292966215
1.3244826924354725
1.323711860804261
1.3387145979372401
1.3280209380652537
1.324331270387569
1.3235729278731803
1.3229731684949668
1.3218546398870248
1.324056513152571
1.3393960498413533
1.3392646702054853
1.3410374022608686
1.340551060666022
1.342691557943132
1.348372197200191
1.3383668293181064
1.3445689685326503
1.3455852913485196
1.3433109013782776
1.3435158815383454
1.3228742252682877
1.3335915563926748
1.3409825959103752
1.3477522463593432
1.3432504934624148
1.3427562626549245
1.3298017462417944
1.3397254554128806
1.334925504100599
1.3292682079856053
1.3318359403482871
1.3281152503066767
1.3286007907617412
1.3387984536333695
1.333060709442286
1.3172959894845842
1.322541583691288
1.3259396059178954
1.3146850805226507
1.3338242411558388
1.3420728704077474
1.3428927807597415
1.3397181762295183
1.3409940187435
1.3420076214567351
1.3454601185859731
1.335641125332259
1.340886865842447
1.3380348301489917
1.3357746317590922
1.3338749306594644
1.3268636477064069
1.323624582249311
1.3234027830284636
1.3186530395112477
1.3275214482579627
1.3385554204228391
1.3370483566020503
1.3379089270807254
1.320691134654477
1.3203588517312594
1.3178344823191452
1.317887117992377
1.3169966330161826
1.3203336628044557
1.3259107467328881
1.3213635883266805
1.3174405361438222
1.3180327056509775
1.322001853014225
1.3273881300675532
1.3263809101050312
1.3285176109188348
1.341383690343295
1.3213399452193406
1.3417552120077934
1.3366796195259605
1.3374427071676078
1.3425080543473398
1.3338992345671028
1.3314410215964536
1.3311667710234285
1.3340663734319498
1.3263049997932765
1.3284964382412727
1.330133183027663
1.3383432892752753
1.3374089888193492
1.3379025942520646
1.335971701271475
1.3382628379290291
1.3339340896448513
1.3318964512713496
1.3309903597390704
1.3309870527756311
1.3309986565616492
1.3193096149830221
1.3262018624661998
1.3230096153203514
1.32893115443617
1.335611245134458
1.3176330089764428
1.3282548415402502
1.3356870282126447
1.315351074684412
1.341882341792419
1.320877906274852
1.3281025070973365
1.320751722061062
1.3421972739956956
1.3301659960416061
1.3290942062473348
1.3266779499661556
1.3328977979564662
1.3382383661629944
1.3424140143208914
1.3473853942854246
1.3304523352246413
1.3285301016502717
1.3290041244299458
1.3326221172361883
1.330880083905895
1.325754218765248
1.3219734139725272
1.3269121032587552
1.331617601030357
1.3264092123762474
1.336346699707336
1.3318997484509498
1.3356696059629445
1.333260046874883
1.3371897763135159
1.3307215477203242
1.3387929959737963
1.3332921274075613
1.3351589120569172
1.332932098590996
1.3232364661484224
1.326807398330017
1.3263093206284644
1.3312934440050583
1.3265689726268248
1.3289754003822996
1.3276003140193922
1.3315748130128353
1.309116707413583
1.321993314356773
1.317863675878223
1.3403923182701942
1.3383907618541948
1.321661872385128
1.335438123059902
1.336456237933696
1.3261512350730065
1.3310592690153216
1.3308948924031254
1.332692276121445
1.342374479769215
1.3290002051663465
1.3288315644880342
1.3237615942968939
1.3229547434544044
1.3240545224971632
1.3190294211393985
1.3195984597874446
1.3169763854533227
1.3207218055135568
1.3211199089616021
1.3352371426445775
1.347683697098958
1.33547108948158
1.3414988870309332
1.3241296033534549
1.331099586001164
1.336392538509694
1.334471688535308
1.3405885634994994
1.3459436364667006
1.3344365336837054
1.3315773695461173
1.3291203174884136
1.3371714603372034
1.3386132934298625
1.3328320755003886
1.3371371019333744
1.328382390208573
1.3328221571965486
1.3365952161548866
1.3433467833149642
1.3315975307611283
1.322208257077446
1.3401585422773563
1.3281360469747885
1.3382379679381822
1.32486002341508
1.3219597757495825
1.3280717279169987
1.3379140883981413
1.3432905850295247
1.3392408817519668
1.3211971230849422
1.3403062074007386
1.321285476098131
1.3315656484967853
1.3365464827340348
1.3299878863275754
1.3334517674391586
1.3238639325249741
1.32659617723173
1.3331308770754615
1.3387307845723986
1.3432325284917723
1.3378880614556168
1.3206310371547776
1.332226168754693
1.3198533645080852
1.3290206525156543
1.336195547213605
1.3379500749489073
1.3279363582436832
1.3251965321057577
1.3246957238053831
1.322884283468445
1.3221205987271425
1.3218203065486087
1.3292526935635764
1.3379373842228242
1.3380999850817015
1.3384708637462426
1.34085121411636
1.3256744828686668
1.3297807352510795
1.3408410291339676
1.335585574919812
1.3333297069614922
1.3381993798372338
1.3259212732178471
1.3254090395078688
1.331635838298399
1.3344396191831656
1.3318063836138327
1.3175797807991318
1.3393146551948036
1.3331885662998213
1.3215416503132504
1.3275599627026435
1.3310981698663693
1.3260162291021218
1.329839009853112
1.3333528840512807
1.3423326010491414
1.3327010666461407
1.3325384771989257
1.33056210643555
1.3292450427212112
1.3391258154617336
1.3359953764563055
1.3471465844831116
1.340536226552192
1.3305732141106694
1.3260077818296665
1.3308272031634534
1.329011958945979
1.3346588957192356
1.3334022492269302
1.335326833452786
1.3453921643946865
1.330643670534817
1.3324626777135853
1.3285494116690735
1.3265999485320883
1.329054222122961
1.3410939389748637
1.342201589732528
1.336480621554329
1.3376563681555302
1.3380494139453758
1.3420090135106433
1.3450004106285764
1.3340421394499655
1.3456671588505007
1.3409264188484415
1.335658099868414
1.3278898160424217
1.3319211857476905
1.318329613246447
1.3257076976315048
1.3231922886590093
1.322964631304722
1.3354103500679901
1.34237739832401
1.3298054334477216
1.3380221669204693
1.3343617361465554
1.33717398810592
1.340491207161223
1.342704399994427
1.3389873151778289
1.3401322706116574
1.345828129048294
1.3453494379173823
1.3418929674309703
1.333696137218673
1.3297534112311888
1.3277630918551249
1.340637340226461
1.3355779886994952
1.3408895379211232
1.3315430875997274
1.3412784108584748
1.3400076945469503
1.3188774889568775
1.3310341141974378
1.331080455181821
1.344801115289024
1.3440818169309865
1.3304563895519343
1.3297291636024742
1.3300203009905494
1.3259133249785966
1.3423311956816213
1.345257926471291
1.3311910911634615
1.338793740695277
1.3329295710042584
1.3252053675007072
1.3168728129942933
1.317757848115083
1.3263843569363203
1.3313099023731125
1.3284728436224709
1.322036177720981
1.327102027908695
1.330385643862703
1.3306752984671588
1.3459675888261389
1.3263309884124268
1.3355932332210871
1.327582898796609
1.3233166180282159
1.324141248075581
1.3376343177969106
1.3258371766308905
1.3267983898026197
1.3340733292537768
1.3377855285402362
1.3333468966839641
1.3272701344819526
1.3292864380718659
1.3181574510782177
1.3305215373889294
1.3348684692580364
1.3328381391378468
1.3244651326906964
1.322707931273739
1.3232664858178294
1.3230492605096809
1.338189048878686
1.3190257223592867
1.3210481962245222
1.3257462274282368
1.3364040176547245
1.3189721077211698
1.3241235759781382
1.3381831293882547
1.3426052472787902
1.3441418724069778
1.3391657466759042
1.3385948687093403
1.337864939997862
1.3236338141435788
1.3358573059030234
1.3313824782977863
1.3316198731112963
1.3339370697391195
1.3209655776647755
1.3242275760988937
1.3377129163398616
1.3439439992200013
1.3382923857485705
1.3427802668167528
1.3409103744198934
1.3244174336114407
1.337570974879612
1.330543865026985
1.329366127886579
1.329976731478007
1.331352302536269
1.3227155950854044
1.326539424251291
1.3376429442980937
1.3320511759318934
1.333888960665041
1.3276505329854797
1.3348899264917091
1.320053750127334
1.3402102101855549
1.338546254236148
1.3386740049155221
1.3389737983676073
1.3371307407239046
1.3312259205584378
1.3342923380776621
1.3299786629169552
1.332155317394097
1.321092711871022
1.3358942234710824
1.3404882133902214
1.3418445289183443
1.3432400766606254
1.3465086794692247
1.3426209869215022
1.3222880389619651
1.3252946169184434
1.3280368416042438
1.322871374631562
1.3316033472618776
1.3455975125900044
1.3485522176562428
1.3452900588922783
1.3320897039734358
1.322881571255641
1.317796802916974
1.317680179129412
1.3179666786721507
1.3412980737812201
1.3330095296672482
1.3419843237726368
1.3449189093830132
1.335087760635067
1.351698733211113
1.3417891470147774
1.3465532754615102
1.3343811966310546
1.3199606642057131
1.3219909631504987
1.3233461032595222
1.3438374033550935
1.3401036353398672
1.3405062258135287
1.3314524826399003
1.3235423124499388
1.3305155283087942
1.3449433130325923
1.3367216172688376
1.3422910638371996
1.3343198093360726
1.3336998303056333
1.3185916391183308
1.3205040121766392
1.3385084999911459
1.3353689946324627
1.321839231111231
1.3231633816799473
1.322185476559171
1.3276977500243905
1.3283860665107576
1.3331504812105885
1.329007489342438
1.323191007733578
1.3412211626142732
1.3357266704101258
1.3229757438860665
1.3340908382187995
1.3435919976573452
1.3272716059878136
1.3209898481176008
1.3277627465075066
1.3230273472360519
1.3418241410763725
1.3367100624553276
1.3429572080409646
1.3417958457357724
1.3187472037521293
1.3358803841559534
1.3331857950311194
1.3437581780188825
1.3217360628012753
1.3362951832082677
1.3315361971465218
1.3390217780941438
1.336862410101542
1.340388470710803
1.3357404826772612
1.3226339331660908
1.3266566314611294
1.3232850501571296
1.33004747383828
1.328922847463136
1.3344292313479065
1.3345546303576445
1.35404880077764
1.3357071063106871
1.345200507485931
1.3407819748461336
1.3341036929625887
1.3509829798352861
1.3468447360652134
1.3290508482400598
1.3260357097613682
1.3300723138751516
1.3160983040859806
1.3168456336502576
1.316837601195539
1.3177954541209682
1.3494044086177828
1.3242669638195168
1.3356954356593298
1.3411067503264187
1.3299455742743727
1.3161625042697613
1.3364719797259388
1.3348629414522706
1.3210223549430402
1.3350937207066378
1.3370762648288992
1.3287856885616882
1.332648308238619
1.323520537169008
1.3366072158104016
1.3475623736306706
1.3391515245242809
1.3192006528487537
1.32017243538195
1.3467432973859055
1.3439135583322483
1.3326696672549072
1.3360038537314016
1.339832467067971
1.3333339480197581
1.3388274541777931
1.337547848481135
1.3332662811345164
1.3504495772623857
1.3333685166475477
1.3365774361794003
1.3392863350994817
1.3385042213674632
1.329326374002156
1.3255221613820558
1.3192395365468266
1.3227145133432578
1.331672097057133
1.322911399468727
1.329970921882302
1.3211973159102048
1.320259492492148
1.3298388657479259
1.318588942562778
1.3218021705674496
1.3282366584252978
1.3411576924511461
1.3373487034895841
1.3375255484819653
1.3307569471851288
1.3319810458997134
1.3401130356745943
1.3343791382324008
1.3339253096617165
1.3364625999463078
1.3302288554936563
1.3346150627212126
1.3313329853717124
1.3447282108389225
1.3329433731192029
1.3304517696500682
1.3210915154536877
1.3275716335023324
1.3367443768692433
1.3337630100948845
1.3310118787316423
1.3316969200132167
1.3317927995334502
1.3283580843463134
1.330452811001322
1.3276301055262636
1.3402505810231964
1.3341642778557177
1.3344927183554351
1.3402028220035331
1.3253101493046515
1.3260095543632593
1.3228392200210788
1.326339734690999
1.3272268057109398
1.325436713214129
1.3417065625691156
1.3342366163754058
1.3335544167886126
1.3318627922242987
1.3198179585816134
1.3175353374815668
1.3250328586440001
1.3241218004205924
1.3393738223344436
1.3413274660969219
1.3444561220988056
1.342695713512358
1.34659401352565
1.3387217757359284
1.3321675703403177
1.3166219029327781
1.3232080781690747
1.3239215439130276
1.3308768495462695
1.3255126046888195
1.3311943246856577
1.340650183852793
1.3284606807673862
1.3291875479111237
1.3216381676121332
1.3269617133613218
1.3317285206534497
1.3315458764882353
1.3264056298630533
1.331085802770404
1.3316010959602276
1.3457189986443143
1.3458873694206945
1.322337083147195
1.3340141067157538
1.3447327955011765
1.3276800669110806
1.3367560088259884
1.343728052503532
1.3376489537125171
1.3439877940928442
1.3259708621120223
1.3376786678080963
1.3349421378949446
1.3365335412682855
1.3155257247815755
1.3286309827537388
1.323403437503495
1.3265744533138264
1.3266122633867423
1.3263145469382547
1.319688266552718
1.3161783980662232
1.3371585253414167
1.3317407947443847
1.3391436556846934
1.336635936895643
1.319495322831846
1.3338850818500152
1.3226688280640395
1.3383481701216542
1.3386343120710478
1.3383503635629925
1.3381174844733144
1.338634559765282
1.3325400852658933
1.3360752371493516
1.3387856456636302
1.323402032647881
1.3460009187497102
1.3224210667514829
1.323056560273097
1.3264599291145884
1.316880622834512
1.3378125273374795
1.3320694798297188
1.3315015941746966
1.321144409940377
1.3211571422766248
1.3353083575028772
1.3354709050323603
1.3365989974518435
1.3293010416936843
1.3347890031135035
1.3335386537350677
1.3246945434687516
1.3303956907344536
1.3267905283273416
1.3425890382924683
1.3287179518138177
1.3280925045401408
1.3274600827408403
1.3252883835037685
1.3284649644191884
1.329363589191923
1.3241167143368244
1.323792406400169
1.329065971984316
1.3344084578340123
1.325488218384495
1.3357898300334903
1.3364225310754247
1.341110225388708
1.3387084551887292
1.3329546108039954
1.3300239796286675
1.3276997851614996
1.3182578177030957
1.3192647956971189
1.343194504795956
1.344812571212326
1.344467351365717
1.3288721519520523
1.3323688791802544
1.3217511069117749
1.321590975764351
1.325046418814082
1.3248023160043079
1.3415062361230947
1.3350887898680437
1.3328347817840471
1.322585412586178
1.3242224811014986
1.3271318561593204
1.3282674284038194
1.3370273391767917
1.333462185835841
1.3286132033030404
1.3323532557805235
1.3289654423422292
1.3285832155921973
1.3430942579122098
1.3304918373966002
1.3280616393253293
1.3429917690189175
1.3321056022265576
1.3433141482705626
1.3236233667862543
1.3230625853461009
1.3204079278522207
1.3226711477260908
1.3192760684823868
1.3388481131635614
1.3193925107341375
1.3207874436838771
1.3240848328813524
1.326664728369904
1.3175668926360307
1.3223773108903292
1.3183433342392132
1.3204901918549763
1.3254636398117166
1.321046975167646
1.331615265658826
1.3358951628945832
1.332331777347157
1.3389557138530037
1.3393383237761138
1.3350472702189582
1.3299954400675709
1.3247573572188749
1.330333021713629
1.322812006093276
1.3260666886157448
1.3316579760056286
1.3313635447853984
1.3388719921542653
1.3257300735354896
1.3209977055334454
1.3320765577854925
1.3328554473766552
1.3232667381356455
1.3272284765231996
1.3290967342391515
1.3347589111424443
1.3217673824000236
1.3304586758760815
1.3394634131660328
1.3292583623405851
1.3242993173089685
1.3219844057430246
1.3262534018962941
1.3174300102363323
1.3228084182261488
1.3192947502920365
1.3307827036328042
1.3261188401685187
1.3300294609627568
1.3380394728660943
1.336489268288
1.336428104081143
1.3316040921731163
1.3395338674416049
1.3385663407463413
1.331822237540595
1.3319126221438728
1.3233026499640537
1.3305478305170726
1.3299284700722107
1.338690004855831
1.335915863337042
1.3400954241507308
1.3398935027245271
1.3435123112900629
1.330237779804236
1.324538790305106
1.3278114766609703
1.3268983425150283
1.3264200012638883
1.3199416953999976
1.3237120815484462
1.3270187954996948
1.3244028223645181
1.3250537331526995
1.3223479219162446
1.3288080765965486
1.327187600962817
1.3335131215507803
1.3306620008074053
1.3220129852819869
1.3288352714327625
1.332195265276786
1.3339003652500048
1.3262390515047786
1.3298976247923178
1.3308475797215096
1.3340661166924441
1.3254051544746575
1.3225322802219328
1.3144012991143004
1.3240769789908733
1.31873304857713
1.3272307754275263
1.326619509239592
1.3150391433891004
1.3303598035599602
1.3260132300857992
1.3220241598960367
1.3265630407328373
1.3295944987757773
1.3189753572059162
1.3268274421721713
1.3219590680110467
1.327876545921515
1.3238233467156195
1.320715441366405
1.3311510067128849
1.3281909108765144
1.324820874205129
1.3265891716600002
1.3244441293034521
1.3348825821681185
1.3314916768278795
1.3310175325360913
1.3283745870099215
1.3320345701360146
1.3197841804985935
1.321810999837056
1.3216675241198468
1.3208886366141563
1.320682280106349
1.3264660377995379
1.3372871712640895
1.331249344653791
1.3257419352101043
1.3207113737376244
1.329641547682498
1.3224349951510308
1.3330991310585423
1.3144750951122501
1.3283395260426054
1.3224971350148946
1.3264779879621411
1.3272615070304457
1.3289824734767064
1.325610824882605
1.3182221635024693
1.3216819116920948
1.3232524782229844
1.324938251722814
1.3156262197126585
1.3173253979243578
1.3207752806407613
1.3528539013713063
1.34447234222533
1.3448750467091253
1.34337674652709
1.3365458131906576
1.3439179614914634
1.3220208442281203
1.33666282888653
1.3331317137701497
1.3441832328277272
1.3492725659823661
1.3439452074818894
1.3437638066230548
1.320588620622973
1.3385699037922272
1.3368437260101471
1.332796634207099
1.3364291787789229
1.3237352747096183
1.3314022648545734
1.3303921596722097
1.3367001301078427
1.3498029453416351
1.318818578535121
1.329655736803801
1.330605374061031
1.332560201595778
1.3170705600096515
1.3167136163004884
1.340392045600811
1.335468289014045
1.3362844382877297
1.3470862151898741
1.3479656819514882
1.3457770177820156
1.3530392316902653
1.3288806822229227
1.3155474861379592
1.320111747259577
1.3357274755563915
1.3362600081190044
1.3219803585530039
1.3159410314539406
1.3245415795180835
1.3216325129973552
1.3258976847260804
1.3092523676393808
1.3242983954523493
1.3236506340144303
1.3360330054905873
1.3375430159764423
1.330528830041352
1.3290093963003624
1.3256125404397336
1.3290441572277076
1.3335843216799894
1.326245256566595
1.323609077448613
1.3358403622600756
1.3264509824974957
1.3351574699950397
1.3356320009644889
1.3278882128455174
1.3281105297132834
1.3311603839062132
1.329226239998027
1.320445721177593
1.323589600679845
1.339872618511902
1.3374331076937434
1.3460800024077293
1.34413864518047
1.3310859021191463
1.3316620534337922
1.3331634565399755
1.3226161079740086
1.3311187788058572
1.3327575093978594
1.335689482857983
1.3391834480049298
1.343905258493859
1.3343812759219744
1.3348453458478564
1.3280332632843153
1.3378703111602697
1.3299230776141946
1.3447068129121456
1.333918559847181
1.3296738827858003
1.3259161554807866
1.320955373601484
1.3371850983098104
1.3358347414654457
1.3367430201317696
1.3371715421319
1.3268269357551412
1.3212296861374797
1.325376101365562
1.3238988689867666
1.338725563041928
1.3303653099030857
1.3307248142866295
1.3403978007710673
1.3226149464113417
1.3239985700721788
1.3230694475637543
1.3253349439880715
1.3235362015607404
1.327914153925221
1.3237492956380223
1.3205175978637627
1.3289505871168736
1.3241840369790074
1.3309190524444854
1.326489685165439
1.334383795128704
1.3382226206787855
1.3351169370581264
1.3322980432752993
1.3392583182985334
1.3260420087666753
1.3181211769241514
1.3145477993583903
1.3176739071735926
1.3186282336803468
1.3292232770047971
1.3256518629005791
1.3263148166770236
1.3286236370993998
1.3262462609388497
1.3373129988614525
1.3325413697294295
1.3346523399887569
1.31749478005406
1.339073855951925
1.3392689947636924
1.3336033806441963
1.3390796668842797
1.3385990516006736
1.333289457024232
1.3329568434694907
1.342794622186141
1.3387092342257754
1.3237442491883196
1.3235450865866607
1.343326657329473
1.3358656079406732
1.336138692470787
1.3246047576209101
1.3428113000392365
1.3458894426840766
1.3452120171490447
1.344383502789173
1.3418260902346884
1.339023206645461
1.3354496016696675
1.322884909005375
1.3466874114029854
1.3378794107268248
1.3261371256533254
1.3351981441103415
1.3309767765559186
1.3307736740813565
1.3297348417780621
1.3372448330995286
1.3220069527786746
1.3255006177449604
1.3320084078327228
1.3243168863761685
1.3174620920605373
1.3224255764814628
1.3315117787970576
1.3392738868663512
1.3258153766823904
1.3293319762571292
1.3235744062714934
1.3392451744553218
1.3251224122352907
1.3296918337542267
1.337314607457278
1.3294117643757086
1.3306664100317047
1.3304007004811254
1.3245011262699335
1.3269196369998266
1.3329808810265822
1.3384585020767208
1.3274967240599485
1.344479217704794
1.315955321127206
1.3218507585598551
1.328349070692114
1.3293178888729853
1.3460819285467864
1.3316043090578524
1.3247905851614363
1.3250583399676497
1.34026496336735
1.342812029648583
1.340859550674958
1.337587050638443
1.3384631066382797
1.3276037901879683
1.3298797214484641
1.3264868747047824
1.3431276369424514
1.3375421792361857
1.3364680756424223
1.339643366774095
1.3253329336510455
1.3389117055950943
1.336643124289693
1.3344745255697357
1.319904456316711
1.3248640883398572
1.3421919848688442
1.3297881306033035
1.3346656078934145
1.33740227351651
1.3305691011293586
1.3174113360949447
1.3397729950807484
1.336837803183131
1.3319053480464063
1.3322298610151937
1.3386592173525687
1.3428210701365526
1.326962100754695
1.3307469788965156
1.333312559199394
1.3346703344778188
1.3327585319774469
1.3443392233959863
1.3359276308698727
1.3340891300866498
1.333140334520018
1.3402730380474106
1.3237436357021155
1.3212380908221522
1.3343843897570218
1.3316895443464527
1.333623161455252
1.3347630615129773
1.3352025650197008
1.3379658349832049
1.337921320146165
1.315610714195483
1.3225462265988608
1.3295470752920981
1.3279040320904134
1.3280336282639964
1.325174850592362
1.3320514514340298
1.3244364325801967
1.3344163866449033
1.3272882507638428
1.3261489554420498
1.3271834170216672
1.3263617121860642
1.3314306790279191
1.3313126557657724
1.3278239697411536
1.330596980978914
1.338290852878358
1.3390172770580235
1.3380587440688563
1.3413674306940777
1.3377901281423015
1.3263787219544192
1.3184813400024902
1.32462104462524
1.3233978055733457
1.326934753923968
1.3178008937986816
1.3268655996205991
1.330543176460545
1.3448854445107146
1.3304065619578598
1.3275440139660297
1.3427475953240975
1.3371902229380852
1.3175223646291387
1.313933889173986
1.3233553434403416
1.3087129420769643
1.3138877845365287
1.3171746941306286
1.3405977409475878
1.3179170386313965
1.3229406245984985
1.323177656804818
1.3198394477044288
1.3274959119807535
1.3283630347003543
1.339528953453554
1.3354339995754447
1.3204553498829674
1.3221056215686662
1.3299866265020892
1.3287320317063807
1.326731844841273
1.3322947855537985
1.323599550624173
1.3380418257854705
1.325917007120722
1.32591382416084
1.3243827314934942
1.3241137644494436
1.3256687058884098
1.3264834223166746
1.326952554935281
1.327379830270867
1.325643843110001
1.3226847675526394
1.331513617159091
1.3252940304329672
1.3202978671842267
1.3287120419440075
1.3397304790568583
1.3360761426135295
1.3178543737061732
1.3185646589815527
1.337651608821328
1.3352085343320912
1.3116008181766217
1.3263691208010062
1.3232768716442116
1.3272793040618907
1.3295364497350883
1.342334914401704
1.3227129201193997
1.3404148070270823
1.3244693171374025
1.3357463337511772
1.3158507842253395
1.3252142642716287
1.3196162421106286
1.3363457367840514
1.3358741679262145
1.3248892878824818
1.344413145505556
1.3426010739653813
1.3384478112232396
1.3404099174674666
1.341537906381023
1.3388473271117536
1.3424671631988
1.337366403829872
1.3295752949121042
1.3249819918699834
1.329408466239974
1.3312014131794456
1.311093911518932
1.3244705884913457
1.3189933459129337
1.3260363904428272
1.337900223535815
1.3359875463284667
1.336409014629645
1.3306689367369477
1.3136512102574551
1.3188732132807193
1.343085404921124
1.329991490466308
1.3341734427178955
1.3379106814542436
1.3366339156555473
1.3396596395015603
1.3405082800556951
1.3291434229802472
1.3329196160661472
1.3370657116652367
1.3260697400495487
1.327667934765554
1.3121081155155063
1.3229213399209596
1.3182946009874068
1.322717056894897
1.3276551297804347
1.325849263471991
1.339769527083746
1.3249634506176908
1.3341377264827208
1.3436647238403423
1.3468586107443623
1.3307729964296593
1.34151197548485
1.3352060564798764
1.3394107875552101
1.3404528075523772
1.3260762699135091
1.336349895785472
1.3485875443402182
1.328783829931721
1.3394505531997143
1.329278435614801
1.3364828297869087
1.351077252758475
1.343642732298694
1.3409640022423117
1.3382740142929668
1.3368236690390645
1.3401721412936052
1.3272261510600285
1.3292929798198467
1.3481437851584486
1.350292202928754
1.3376072827105443
1.3364370143340227
1.329706097507107
1.3359418327129828
1.3467309531548266
1.3459728843997292
1.3491817094818794
1.3500610295539326
1.3487949017002554
1.3468061064964654
1.3443380532563758
1.3396577878070646
1.343959391357555
1.3488353958028743
1.33410702514627
1.3351866016158167
1.3420562398442217
1.355960326298055
1.3423131284846852
1.330380360679342
1.3315804787991163
1.330019187879802
1.3345251571665804
1.329013526585429
1.343787377234994
1.3422189265106894
1.3437770241202593
1.342903650473649
1.3433363551314348
1.3472460319927835
1.3519939613357725
1.339343131125165
1.3393764909339627
1.3325943319406766
1.342328346037678
1.3420070194797913
1.3412066110008285
1.3402722450472937
1.3340709878088188
1.3339776916025405
1.3389984516886058
1.3265838669362733
1.325915014728213
1.3357390473918451
1.3365110716292299
1.3417253397689493
1.3403605504202103
1.3434720279266867
1.335094063882437
1.338083831700561
1.342791771878087
1.337930710283689
1.3444065019326787
1.3238047153829613
1.3359030041859146
1.3449077765689077
1.3382350645129368
1.3365820472521548
1.335994763680034
1.3440332365606644
1.3533308381508238
1.3398709224053675
1.3408227083513484
1.3328778819750622
1.325558299628141
1.336308818359947
1.3455999814986443
1.331998394364753
1.3360396796206153
1.3411443678139126
1.3374051109527008
1.3363878958273063
1.3513066372155957
