1.3378834903236367
1.3378454714005177
1.334938376072336
1.3379412757683922
1.3349723936045574
1.3387287276255146
1.337322188604619
1.3432569829541372
1.3364304954467536
1.344532163861822
1.3444314543692115
1.338304819530152
1.34283601013101
1.341034314473495
1.3281631796780498
1.354777419548495
1.3300287448856014
1.3424921060287769
1.3341495410009983
1.3420859027559076
1.3380014657845443
1.348579416752302
1.3451182875744911
1.3412883661053476
1.3451051046361198
1.344589428381584
1.3307315350891953
1.348316791261603
1.3509715207918531
1.3417858524720845
1.336519975862177
1.3361465738185796
1.3430828872045566
1.336995046835841
1.3400364226468169
1.3590556909251736
1.3377075966125793
1.347722361048589
1.3364393300934272
1.3479888759012373
1.3382248681188387
1.3369326188373922
1.340035992255124
1.348887908430465
1.3380273467554689
1.3498396271252533
1.347652489864331
1.334293721273098
1.3582565551302486
1.33473309842925
1.335634465564381
1.3496752511848455
1.3349784613369002
1.3363848352515038
1.3342981827744769
1.3331801059469377
1.349270366909505
1.338663685444479
1.3496145468501262
1.3340238875284276
1.335850343064674
1.3681158279794572
1.3391354973615122
1.332878462321774
1.337477141282286
1.3359249144966727
1.3391435183154485
1.3329838214874794
1.3375578387773297
1.3452713437888504
1.3425949863229756
1.336962742865611
1.336072917323464
1.345111050325165
1.3392142175496453
1.3354461157387796
1.3406181085441262
1.3400378118558016
1.3408359045151896
1.336552675306229
1.3274941025175897
1.3440385336864442
1.3490310455203534
1.3381004499189473
1.3253422953820349
1.326152429193703
1.3408607809390853
1.339250786217949
1.333547286606117
1.3360700025521053
1.3271150546025805
1.3465872863383945
1.3340771838509877
1.3315618804924942
1.3484977711903303
1.3377507625191856
1.3329517358386072
1.338711502977787
1.3321712817338465
1.329601263532003
1.3333198206268126
1.3304409200269167
1.3457417812965107
1.3331591018862277
1.3432055517865948
1.3470205823213128
1.3292868961100008
1.328985809500665
1.3321609229123264
1.3450432817948357
1.3322747999610696
1.3416233930570984
1.3423786709337808
1.3459531672342964
1.332407691462781
1.3386789669799768
1.3399966537936356
1.3303261762047478
1.337084107220342
1.3487883612652876
1.3398954636396285
1.3299253454268052
1.3380441761286406
1.3389779562701085
1.3337297252631697
1.3387522010445436
1.337567846443064
1.3326248378794694
1.33777544986361
1.3287020723143645
1.3412775987654557
1.3380226738274683
1.3314264758398848
1.3386107433940415
1.3436160781094735
1.338241340134762
1.3344513063124228
1.3349614254087412
1.3358511738119316
1.3329226991532566
1.3412381227854133
1.3462749616476484
1.3539950433051253
1.325695297207456
1.3431021462655512
1.340390530427893
1.3383218649874942
1.337499115242341
1.3356431244258489
1.3332131787473958
1.3376472983476986
1.3418211865891383
1.332408776018073
1.333238213902235
1.339137155148321
1.343418672597059
1.334030162543836
1.3356081901562107
1.335745332188407
1.3362704384235484
1.3691280994479
1.3317753307976545
1.363561903239766
1.3317437591429233
1.3480695359148787
1.3408897699984241
1.336765274435364
1.3460013998949432
1.3367784023780553
1.3357100507695985
1.333489707429628
1.3663007714564155
1.3354786615381269
1.3221063892986535
1.341146102813359
1.3476311531059966
1.365705457114639
1.3705210924073161
1.3304360974213718
1.3325356292041017
1.336577440842117
1.3446077519825013
1.3355536028045982
1.3293672167439154
1.3392098518206121
1.352224863158609
1.3720889354997037
1.3681515688688752
1.3712631347250044
1.3368769266218592
1.3493561237581277
1.341771355064804
1.3292387834694903
1.332512335260611
1.346030346319228
1.3390422363744552
1.3323581088128407
1.3139048570572935
1.331375245930698
1.3376574473539866
1.366571157021989
1.3131001882054765
1.3327777471962892
1.3339267671122317
1.3555792844659555
1.3384859705543646
1.35286323651497
1.3348442999911942
1.3285175638432427
1.336797152521617
1.3437915196690735
1.3387714396118748
1.336514483120125
1.3294342123849603
1.3323580770602912
1.338119945309003
1.3452830577994463
1.3325963562588439
1.3375679507599507
1.3307119611256355
1.3275081865711065
1.3711700922560446
1.3552546940039911
1.3424397044414602
1.3323965162071059
1.3440235745004574
1.3386253576615217
1.3456714893516832
1.3198053763464686
1.339873939444306
1.314161208843921
1.3164611584553554
1.3537156282604335
1.330301754938086
1.3517466281606714
1.331195326386605
1.3376433392756202
1.330231566396102
1.3273794860997585
1.3364937423791043
1.3711825530981163
1.3369084820199235
1.3288217165329335
1.329892321106856
1.3308145271448706
1.3501584459349487
1.3397711719332326
1.332088627593227
1.3299441664203593
1.3301893610347324
1.371634973627564
1.371127367363424
1.3685831495293899
1.3720722310177038
1.3767503113486717
1.3766650310522397
1.3705588647963152
1.3712325400466543
1.3691011584623065
1.3689321336470823
1.3745182732123542
1.3681562300863657
1.3703639557920675
1.3661061071840788
1.3702154102624755
1.3671793815792557
1.3685500699315016
1.366638689337269
1.3658559259221712
1.368060518073515
1.3674282456763118
1.373303992513952
1.364250396387017
1.3664001786577158
1.3699479166294544
1.3664570439287733
1.3703496428557125
1.3668782762710459
1.3661778830514761
1.3662283505912165
1.367630994855651
1.3646719948925297
1.3634095176217322
1.3652561094104447
1.3381190879957803
1.3440573949672676
1.352966647653132
1.3550972517014326
1.3634478058213206
1.3475686760019054
1.3518326071361664
1.3757961646203134
1.3699056118694488
1.375173658465714
1.3735810166998208
1.365750253269236
1.368325827323295
1.3665853981037566
1.342048772335223
1.3709094702447404
1.358576112852161
1.3502552433609132
1.3337406639382932
1.3378065296755561
1.356604951071667
1.3512469884233684
1.3417718339516311
1.3439966179173148
1.3654362963119504
1.3552804771562585
1.3636913844314908
1.3499015730791621
1.3492171978938117
1.343017323294593
1.3457457367568793
1.3538301548988854
1.3452448595911404
1.354839880225325
1.3558951569722582
1.358365016795178
1.3586997969444323
1.3277324809986257
1.3420414716943827
1.3402713639715624
1.3478996686660247
1.356455890873794
1.3374022346608414
1.3319024363920577
1.3417006716874287
1.3695336972191463
1.3747821748504496
1.371400819763159
1.3780196000867766
1.3779852447023546
1.3690836977645282
1.3752143443271736
1.373999674271598
1.3351595925957198
1.3649430285192028
1.3375690386779768
1.3341613969244177
1.3334770112546168
1.3352802688743124
1.3379145892821849
1.3390754213451075
1.3355296965315562
1.3208144877098724
1.3297692406899768
1.3291758104254485
1.3223887947485187
1.3236839985998599
1.3276677290211134
1.3203436206239307
1.3217701418961967
1.322448763713124
1.3404846706466464
1.3373974712876786
1.3689241020748781
1.3540055010894436
1.3422134455494512
1.3481233254824088
1.349483749551564
1.3626967743456382
1.3586296688815984
1.3513954745032142
1.3384608184430689
1.3469991704787165
1.3722395966964287
1.3317642434081018
1.3348164564279086
1.3478154105101225
1.3375656117930528
1.3256313999687293
1.3465232873324284
1.347899244694571
1.327187828951502
1.3391067957913925
1.3309262851484955
1.3332510544138787
1.369760776673099
1.3761829581222005
1.3755800275104635
1.333135347145272
1.3318608945676835
1.3400350058296702
1.3596268680994676
1.3651231024821704
1.3721192259519743
1.3468115370441867
1.3420717592319626
1.370997542666212
1.349844676513566
1.32131503396947
1.3493918712573396
1.3659366039320897
1.3296535183725
1.3290193013639382
1.3298503942715911
1.3412654855846482
1.335698998424096
1.3246586977408061
1.352040792646773
1.3492312835719076
1.354180517501638
1.3549873941081654
1.3416254956121119
1.368038900042656
1.367373760818599
1.3688473756420911
1.3440050852387766
1.358441674652411
1.3600411781145905
1.357391809512848
1.3624948923155789
1.3575079312968532
1.3571149470109645
1.359646966088728
1.3470582573440881
1.3654410762444564
1.3657166757903474
1.337395189114369
1.3339907664614081
1.3453104560687505
1.3502836519364196
1.349677339617862
1.3689352901717606
1.3703140913062684
1.369808209193034
1.330581198968809
1.3299241952566396
1.33711622380845
1.359610436422973
1.326671396939184
1.3752809958826917
1.369857723598128
1.3667921689306919
1.330378424927012
1.3678086129894438
1.3318993125149543
1.3305123254593596
1.332466918100861
1.321247594061214
1.3241605760052388
1.3240134421389222
1.3217591131230362
1.3213644558605484
1.3208093703998
1.3211950981866398
1.3189192081952956
1.326487891847214
1.3253905083365953
1.3265979088253517
1.319911976592352
1.315922568455787
1.323304270121294
1.3213604926042193
1.3304392597343813
1.3374646181738241
1.3247263485972363
1.3822108126366104
1.3342890602514204
1.330161803491837
1.3274708251235605
1.3301823840080538
1.3337317712477044
1.3300018142832888
1.3309812396351506
1.3296699067618893
1.3317018700786811
1.3811107169265233
1.3322945334763627
1.3265800776677397
1.3302367863883884
1.3307364246963864
1.386867851368551
1.3346710163572475
1.3661305976157083
1.3687048564034954
1.3427737186269417
1.3646437881435025
1.3631069034891918
1.369714018246617
1.3366124567729576
1.3307670067475394
1.338638928591843
1.3715402080805106
1.3738037162521821
1.343831784189911
1.3402145321384147
1.3428541250295902
1.3443226577441107
1.3443119146449998
1.3578418130075367
1.3595948830948652
1.3581736972919014
1.362098006535832
1.3458059854508626
1.3424948602302507
1.3464582697788645
1.35814600474746
1.3534211333311104
1.3551891236216205
1.3624108552008987
1.3655321973630297
1.3641531182516797
1.3663561419289876
1.3136538728806693
1.3166538490204358
1.339225661223925
1.334717945678117
1.3263309279396673
1.3242806285910993
1.3470448689610808
1.368775751054686
1.3357210899491907
1.337012748277813
1.3667062116001671
1.368077644158229
1.3700878800194798
1.3657021402147556
1.3694404971357828
1.341887095368541
1.3693646232099943
1.333247593152342
1.3263171440196
1.3322059342809756
1.331152656253118
1.328829649354766
1.3444173174571474
1.3319893434396437
1.3234526833169693
1.3311658336773167
1.3412306106097316
1.347349500118733
1.3348912275619584
1.3332337616323473
1.3392744797315026
1.333532488878488
1.368424770770244
1.3711050974000554
1.328190402082202
1.3291481968161463
1.3464196819353982
1.3280163812320243
1.3343169021374814
1.3237708711420002
1.3700660946942416
1.3357885920551307
1.3395015527147531
1.3312836636462821
1.3589061745383368
1.3361569298249891
1.3386531598278997
1.331828473920684
1.3337763647891887
1.329331688306753
1.3253931820244373
1.3326885542461355
1.3294488506225348
1.3613986820119433
1.3689862475136574
1.3484600096871762
1.3735198722700048
1.3485531698877773
1.3348113069540153
1.3392700865788871
1.330499593961902
1.3299219439163068
1.331027451455372
1.3434905935995336
1.3384371520291813
1.3403161189104986
1.329237870080394
1.3255733469922442
1.3657849332526204
1.3526179222611605
1.3352231042200389
1.3377253457742493
1.3260392381941597
1.3236426783433366
1.3291438783440566
1.328235268459396
1.3267546195646016
1.3280724681599474
1.3256700235494927
1.323466077636023
1.3439301230576808
1.3157431738931038
1.345581676683462
1.3407949892760922
1.3523417410132292
1.3546065621954857
1.356096201662546
1.3363456083573506
1.3388833338664543
1.3610452402448188
1.3381927949428363
1.3333052348340109
1.3354198721110413
1.3370832931348597
1.3318452617430399
1.3731343158895257
1.3750261177379888
1.3495250205216216
1.3198841798008158
1.3185579050402307
1.31775347380751
1.3233250073901754
1.3252576461957977
1.378267635853529
1.3672566135111832
1.3678000572411473
1.3528445284370665
1.3357611716603546
1.3315945623624021
1.330589578591268
1.3417171404425359
1.3136044886862712
1.3211047502378712
1.3300323494255262
1.3319352065210812
1.3390353576940732
1.3306898126783684
1.3281680263764306
1.32689227330547
1.336701344650893
1.3337566406019188
1.330176557629873
1.3312727581048642
1.3299142236925396
1.3299123127095789
1.3325675918772928
1.3208616242543803
1.334619357625923
1.345663126011586
1.3401456764710544
1.3442319720835998
1.331264144736805
1.3262859759470278
1.3336468329464841
1.3464187977937225
1.3452335563769022
1.329618955378606
1.340852721922467
1.322050284639429
1.3293927995521317
1.3287071216884179
1.3683367771621118
1.3272676879756302
1.3443393036074727
1.3692935580311174
1.3284428620838664
1.3296136422847835
1.3254208558126304
1.366274569162221
1.361211947006986
1.3488233346336582
1.3517404919283889
1.3483009740903582
1.3520640984659724
1.3428579568488286
1.3341518905224887
1.33395595269759
1.3567517478196018
1.359999925483792
1.3479237304086498
1.3487192983919463
1.334706803162474
1.3431233574454857
1.3316207138796423
1.3301140369337252
1.3667770538404642
1.3534038218129296
1.3627528432111367
1.3700164888184678
1.3356529839391351
1.3330735511465421
1.3339693964473893
1.3317272521389345
1.375838207877028
1.3273569115506223
1.3327485501643128
1.3262317916590567
1.3289228540111064
1.327172515101051
1.3306076578224344
1.325678460239241
1.3288765939979232
1.3266334691826145
1.3283026253941215
1.3293025218143575
1.3260821857785994
1.327064705653564
1.336158240532175
1.3243363198631513
1.3260434675065758
1.330896856914442
1.3290127809877232
1.3276092544284623
1.3350783611379022
1.3321527983666663
1.3292930430921084
1.3311764023460366
1.3305068646853502
1.3435298159722335
1.3401281577143296
1.340602399176556
1.3406696992112515
1.3331384947561509
1.3320714602174697
1.3314393547809944
1.338763435327396
1.3391339268410432
1.3317526661012975
1.3445567739879372
1.3324631509048985
1.3490371800324736
1.3328026190606674
1.3346696204870592
1.32856792985056
1.3317417050479698
1.3299142651214935
1.3354862876940394
1.3579653573802613
1.3619400668480484
1.333938002224484
1.3322123248179651
1.335144179011819
1.3355079532391674
1.3369659042016389
1.3335330932934268
1.3686611373742603
1.3316624892398539
1.326816839450935
1.3404220521763557
1.3408343925748065
1.3337119775534902
1.3584821197758299
1.355483332052835
1.3597748521784419
1.3370727120085188
1.3616170352481698
1.3336155093555528
1.3335275669083837
1.331050080242396
1.3459472954037048
1.3407682515572665
1.3381745752833567
1.339534959679128
1.3264673668750102
1.3301965934936286
1.3274334757681034
1.3334422586297796
1.3358664002429084
1.3568616948539722
1.3257199924427872
1.3486190237052345
1.3633836651974542
1.3735833197661445
1.3678398936785265
1.379133340199653
1.3543972977455305
1.362955272845478
1.3615950396649266
1.3536062313724915
1.3533184491608337
1.3212214114255805
1.3621781332934428
1.3455103633280856
1.3476863832801174
1.3238141911589352
1.323346883496921
1.3255427465699352
1.3262092321913255
1.3491365160032138
1.3596512452284788
1.3184675194192617
1.3454094052790562
1.3227516917574986
1.3291414165590902
1.3270515466730242
1.3196542177114625
1.3284002275704603
1.327290267597598
1.3313415042011072
1.3158679746978126
1.3197071090742043
1.3319430581652214
1.3310280262245282
1.327358998759311
1.3239469258465848
1.3252549335208006
1.3230055171432382
1.3329221593292804
1.3305896254842748
1.3209078073622116
1.3340396268628165
1.3702326006654033
1.3746061453617937
1.3656842521039414
1.3634973875332626
1.3603658459801846
1.3658335685054597
1.3451784988586226
1.3586725645196565
1.3611584530702108
1.3627832054861075
1.3601775069529602
1.3623326439591958
1.3583265818368284
1.3698888886262945
1.348124098372633
1.3708865100372607
1.3634031017278423
1.3489751135602555
1.3556969169910744
1.3588935010924765
1.3744838243356268
1.374438474262241
1.3672865489344783
1.3623029099489372
1.3636990002945026
1.3557598863824962
1.3536684745160776
1.3311695533761843
1.3669854794753893
1.3418013925129515
1.3195969096799485
1.3635878186634265
1.3508924397149222
1.3454934318282292
1.3431804872325526
1.351054815029567
1.3517526908112494
1.3687634148706516
1.3711543551076188
1.3230070321720064
1.3245529539648189
1.320690440260821
1.358675607789669
1.3336298877620172
1.3214975150490564
1.350058276188296
1.3681607122769697
1.3248010323204542
1.3209262107784114
1.3297797462671397
1.349178461146193
1.3711771202674319
1.3408337633755902
1.3349820598877529
1.345904923162191
1.360541897072045
1.3623713046724457
1.3597302481655575
1.3578015337913882
1.3568078596979074
1.3588774118186184
1.3605235040057237
1.360600838125621
1.3603078478461856
1.358188484206384
1.3679471952633098
1.3482886354303618
1.3257365402216124
1.323859101751145
1.3316778770116047
1.3362647245797021
1.337899038353117
1.3358390967608909
1.3318437544161454
1.3263130819982591
1.3212249763487787
1.3329657044072463
1.3212802897808793
1.3158257029625728
1.3237385328718434
1.33766928169245
1.3192592714377511
1.3303745310839967
1.3370051254598525
1.3355061243596276
1.3266913800104483
1.3186689593123313
1.332887349568394
1.3370688869344964
1.3668087522667813
1.368407391236668
1.3798080232857053
1.3307102167026648
1.333750583319503
1.3353156602766354
1.3336518275661433
1.3204562087677372
1.344678041947041
1.3823009313946057
1.3451422976045602
1.3407217015905724
1.3272603903661713
1.3631588050113808
1.3269916760657976
1.3426427288291238
1.3273329123299356
1.3401719499418565
1.3461537335032256
1.3490671019457166
1.3682571198991942
1.3278853972797573
1.331973733776601
1.336498418597807
1.3403097768741146
1.374833992360081
1.3346507014575417
1.33914277592105
1.3788979699153427
1.3756529381719647
1.3253345207824905
1.3706618924946186
1.3247062097775473
1.370420387936748
1.3637834313370494
1.3690214223199222
1.3723707423757443
1.3713849906411757
1.368733474179366
1.3684533916647348
1.3710671415875904
1.380259469843189
1.3230137021509771
1.3212188258986624
1.3298427210250936
1.3340605369600849
1.3308472800008624
1.3302834576569769
1.326557002482308
1.3306994874428024
1.3393752939157144
1.340312837749976
1.3378124684066968
1.3269984424764376
1.318877189815064
1.3366030447312247
1.3365828394858008
1.3276412664786257
1.3638977769404488
1.3444015788142984
1.3241443457641215
1.3258570943767989
1.3746617539182553
1.367542886402344
1.3698904825812164
1.3700837224498328
1.3721068146008306
1.3663300251398514
1.365556693990548
1.3775243715267562
1.3745978607471083
1.325358861208779
1.3248256483632967
1.326387100448783
1.3632984891420727
1.371737221533761
1.369612779499637
1.377293724300874
1.3830914167949067
1.3811310875555896
1.3716819138417142
1.3681231865091554
1.3662214114880036
1.3628851481218385
1.3618280466315993
1.3612958122668755
1.3597675911916167
1.3672369082671025
1.333469544279813
1.3616635152289096
1.3566586583341875
1.3584865468662937
1.3619958573926367
1.3610692161670597
1.3577170887315706
1.3594029676054924
1.3582280850026622
1.3641683162527838
1.3660953096434445
1.36539162747138
1.3661001705257783
1.3681355064842993
1.3622068131986798
1.3354347990689868
1.319780283938918
1.3279153446954146
1.3426911348437431
1.346863628186696
1.321084643186478
1.3414316628287486
1.3418756702076642
1.3359506160666572
1.3374275877653325
1.3258908074510447
1.321646026647032
1.3717748200243063
1.3683993823535745
1.3371704723514704
1.3404642562183917
1.3315500892638876
1.3324387320821403
1.3289430615400262
1.3366837878068434
1.3294690356617576
1.3473884417569073
1.3708679306985152
1.3472905612831019
1.3353680522405131
1.343961363733328
1.3465491832844851
1.3368054229869453
1.3374022032927924
1.3408659551689945
1.341479600091372
1.33317423948465
1.336399173746869
1.3310360659612126
1.363985583330805
1.3401771777465692
1.3659639256926515
1.340562536489278
1.337956062975194
1.3322958051707923
1.3139362855830194
1.3167861527256997
1.3299136595862908
1.330511550346804
1.3232647358695286
1.3269872757645862
1.3290974796954342
1.3142153118155682
1.3164617209223883
1.322575178238465
1.327023708548688
1.3322297838067207
1.3310381241235218
1.3156995890861787
1.3164571402829015
1.3087448074241206
1.322882451706652
1.3114454858683593
1.327099710448209
1.3287280512468496
1.3206830752894554
1.3683666238186638
1.3261046061978115
1.330601717956745
1.327733553844908
1.3125883420351425
1.315124573754956
1.3359919700330747
1.3417738295658674
1.3476606444815362
1.3251831312187723
1.318335708371886
1.3239669925727062
1.3242297731772377
1.3211651659271755
1.3234220317055716
1.325479964495124
1.3220097178070198
1.3472670836624272
1.3288895810278027
1.3230317109194212
1.320079530948618
1.311322792971743
1.3135369523668718
1.3219196263545834
1.3517858608169224
1.3326914484862307
1.3200924618493888
1.3202375551091325
1.324908694259661
1.3622594244616242
1.3684344849165353
1.3340246644132752
1.334394607977592
1.331151678756097
1.3226269775556159
1.310558850384476
1.3735126673448503
1.3984290438006601
1.4030933749906311
1.382139184814374
1.394851623373869
1.338992268773976
1.346038736739937
1.3443883330606337
1.341743393803614
1.333835671055842
1.3354089355011154
1.3474843914632524
1.341871468952283
1.3466168964911964
1.3709199991408287
1.3876269932609275
1.3343255307111763
1.3389476749640943
1.3487646498111587
1.345010635527171
1.3555203235385278
1.398407714475505
1.3964244746556447
1.3406880107817134
1.372766300584926
1.3839046275231968
1.3586125958515802
1.353888997685936
1.3923988391565623
1.3811992879305086
1.3863465971068722
1.337434891128437
1.3547224294380205
1.3408515024359131
1.3411560827525772
1.3429147161845538
1.3437307085385215
1.3641836051618887
1.3814869048420833
1.343232183624131
1.3429229111994798
1.371912630681039
1.365634664795892
1.332757517812659
1.365479360819413
1.3700702937896991
1.3882532870467432
1.3776429736864673
1.369954942169071
1.3683437184497163
1.3361746973559196
1.3391913659094807
1.3699636087190041
1.3752099286175896
1.3662560679771258
1.3650165009647237
1.369199489730725
1.36623324988056
1.3414194594372937
1.3404740292772765
1.3223754817279227
1.3661476421123893
1.3262844916243426
1.3247543145838268
1.3222019516745673
1.3197179006573907
1.3680325738210914
1.3693849757534693
1.3629089159179892
1.3681146706025076
1.3753990408867767
1.3759842335745207
1.3353713389865096
1.3199942024023634
1.330770608034226
1.3340190388220783
1.377677329157844
1.374343865975656
1.3235077930136032
1.3282971918430608
1.325153616372212
1.3297011977147646
1.3738829805668358
1.376841861244787
1.3779225698419266
1.3273254838744537
1.3256310963799902
1.331489679503206
1.3751412532609846
1.373332260975835
1.3244997858088328
1.3426801579058172
1.3666504910946171
1.3130790498034717
1.3223422950966173
1.3165568998791677
1.3162034613044669
1.3349385092334451
1.3321410443076556
1.2989981138230768
1.3021660377791686
1.3087106457706295
1.3690061427484521
1.3670040148479596
1.3202033451554775
1.3235727832495532
1.3169237207923348
1.3154364657944513
1.3090321151044357
1.3287082567146926
1.312453865692792
1.3101784730960806
1.3087211765463937
1.3447639879203876
1.337464134020541
1.3416035772500423
1.316543150429995
1.3432913880442945
1.3415634857107364
1.3217197068419346
1.3198536828241134
1.315217554243956
1.3136072381497754
1.3180815243087713
1.314901123381402
1.3278539067853072
1.3252169420659097
1.3235126299931077
1.3218918456103688
1.3289099436022977
1.3152453260458712
1.3168815837253345
1.325651275855291
1.3283947501784474
1.331577905724668
1.3304260989775252
1.3232392580009698
1.3198897696089777
1.3208678524474895
1.317031576281849
1.3239170683140542
1.3152642341068
1.3266622956534282
1.310275843973978
1.3165206151498818
1.323952068859155
1.3151221883268516
1.323753268762488
1.320863388537932
1.3121648646795305
1.3054222004325882
1.322481077680298
1.3179263607425067
1.3272765454412148
1.319191370877631
1.3064759385300078
1.303766413758952
1.3053674920887495
1.3087218754411551
1.309613425453845
1.2986965643815684
1.3635955301535418
1.3180144169386723
1.3121895241674508
1.320500765810953
1.368640245186784
1.37378779662602
1.3840896463523868
1.3804120852898552
1.3574815188953604
1.373676857572474
1.3745598206125622
1.3649226419817355
1.3685661237075704
1.3700116175153136
1.3390378997202417
1.3323964122710201
1.3419108725349553
1.3363882408321446
1.3410315331124385
1.3367357147310033
1.334606144144996
1.3362301615218937
1.3298650593730506
1.3594938987999843
1.3577236787859843
1.389357643078482
1.3708904918276446
1.3739982314259016
1.325999670182946
1.3267655886317917
1.3203290082797885
1.320878974967732
1.3242330102315085
1.3250599645059775
1.3629591622519193
1.3191591039912387
1.3466323851435633
1.3241675610083958
1.3291056369497767
1.3316708329067404
1.3154854614084759
1.3254299892252783
1.3369488044099633
1.3360143001842277
1.331158656266942
1.3201902591413068
1.320226588028023
1.318769415266582
1.3245499851527134
1.3354234698114578
1.314994284590858
1.3180378665383277
1.3208762788913402
1.332058820051144
1.3376831314153803
1.3314892469108384
1.3146429808528797
1.316746483430234
1.310155124958877
1.3243557845340677
1.31792743337373
1.322674768110487
1.3171431008583308
1.3204438829605731
1.3353749226756435
1.3310978562573599
1.3169935148842802
1.340912752804204
1.3373608052026311
1.350679395051896
1.3239506271175387
1.322370243204516
1.3228237919074128
1.369479538911234
1.3136577292027685
1.3267275137171102
1.318310940692586
1.318743890398282
1.3182906121246714
1.3408628614583764
1.3435728051093336
1.3195229337753385
1.3076376765591502
1.3259454497409897
1.3228200546986106
1.313433087017058
1.315069849348873
1.306199969407565
1.3115920517790445
1.3121631363108364
1.3099234680195289
1.304803177819143
1.3342979225387008
1.3285477053285542
1.3130513113099171
1.3172588936689766
1.3560831379797071
1.3473157321794118
1.36766206651069
1.3515736234629863
1.3509996198305791
1.3532597360417142
1.371523591397733
1.3679202087314855
1.3624227634650072
1.3581447816563914
1.3658951842737272
1.3514557867581976
1.3510882686041965
1.3643670807548736
1.3658083505151657
1.3428991968073989
1.3667206246187202
1.3661852943652013
1.3245368553846935
1.3248040199926885
1.3287746189013039
1.3293144790146387
1.331307141385409
1.335319438079355
1.317147899412572
1.3234143621238637
1.356269712957624
1.3226101669743364
1.3362336530139673
1.3348154795235738
1.313358808387064
1.3119069049246042
1.3214417464493844
1.3167579349638894
1.3204794586900541
1.3308475799926238
1.3191120872206268
1.3200723252275288
1.315641282113112
1.3172567824459003
1.3287081498003257
1.3273594272838227
1.3260483462531016
1.3296525534898322
1.3157166024031393
1.3341398836099316
1.3557900702517098
1.3586251502510596
1.360350832822872
1.360517135602988
1.3427004908946996
1.3586174582553527
1.3599474654245927
1.3623026488389964
1.3553268978173496
1.370230808799377
1.3565420370671326
1.323992980685353
1.3210591104562248
1.3379922039467569
1.3281255895929716
1.3199416034169318
1.3130098135720423
1.319717678450285
1.3189289752628899
1.3058580569500144
1.3218632734905682
1.3786378877793655
1.3635201136200226
1.3282272834009023
1.3295669257652527
1.3269130045337947
1.3273903360797752
1.3286435459265518
1.3282545495720417
1.3614869362548498
1.3593829534963286
1.3787282049303813
1.3285652498000229
1.331577042807258
1.3317652932797681
1.3302547627229646
1.3611144767844192
1.3122759845687035
1.3249936823810744
1.3237612429653614
1.3208018116198148
1.325008545075258
1.3227957842022218
1.3216141634602088
1.320603842501712
1.3200373326550985
1.342726779970812
1.3676911524338269
1.3670046066139403
1.3585052879000112
1.3526756077984672
1.3361329963773916
1.3288004490887253
1.3394737793021803
1.339564378792086
1.3425419361277455
1.343320307527076
1.3282014306684486
1.3343638174749641
1.3491977544750393
1.355697657596976
1.3338444448997167
1.336933371479493
1.3347259917165644
1.336957700220703
1.3378905259091316
1.32677252446236
1.3397599623775944
1.3491118561253743
1.3595114152283245
1.3595337108296204
1.3550051109475176
1.3495658034659286
1.33063484686982
1.3704166829925897
1.3415711844190412
1.3395190684856124
1.337762055196055
1.335089267539362
1.348370798713526
1.3710103713393127
1.3350619913278858
1.327549092254995
1.3487940591247771
1.3439632334529645
1.343723162978564
1.3274707388343896
1.320823161765211
1.3394946591652332
1.3418188627287
1.3386743586017773
1.336493451394631
1.3661569832450413
1.3268696353111147
1.3254361177434415
1.3439425539275192
1.3415087326905455
1.3554349872288258
1.3518588789820831
1.3577102945082127
1.360949111844113
1.3389590485967011
1.3611380373233608
1.35019565728722
1.3252883047259245
1.3511347096697224
1.3555106461588873
1.3511248662917297
1.3560615509323266
1.350718694262291
1.3528435281357472
1.3706229234914868
1.3494092521214782
1.357191768529379
1.3770196405134472
1.3400141548778701
1.3321025162063649
1.344096167856354
1.3377063728444114
1.338752346637644
1.31986435542819
1.347791264403336
1.336489005389191
1.3207189833564823
1.3256251011366766
1.3138388194912198
1.3130301399347035
1.3760083446962552
1.3717772972716633
1.3727984766673056
1.3426410496906687
1.3237740627780887
1.348221831633857
1.3516986684222136
1.382330098780613
1.3307745763316137
1.335373588523269
1.3290707336658778
1.3310566384801363
1.3574224198452889
1.33504260061126
1.365598507297995
1.3217417113685965
1.340036910838813
1.3376775979599709
1.3339568659061758
1.338100722879707
1.3374046284903978
1.3501784153120597
1.3210016230864936
1.3391056344478507
1.3483467422820112
1.3293364472680442
1.3259009926564476
1.3162912575100456
1.3112586736791063
1.3203533562340726
1.3104453427364384
1.3188626652185536
1.3196817793753486
1.3242339046881242
1.3227669243563844
1.3264753637745443
1.309318703456863
1.3191734153494468
1.326151419252847
1.3228698489659783
1.327474464698171
1.325096071181596
1.3156731412198324
1.3246356286652543
1.3300240527840141
1.3266555637496036
1.3184589284199657
1.3092422989149528
1.3075825804224632
1.3210992757444955
1.3257360984442335
1.328997848431688
1.326201503093687
1.3246083338168329
1.32262553908653
1.3177912671076968
1.3133207452928146
1.3171904611998293
1.3134902109002904
1.3141724238732295
1.319039258409889
1.3689633097665936
1.3702949606784243
1.3319110759765957
1.3552914501098632
1.3501824528092046
1.3267062541645653
1.3350738775058595
1.3311742871252334
1.3343570565567542
1.339543925754695
1.3419126527646272
1.3360525314574032
1.3377130778360327
1.3319468367577258
1.3300741432781977
1.3297444057499306
1.358295820028282
1.3325597394384336
1.3364808642603925
1.3379225921062665
1.3389356937552126
1.3333734277962128
1.3315509763163105
1.3379558662222266
1.3389772692630701
1.3187523388083595
1.3196368873935052
1.324595068493167
1.3340963930652385
1.3267319460724116
1.3176190142109165
1.3166167931221238
1.3297289395119294
1.3328547362071046
1.324703404690986
1.3164083538940914
1.3342560024305508
1.3305951664219444
1.3399901528733873
1.3710439382028827
1.3239004997733923
1.3257973058389514
1.3223331828885887
1.3211084178501213
1.3229740151438814
1.353330432112312
1.3512979090642003
1.3492010193392499
1.3450041305080869
1.3400432843924353
1.318339491955145
1.3529597718445254
1.3397382999770422
1.3402636910361045
1.3438794177878086
1.3879553701460785
1.3498991437710786
1.3465355528821614
1.3392263646744385
1.3397147491464638
1.3613493718766205
1.3564065987563054
1.3617934296050778
1.3460300344244596
1.3334173564111094
1.3386170478285013
1.3227736385569984
1.324243965703636
1.335907135143273
1.3371220957994423
1.33495450471359
1.3251136783048554
1.3229864292393922
1.3592769048354498
1.3239363880135733
1.3346300710227075
1.347767175948663
1.3145184347460985
1.3137593834020853
1.3063235463030411
1.3129877268274577
1.3212861877266489
1.321041113311379
1.3149182968581128
1.3227539800216173
1.31989778367126
1.3167861578481226
1.3112439039487378
1.317892221891414
1.320288327490378
1.3135746312466725
1.3270438445822492
1.3159886307931583
1.3430084117360237
1.338817185115219
1.3290026263325974
1.335283419951834
1.3246959893302896
1.322556584877033
1.333961912682024
1.33808038687948
1.3399599550096621
1.3326437368902704
1.3289505126456096
1.3324941528148875
1.3363036994855995
1.3221484217505095
1.3295831459445757
1.3289977904466612
1.3231837960971913
1.3265860439595727
1.3232756806748012
1.367050677973943
1.3577428153176903
1.3572707650187539
1.332349228972795
1.3327582053631473
1.3369952802878151
1.325553233420261
1.3247026214977793
1.3271853466604417
1.3220040293972788
1.3569465884704122
1.3693542517864912
1.3321704142849746
1.3418473243647042
1.3293272469262338
1.3268060203691237
1.3230010748433028
1.3333035391430665
1.336919207144081
1.3607307763203003
1.3401024697338475
1.3411518066716763
1.3389462516562005
1.3389246742264762
1.3537337467291684
1.3666523658142304
1.3356699520680262
1.3663827213091562
1.3672174244601147
1.3237859705255162
1.3213167644495543
1.3035584833130396
1.3036155182080686
1.3224695612054556
1.3330053699751925
1.3187966746666724
1.3236067839881753
1.3085382423589096
1.3086691569064448
1.3091976915273065
1.331062698154304
1.3291870148968872
1.323912185198411
1.309723542952421
1.302554336525512
1.3057936081114685
1.3112482083282588
1.3142725987903106
1.3133628888947406
1.31635328137093
1.3245334250790708
1.321392590604874
1.324518358306286
1.3178956263114616
1.3208906028737168
1.3192057187416253
1.332758877051153
1.3344677901735587
1.3395161729741656
1.3293072898747798
1.3280569254614774
1.3281992473286461
1.3320919801801863
1.3442896032765455
1.3463600366627606
1.3367800279961701
1.3463266062492074
1.3454032733849375
1.3338775431309506
1.3326082332866116
1.3444334029112328
1.3363566947730807
1.343763291754657
1.3177545092888177
1.3263863300690915
1.3451955143215741
1.3713578935935007
1.3698262479179368
1.3288432321945134
1.328591151178311
1.3289494544549776
1.3268434273247007
1.3304755784839164
1.329756080032133
1.3312077817112207
1.3276731993977102
1.3180854289473356
1.3422403427773806
1.3190440223518074
1.321603780830779
1.323172894159456
1.3359598547067684
1.3403226738775758
1.336340930879275
1.3250458981830253
1.3244613640159872
1.3244742771640154
1.3252482467177136
1.3282918151873102
1.326917633926629
1.3342805657943924
1.3371779678675468
1.3268324794002286
1.32677690316327
1.3258934342281712
1.3282015042591955
1.3339277612617904
1.3285695294830564
1.3395801998446346
1.3380373841184174
1.3415252030219516
1.3227497512207889
1.3290002303634076
1.3255406852482823
1.324756010029417
1.3224859529343012
1.325801146345825
1.31443598483791
1.3188148953122525
1.3132044014100146
1.3679506293262103
1.3231743014969108
1.3275443884842535
1.316437915009906
1.3047845052289329
1.3093255248485136
1.320566391019326
1.315638804081005
1.3112324856076452
1.3091429957677305
1.3145764787815883
1.3148058273927832
1.3284944867663033
1.310205268023127
1.318039041555883
1.3160348936549122
1.323266784490762
1.3176878744069824
1.3648480597679604
1.3447607276453808
1.3349169074478406
1.32620932234513
1.3291889466711786
1.3416092210988266
1.3405232183520202
1.3383520813343432
1.3350791740541652
1.3408797040080382
1.3320239651452919
1.3439270761451407
1.325011342406092
1.3337455989455924
1.348561426748396
1.3407736535267956
1.3271961504380458
1.338195461325052
1.3382382513726263
1.3794089929382531
1.3871469099555418
1.3253165740341044
1.3778920625221238
1.3795821446678684
1.3801098854908915
1.3684074153935586
1.3660528146434647
1.3599843473705333
1.3540979541389502
1.360894684931615
1.3646679331682752
1.3550370965400138
1.3674083237372894
1.36692746073378
1.3701189387228734
1.3276162048113087
1.3318725325239156
1.372508995860994
1.3693551747699915
1.3812690364175464
1.3770387542942402
1.371396164652685
1.3733643105608258
1.369383016585041
1.375359472634009
1.3665824571536243
1.3836698577975757
1.3799723621140756
1.369737194338324
1.3365765857455525
1.3316752468315283
1.3373575682103682
1.340248499441446
1.3318985968833914
1.3329145594002492
1.3332431964285931
1.316836831856906
1.3424912085057974
1.3381319460691192
1.334006318614068
1.3359968597764216
1.3352939567850912
1.34582926830465
1.3171670763563361
1.3423830792979417
1.3310860792989228
1.346036642919883
1.3691377713819664
1.3701141094858975
1.3671035687868711
1.355389483910362
1.357141724236336
1.3554312346099333
1.35446953468702
1.349203529673589
1.3556944558044481
1.364632832722355
1.359102481851714
1.3575669548623817
1.3774821248557265
1.3789035223119952
1.3798020547853556
1.35974668450182
1.359288891424001
1.3572334427181791
1.3454681770235595
1.3455996715655245
1.3282237477615404
1.334508055151857
1.3380955976274536
1.3332106466897684
1.3286221151329851
1.3248360806285764
1.3292873508670198
1.3203466869774874
1.3162251341800082
1.3166719339094057
1.3165467260404202
1.341020649228428
1.323938802886453
1.328905949888857
1.3168893025863222
1.318051559391865
1.3179606638407109
1.331864985987341
1.3189229780537208
1.346798982972638
1.3448079574211589
1.3165558761012608
1.3305052114975373
1.3551755923460194
1.3307211118517948
1.3491705182790106
1.3486956787596192
1.3471479978019805
1.3488259830577234
1.3503875878418774
1.352562345514183
1.344486440688385
1.3455019692267618
1.3164525312715643
1.3176081441896634
1.3316083636443121
1.3229976485712356
1.3281073254174605
1.328887147009488
1.3227303977356033
1.3275145082024085
1.3376782287366094
1.3249209117772824
1.330462067054552
1.3331046341821002
1.3349168032984513
1.3257482326895083
1.3207859180017218
1.3271967065095536
1.3217455569635967
1.3239342801886458
1.3209395618385265
1.3198677799048388
1.3278259845504012
1.319415350019557
1.320444804415846
1.3264392887521812
1.3254474407786954
1.3296360705351482
1.3306997832353116
1.380877918493317
1.3479522485155497
1.347967941515208
1.3220604749648728
1.3350033377479145
1.3558141395212346
1.375941281765779
1.3506730378296992
1.3187646974628384
1.3209184217962275
1.3134743364889583
1.3716636866337744
1.3575868211202238
1.35992526767018
1.364619158095234
1.371667333255054
1.3514345407438757
1.3725228499469397
1.3399921207058838
1.3715056555810285
1.3163639482338239
1.3140705277653189
1.3180277974405716
1.3328352932047476
1.3351640656159267
1.320200980580677
1.3310196179097193
1.32266266142991
1.3247361419809365
1.321283276779333
1.3228072839956624
1.3179684033228616
1.310825857666683
1.3192969192840907
1.3305530213110555
1.3387511763969557
1.3638698153403228
1.3237632362618148
1.3249977737116239
1.3324426067856368
1.3272897465644709
1.3221380569630643
1.3273228084625204
1.322980775239466
1.3215331995959134
1.3214628801467618
1.3259372441433355
1.3247774571027422
1.3274197722496563
1.3279398154914919
1.3218936644815154
1.3238864797403542
1.3279929351974242
1.3283368360404708
1.3296623005635722
1.3281867761054893
1.3352251335208942
1.3251825419075978
1.3297711026858139
1.3179313932911056
1.3280509775491574
1.3221969336089598
1.3231820499022207
1.3145454134547028
1.3246109542302322
1.3192428553235926
1.3202188189632025
1.3371254874611405
1.311380923057919
1.328063011565804
1.325556895695369
1.32683664094816
1.324990393104517
1.321147545388523
1.326084184584945
1.321602407294369
1.3316313974332206
1.322785431436413
1.3634704469923786
1.3689701780712173
1.3202453656436004
1.3286139803271306
1.3201836011740078
1.3193491665933754
1.3332335796199175
1.321415206290143
1.32341133009678
1.3182842193299125
1.3154370721280315
1.315310903684562
1.3188645346734065
1.343357080295298
1.3734415436086747
1.372245345984127
1.3546444831851943
1.3695406381060393
1.3548675618163202
1.3693413863216612
1.325371109324373
1.325775485852273
1.3296206868300666
1.3295128053439054
1.3240074014034582
1.350714523849133
1.3530620003608187
1.327013152593026
1.3286237945677224
1.3489529050459295
1.3358242768632889
1.3310616512575344
1.3207223621543216
1.335302910995253
1.3288522597313568
1.3180474210417372
1.3268859010978433
1.3331018409070527
1.33453691685189
1.3179002881211432
1.3200083225401964
1.3291378410726526
1.3436230048894198
1.3228481407269932
1.3245098460788738
1.3186783883801494
1.3351894870798209
1.3487855382606282
1.3545909730527879
1.3292504349840324
1.3162081448840248
1.3124208364225454
1.3406810094873731
1.3352590620111855
1.3280700850860052
1.3241171967493186
1.335379401045326
1.339308022880493
1.3382883588599457
1.3257665627782842
1.3381085022464578
1.3267819495551951
1.3304639209613351
1.3282241959014556
1.3386090436148093
1.3378685890769746
1.3402766655009586
1.3286738404482232
1.3292384173399683
1.3442072682939121
1.3281681856697538
1.3340545078591637
1.3687842747298213
1.373725192929724
1.3672904586593309
1.3737530563181246
1.3732441450514077
1.3662994341348575
1.3730843256232372
1.3274329803369265
1.3257263047438852
1.3287874358509832
1.3241211821233194
1.3299058280028386
1.3243353942373302
1.3334479470027665
1.3116100639147847
1.3186625549490087
1.327431654694509
1.3284850941927926
1.3271172863625589
1.313671771307747
1.318936364596829
1.3169775364074596
1.3645913674383094
1.370041949887324
1.3649101117417806
1.3622120250468233
1.3246346225852659
1.3247555419926116
1.3237220670645684
1.371197356802588
1.3661768087559372
1.3422756931344635
1.3331327257670216
1.341961320439426
1.3210492798220554
1.342219553517169
1.3409623368309047
1.338560928070334
1.3329270366802335
1.3429653150430338
1.3527410638074904
1.3576080528264185
1.3504968201577359
1.3674056682618938
1.3489070806692343
1.3543754815822902
1.3333337912502485
1.3356111202347312
1.3325426204714916
1.3347364824123016
1.3545625115614937
1.350176401840223
1.340986901276787
1.3594184435168213
1.3245503157742105
1.3215891068326955
1.3360045578696094
1.3260461419491152
1.3243743808116746
1.315348970109363
1.326784760119182
1.3214710918725685
1.3271567288512252
1.3245010096912306
1.3236258820995959
1.3506865602066533
1.329629258310329
1.38038938900676
1.3825998159990425
1.3361225612025285
1.3353457094288606
1.3308361820396883
1.3310417663791618
1.331927315041957
1.3265369689344277
1.3208964073130383
1.3300033231851607
1.3351125651486013
1.3359722809236019
1.3340124279535908
1.3288649978526585
1.3294926420119275
1.3280448949413393
1.3234157754129512
1.3280997563071326
1.3271119431026408
1.3854320050318856
1.3813151300670294
1.3784602067795224
1.3289733668719403
1.322962771806575
1.3188919449744854
1.3290863790807723
1.3271795519074796
1.3246971167770012
1.328411926254721
1.3322303684925505
1.3354530209632982
1.3332950757516997
1.3362356613656265
1.3210958098913685
1.3257393648169271
1.3352040603443383
1.3286403038763646
1.3336969310595774
1.3352849868592256
1.3330836075688899
1.3310236385638599
1.3329158380912203
1.3346261439004616
1.336291282892903
1.324244253532356
1.3306672285777899
1.3322887317034513
1.3257415598790945
1.3631713032348216
1.3400756100595106
1.331304257257124
1.3377928284140963
1.3385758266294272
1.3310972777826717
1.334903026034441
1.3278625620018747
1.3263490215894527
1.3410108122445576
1.3168007044031285
1.3307419944037746
1.3344189465321545
1.3332693216535119
1.3349161230155806
1.3228573203661615
1.3213039729392542
1.336579000746752
1.3289286609701627
1.3277358849215313
1.3307337465219224
1.335938658197868
1.3631745522223457
1.3305385148550959
1.3223831774728598
1.3279712482300339
1.3340140399910856
1.3302030293702947
1.3273799699118412
1.3407323305661925
1.339449166931795
1.3585328005658948
1.3707802590061313
1.3363853844477709
1.3309001636334241
1.336410101960499
1.334861927932598
1.3341592397098845
1.3391115740427497
1.3249452102797767
1.336897589949153
1.3254465413895578
1.3305381162950767
1.332510930248336
1.336126671124292
1.3281506283297093
1.3322537002719115
1.3275808758256475
1.3282934482012267
1.3346075524278724
1.3764854683036096
1.374219751158291
1.3435871849101844
1.3348330266840522
1.3134170520750283
1.3219608268832947
1.3350097818932172
1.3708095934975322
1.3636970986748027
1.35310690917963
1.3257396270287092
1.3213636567052245
1.3149881608142793
1.340021414818654
1.374373751034966
1.3787750745938743
1.3294698840889898
1.327697113268399
1.3744014259061117
1.3119791016698916
1.3140452038388717
1.3465611393312464
1.3462001298204755
1.3382109215871338
1.3329518079922322
1.344386789912365
1.333494675369355
1.3299481679141152
1.3288336790638697
1.3343083131095825
1.3374029940113654
1.3394068400567019
1.3304994584870478
1.3329800575165074
1.3493815665059263
1.3306154271338648
1.3492431894092844
1.3509463471364964
1.3358635013603413
1.3416167657000484
1.3390479925732066
1.3443084212228917
1.3723805045524153
1.366158426050732
1.336909817010884
1.3349609371749194
1.346586391948842
1.3253821931063066
1.3777016249115923
1.3469218866054826
1.3443694909106652
1.3434987425860294
1.3601651942309354
1.3759380894409858
1.3207528024691826
1.3262219970823588
1.3202767324964984
1.35594345763578
1.360485920513908
1.3659883255544345
1.3812027395781747
1.3728709398616394
1.361831156897536
1.305525110494141
1.315563685998768
1.327799018199135
1.3711793877815086
1.3706435697016304
1.380713251499439
1.322724147952858
1.316812182401867
1.3327897225473007
1.3375935269832098
1.3277528977010742
1.3412406687090321
1.3259735212401387
1.3332706796657412
1.3327863223075562
1.3276141445514609
1.3263272621604603
1.321272993911362
1.3196007947085344
1.322433390418231
1.326669214752397
1.3192789114927277
1.3171455123472875
1.3243801914884166
1.3119856525836506
1.3186402945709719
1.3241996042561301
1.329268514642366
1.3136810592410137
1.3148643757997702
1.3092807582693737
1.3271380626572997
1.3305659901760027
1.3154224057337185
1.3300448844748982
1.328935342356867
1.3197275742988877
1.3212301572000396
1.321224211133099
1.3151207159872604
1.3268240251466406
1.3290529999253624
1.3317005807601865
1.3286643431465883
1.3190332655977874
1.3216812913309857
1.3181764138829462
1.3215923999671662
1.313563613955949
1.3094796203418482
1.326219359094872
1.3241134017476508
1.3186762657727238
1.381365957226787
1.3565087421130126
1.378138072655079
1.372620490402647
1.378646179076202
1.317637292234465
1.3145186597957381
1.3230746726954987
1.357438454466549
1.3246703143500493
1.3274473329962508
1.3345614580130793
1.3291175832974471
1.335759285204173
1.36106513235553
1.368217129552851
1.3554563617341435
1.3531531439451194
1.3563130404620178
1.3637068318081709
1.3387457230570228
1.3353271195257357
1.384581870273664
1.3832495864400969
1.3547018770810877
1.3882123641292587
1.3697361546497286
1.362914271071736
1.368132299781517
1.3572968054099628
1.381733880890563
1.3813512170885254
1.3876338071866423
1.3762765025920929
1.3645874766365254
1.3536122838763052
1.352792909050623
1.3844397485837063
1.3779415714220529
1.3652536332357987
1.322285192404821
1.3185458362393536
1.3152035176375079
1.320426194463087
1.3168653497508842
1.3329916145798966
1.3317691547869446
1.3249993418733568
1.33089307922994
1.328827607932765
1.3317660779705185
1.31770255154321
1.3290686310953839
1.3258923671323235
1.333188286235463
1.3352578727571658
1.327692542639649
1.3260452737868351
1.332613502302979
1.3262225439209903
1.328063363415152
1.3289392079260274
1.3297309534168351
1.335324804677936
1.3337561523622277
1.3290425971031476
1.3284253403744228
1.3323980807830327
1.3362644814961193
1.3279580892334581
1.3289892701701513
1.3793722188809479
1.3761888679084775
1.3354714962589742
1.333920156422395
1.3288415607025887
1.3345502021661848
1.3258916948252388
1.3360000344922633
1.3459595962536364
1.3325780749740288
1.3403375928087158
1.3728356816986051
1.353275541561261
1.3102129138473488
1.312314385177977
1.3185598538251933
1.3134979830340117
1.3519257092243784
1.3488888513541375
1.3479612704554134
1.352424244397879
1.3303862093052081
1.3175192901461106
1.3184778846924399
1.3389848583596613
1.3275832856970897
1.331467902825746
1.334471286632674
1.3854805634209746
1.3807308747005895
1.3309884564299272
1.3372128917594535
1.3304663245838217
1.3423318543657239
1.3277700723367234
1.3258184253018366
1.3411786089603908
1.3348773249851689
1.373437004676535
1.3694917919827923
1.3654654222606104
1.3415023791769018
1.3530684395268082
1.3702403912680512
1.3726494617575118
1.3685995902771173
1.3285816171352647
1.3611089673639882
1.3492891460367693
1.3523155421429554
1.3236418761969315
1.365855178859659
1.3209528801045758
1.3308923522562595
1.337518706776993
1.3341660435301812
1.3313280166133756
1.326403285128847
1.3218276610529585
1.3321860386209643
1.371435962693864
1.3252826551447017
1.3271488985691349
1.3260280267854132
1.3180123654853815
1.3204957016886762
1.337284237972964
1.3312381887237028
1.3263057756425658
1.3295792223536296
1.3258040253955647
1.3277164487983955
1.3253065084892446
1.33192439560424
1.3256215090351928
1.3709469529425078
1.3269695003399284
1.3318139164897784
1.330331868902448
1.3052414646702701
1.3063244505846494
1.319595867905848
1.324983485669484
1.3206650807191087
1.2982072603035741
1.293179160859217
1.3124487495280748
1.310213556928624
1.309896011309589
1.3130693875526789
1.3239751245054256
1.3040752673386573
1.2995246444035429
1.3028087407872062
1.3031753812656333
1.3299594843257767
1.317251033406701
1.3394901622912634
1.329408039748164
1.3312083318061103
1.328461366300171
1.3265402240277344
1.3338709728149618
1.3459520921588033
1.3484736891607891
1.3405724290590348
1.3409882204115986
1.3455603485109071
1.3468910501216371
1.3462055132822626
1.3444722924215122
1.3445326363259644
1.3273800930002457
1.3721578176550133
1.3687280883223398
1.3789039438776116
1.3813352967405021
1.369653669162536
1.367711194448692
1.3705435286951655
1.367905853957701
1.3636402896382802
1.36863346341851
1.3695972779491115
1.375037805077953
1.358375825413349
1.37148497895469
1.3768541237565826
1.3683352219867573
1.3792095679533949
1.3593869710579753
1.3538990370563693
1.3545567634343478
1.3227616472604102
1.3286151867063407
1.3259249561828497
1.3216083333246988
1.3183887311701508
1.3200724035582196
1.3676053923446887
1.3728532186305458
1.3661878835010313
1.3659410629564521
1.322280645432855
1.3236899331171852
1.3183671818238827
1.317864942605085
1.324637855460951
1.3237861528751997
1.321537979362669
1.3162433112777654
1.3401910344025676
1.332391301070763
1.3215669017699618
1.320334875393461
1.3270892738227889
1.3230726300999145
1.3225601782822438
1.320626334252441
1.3297064481264629
1.330948812110047
1.3432881513250399
1.3284356785560816
1.3264037248165217
1.3128347308583028
1.3218285039714321
1.323419285551383
1.317451778188565
1.3414046645434494
1.3269696038562584
1.3252060001750712
1.33073951377876
1.3121898268754426
1.3148603101919998
1.33694963087225
1.3189561806194412
1.321328758784073
1.322106537575832
1.3426909346200968
1.3396462960143702
1.3227293007150263
1.3363166726570939
1.3407300616424331
1.3466051288242522
1.3457857347526874
1.3328904431907207
1.3176012624207027
1.3180503785124758
1.3548272231399239
1.3836890348729078
1.3836039778123232
1.385115792851878
1.338373718755307
1.3406151710544478
1.3384829374335383
1.3344130115844284
1.3344856777789262
1.3814606624752095
1.3817097220780132
1.3840498015026903
1.383287239608393
1.3859849086683227
1.3396739268593894
1.3325398730682723
1.3381587710528242
1.3408021888291346
1.338694813153198
1.3451365565183593
1.345948772841873
1.3268436516844735
1.315598284296659
1.3292776415694747
1.3340494730759447
1.3534662664867907
1.338240468832268
1.32663169962223
1.3558291004385703
1.329883551342615
1.3382243659967101
1.3596721652825763
1.3314655428994788
1.3260953889538332
1.3270728135625467
1.351507278804628
1.351761713893376
1.3318333194350156
1.3650994951299005
1.3675786586224623
1.333696045616286
1.3226889962860089
1.384893071784147
1.3782119883980706
1.381791632982345
1.3844535547904395
1.3833361492665697
1.3625195356431061
1.363090460318853
1.3639718850672222
1.344605369646099
1.3416963775830493
1.3541259049276106
1.322380066766159
1.3480005963162605
1.3265071777881605
1.370043680907193
1.3279197976026162
1.3185064595759823
1.3235836555390537
1.3227841291379059
1.3193820132665164
1.3201275684835463
1.3678458265955376
1.3679253360386083
1.3229137429166151
1.3234062984808912
1.3332219325309365
1.3294692441706661
1.319181360674709
1.3243622545758813
1.3195482784521324
1.3273853658751575
1.3203967880163172
1.3211607546218402
1.3184699567968288
1.3348080479032098
1.3217930014274313
1.3598842124074997
1.3891045086229277
1.3922756924200288
1.3824733580482578
1.3095765911909014
1.3106297109304048
1.314674358162322
1.3029843773004262
1.3107279163349368
1.3225544161235476
1.3575712611906103
1.3529870219175464
1.3563808413618652
1.3588183139324488
1.323414788494121
1.3388757206024495
1.3049788540326706
1.3131597241302575
1.3102567482987344
1.3238009762800655
1.3349227428519208
1.357468632328722
1.3657346535768977
1.3714046544036906
1.3445393189352117
1.3454744467196882
1.382833225749361
1.3630897644861049
1.3573967508398979
1.370890494786843
1.3724029045716475
1.375244958082234
1.3606595773090664
1.3633814936862414
1.3443602577557547
1.3835118300976508
1.3650275914758203
1.3648947804135934
1.3618257619873124
1.3722889593593575
1.3863440881362972
1.3212659859030609
1.3298035126545231
1.310281797366175
1.3143831183997692
1.3153010551160618
1.3202748346007507
1.3086507523423248
1.3173913125974617
1.3234794884043728
1.3119003846332948
1.324906148949812
1.3126515142621922
1.33124568132301
1.3454145917018792
1.3430060143597187
1.3211214287876216
1.3271530821248054
1.3273562101252474
1.3458923326100216
1.3723551688564237
1.3520307588519573
1.343310550565589
1.345221169501559
1.368474124815364
1.323772792762404
1.3239011832439485
1.3296631125091878
1.3260134263015153
1.3209910586414721
1.3440583717433197
1.345851094261919
1.3328029562713501
1.3258089608458576
1.3496767922470632
1.3469124774105612
1.3359029590302571
1.348997142508421
1.3450939751014503
1.3451131145202921
1.3654265837519677
1.3299131255174022
1.331627007345098
1.327688255037241
1.3335503129149275
1.3305677715214403
1.3214023067656786
1.3184173729218638
1.3266651846682977
1.317219936839826
1.3157279532534902
1.317142134675254
1.3163435659344354
1.32248187566749
1.3312691730797694
1.370683071860445
1.3684258759970067
1.3715913211241428
1.3629044752197956
1.360957049992
1.364642532237507
1.362094965129434
1.3762134087310112
1.3795310157252076
1.3533074775909872
1.3623304492513335
1.3671149762197923
1.3925452113226584
1.3647566810085525
1.3859523079585008
1.3403123253484093
1.3491203003326913
1.3376444254788047
1.3379735526996153
1.334682227889175
1.3317810630321796
1.3302638099445645
1.3283325962298997
1.3325536976945758
1.3316815420629076
1.3157028231157035
1.3408677315446789
1.339467190679586
1.3330272344933762
1.3187447038855535
1.3183954813167982
1.331795933913405
1.3178801448537272
1.315626265698647
1.3205819554924851
1.3298821520499426
1.3470349933026435
1.3408573530754802
1.3210970428310709
1.3278946888687706
1.3252291809443395
1.3202390266763064
1.3171033471325442
1.3352685704750347
1.3375578810813586
1.318872366580958
1.3130195403719116
1.3180277806790104
1.3257157856840212
1.3169272783106298
1.3160896274226208
1.3395231924892788
1.3433999232341682
1.3412668251265911
1.339398216893746
1.3115299300884493
1.3272041127118566
1.3355725979538695
1.3320464122020723
1.338646443877962
1.3293310955207647
1.3626766543789126
1.3325250936360267
1.333733048888377
1.3161753159366059
1.3225273240688384
1.320984199979424
1.3224617657315594
1.3226625252338806
1.3191939996270146
1.327268351687764
1.3217445454401489
1.3239662471139542
1.337561825565541
1.3304425261370103
1.3160428073961081
1.3197455855519427
1.3179254086383705
1.3177219291675408
1.3219987806841138
1.322378387398838
1.3169103978987202
1.3354001192111113
1.3180779985033404
1.3281508789469645
1.3418936153096188
1.330393308456144
1.3345760666760567
1.3190997480322864
1.3778133818877225
1.3765471983769557
1.369421129391679
1.3582515165143614
1.3862310070138506
1.3624175900893662
1.3610269852140533
1.3766562559036957
1.373118203315287
1.3726773229839246
1.3748567216621201
1.367578493018564
1.3766112953279137
1.3731427795000595
1.3438123423289787
1.3225399802910334
1.3695777098632655
1.3731170361203087
1.324898186831574
1.3234203469711545
1.3327182150384684
1.3204865628378935
1.3204381236252605
1.3411451705932842
1.3225256297738335
1.3234815131952713
1.3191074337368114
1.3138842399971524
1.313023976225837
1.330342937499867
1.3281252174503164
1.3168145423341078
1.3166694110911301
1.3301587086274187
1.3261485581154646
1.3212298510708997
1.3211162327299277
1.3158728638479757
1.3293096156211146
1.3415933752391187
1.3368280048980683
1.3210627823950363
1.3143054615919976
1.3191736874492652
1.3267785021468255
1.3198864834045663
1.3243049192365977
1.3791170689792698
1.3845754223081859
1.3812022746344985
1.3839137098153416
1.3821383136593883
1.3639382704106742
1.3580118951133922
1.365026550475748
1.379182288094408
1.3799392706398397
1.3795633038507307
1.3830898965486373
1.339490753498699
1.3775426413412801
1.3820908947002513
1.3673443596691377
1.373785547461091
1.3637825897980471
1.3696157013368309
1.3348533428355045
1.362512964033142
1.3590517926084453
1.3569792002085397
1.3673309430796188
1.383047520652989
1.3648848602253074
1.369195820207394
1.3681127229410694
1.3653853943663996
1.3642366526967848
1.366850361059195
1.367469072538376
1.3796251476859827
1.358639549337771
1.374346965636079
1.3713107714596697
1.3570628437094445
1.3642393060659606
1.367390610791864
1.3692381684384762
1.3624776858682763
1.3592450034697172
1.3557378286468051
1.3533201765853393
1.3484842459584818
1.3494280765572577
1.348368608634492
1.3472763600888011
1.362524055355561
1.3686082615489923
1.365216951730255
1.3622497067269843
1.3634027384385232
1.3626298300374824
1.3391746490037686
1.3359702720766102
1.3550599687285367
1.3307129384899161
1.34975524820179
1.3492657784514508
1.3631865630198345
1.3514531276911477
1.366220003766357
1.3545315294360827
1.336656330067977
1.3296237937351998
1.3307801579373584
1.348972160946517
1.36702429953429
1.3356269851850455
1.3339735354512126
1.3405830961607723
1.345754664008988
1.3412819921698516
1.3384227959415396
1.3540213539160901
1.3577812200892225
1.3460808475670456
1.3554566416168314
1.3454988268328616
1.317749710493421
1.316577608784328
1.3796727998935698
1.3649270755683252
1.3453287468388921
1.3497231479369658
1.3425141320065546
1.3732366726560077
1.3691457841326957
1.374107494656466
1.3296330267439265
1.3236012059474755
1.3567672510510032
1.3637551160513592
1.3637276633007895
1.364485620035021
1.3539171227358675
1.3512495578437707
1.335339817211453
1.333238675643003
1.330479769880176
1.3329474046794307
1.3299480520712326
1.3212527807943086
1.3240145285244957
1.3260357168356842
1.3326176900100546
1.3656437903151961
1.3358942271078282
1.3338512205516115
1.3294294553451493
1.3376440377211283
1.3436443529251616
1.328969742624806
1.339330717567726
1.353515501661893
1.3513207123704365
1.338305482374341
1.358386225498419
1.3308684037407363
1.327230710142655
1.331490121218391
1.3302972363984786
1.3344254810306253
1.334152849497325
1.329023885505198
1.3280000277871884
1.3298899138470368
1.3131565598007606
1.319392267902891
1.3314591148056723
1.3308867810663825
1.3186371372123051
1.3208265424985772
1.329984351667509
1.3230070049493086
1.3246093618989854
1.388977472817444
1.387974541732295
1.3695952882973235
1.3665612702754062
1.3636401017193773
1.36947333241101
1.3673799500357295
1.370224196366079
1.3742494913992065
1.3713428024053265
1.3838041970683794
1.3732894281829355
1.3530545753515457
1.3816419850580635
1.3354076687314431
1.3321871596674553
1.3718534652246892
1.3844281323589929
1.33168660784042
1.3303864141944632
1.3320056539539444
1.337006483436863
1.35251089434489
1.3824046904070433
1.3623220216373595
1.3783919854235567
1.3858838880161095
1.3390798229416498
1.3335798814273254
1.347589464309614
1.331268720065522
1.3456968446616164
1.3331449023984316
1.3340037758353767
1.3295066449113917
1.3838838070982933
1.3637840918603907
1.3645388537125884
1.333781629439044
1.3895534889001893
1.3362669025180844
1.3685503102851844
1.370178080336508
1.3695142651287278
1.3786950186050801
1.3722966220517916
1.3694454394226538
1.3621372957156577
1.370154174429547
1.3695158528879618
1.3749178372502027
1.3736020167779688
1.3669353641485973
1.3291127246085532
1.329302410801653
1.3450131713113438
1.3362667084729805
1.3727698052438493
1.3262136668298568
1.3281271451000047
1.3299380938928986
1.3286559820319124
1.3329588687748155
1.3706118192870493
1.3781054966722428
1.3291030523673135
1.3236991597462717
1.3351614704935446
1.3337619999779524
1.3320246188072722
1.3530142961032867
1.3520902368717516
1.3680893092615762
1.3476778037255999
1.346227438213732
1.3283658425105902
1.3272460023518364
1.3318071799019462
1.3415935939672898
1.3380207908236266
1.3334784580434464
1.3304297620493786
1.3157336610590906
1.3276023487384112
1.3303164628368744
1.331857600927388
1.3318352645615628
1.3328208828724757
1.3550356621011654
1.3530385664240732
1.3194122138467541
1.3219463345077704
1.352149198817287
1.3531720321401106
1.3185977750013194
1.3332017919518715
1.330035023310825
1.3298416857696487
1.3373985278327074
1.3351278375870979
1.333225444124034
1.3317165160587943
1.3267071295517232
1.3283806227909447
1.3284330471646746
1.3345483808793954
1.3261738207348164
1.3222812361289706
1.3235520527245854
1.3191845289685615
1.3216662204663554
1.3336989647014705
1.35188609873628
1.369025968103335
1.3336145798316734
1.3427051461771755
1.3299568047095227
1.354029410106361
1.3566695211413453
1.3516295950651047
1.3453745287476875
1.3352949102712164
1.3355023683417209
1.350078102177378
1.3393636032313443
1.350718122796282
1.3231842086542371
1.3205716126672336
1.3201018525270902
1.3242832201841477
1.323118185115818
1.312959548942082
1.326859684025064
1.3174320823933072
1.321515770466619
1.3224319192417828
1.326765182385275
1.3252174455546604
1.3268616519338479
1.3316445691428755
1.3218265063845924
1.330159448578265
1.3297321621690443
1.3316069817521687
1.3362171311016116
1.334441948207109
1.3701896048910547
1.3335493792015294
1.3231654618853683
1.3229402516388156
1.3354477510048939
1.3338995471894466
1.369860359532966
1.369110514827347
1.3193504424192346
1.330845031673972
1.3297985488341977
1.3369955543330687
1.3468234072491472
1.348096013973604
1.3294952460823242
1.3201647004371102
1.328794388517315
1.3502952990020065
1.348039409634846
1.330667050869583
1.3293236743580108
1.329774825245446
1.3287774267161596
1.3191178545473539
1.3183081555445155
1.329041781047199
1.323306777690205
1.3451950101056147
1.373671942850113
1.3464100901109546
1.3444571803250185
1.3691146391431197
1.3607690823924963
1.371079270190678
1.3635344916274126
1.3423331420346094
1.3311661746975996
1.3639768967000683
1.325172780835618
1.3281385258904834
1.3323346308071675
1.3304048518239255
1.327104462385347
1.34824833712196
1.3697439592050826
1.324180973721065
1.3312070158494835
1.3425676964320785
1.3746219752007929
1.364738322985526
1.3656741141142883
1.3692381919585286
1.3665768299407646
1.3136669900147775
1.3185460726374205
1.307581163510865
1.3201728577629652
1.370118014527714
1.3246898189644913
1.3283334587400675
1.3179773551575529
1.3412239236820036
1.3197991868803132
1.3183643043779218
1.3085773998613366
1.3153672543639887
1.3355812592225433
1.3243677919347476
1.3245545188910615
1.3716025959049405
1.369324134350305
1.377198795650762
1.3607907990417398
1.3767113114819414
1.3819368124098161
1.3825201251177368
1.3727957153706476
1.3693587636577784
1.3740566171939725
1.3701996207644012
1.371494557263347
1.3698947580640954
1.365513515807279
1.3733228133638757
1.3660536030607684
1.3663445974848283
1.3684954084888723
1.370349108032131
1.3686904772370112
1.359952381248908
1.361807561566276
1.3268047706499395
1.319119751057476
1.3648633140491835
1.3621451066008259
1.364072603254251
1.317225793362384
1.319055803904535
1.32021043686704
1.343114746196202
1.3545795971440449
1.3267862382954738
1.316103117002138
1.332856037523287
1.3435734933957344
1.3871631498627401
1.367900698839939
1.384379983499259
1.3833405067557085
1.3816678772062234
1.379367556158985
1.3837804152920175
1.3794592023513015
1.3815318930689222
1.360394739230254
1.3615375513201513
1.363078275112937
1.3612777451744584
1.3871485706186415
1.3766016288884635
1.362474311246442
1.3647586345775833
1.3657890018465753
1.3558597233091427
1.3567015608967419
1.3357617773041153
1.338002198470823
1.3579761188840926
1.3587952056842347
1.3610768621509588
1.3624324706310993
1.3540880860574653
1.3697424361332744
1.3588176826010565
1.3440960290162796
1.3497548737317497
1.3738414580695228
1.3584189436906602
1.3224474349894662
1.3209389651692247
1.3411484123611297
1.3118882286594578
1.3231443511239167
1.3328719844882775
1.3191780505771704
1.327926027650503
1.3360752619420577
1.3238295990121172
1.3222777218524522
1.3214386840838301
1.3207180050969884
1.32550774634162
1.3224035854136753
1.3838334793872127
1.3735990475789386
1.3753442881517832
1.373386164845133
1.376234087493349
1.3670321259157734
1.369406443330956
1.3803027747624113
1.3669745521742387
1.3666749167362824
1.3770693030939127
1.371018246200314
1.3690100253667643
1.3734979728731815
1.369708661464434
1.3769294190988786
1.3746278280769029
1.3805966052429222
1.3677542716496678
1.3596222351726384
1.3534049984505827
1.3318909902342075
1.3352624627456273
1.3774844327245608
1.3857777510103935
1.333614395661705
1.3315633805859985
1.327731321577054
1.345020283355064
1.33937437964769
1.3875608006485587
1.3705314435673934
1.371761741078351
1.32774510787362
1.3355109460588455
1.33436974231531
1.3407604302005243
1.3728955525956663
1.3694014905213439
1.372469041025742
1.352731962310886
1.3453237110087115
1.324122786070727
1.3315966516574174
1.3286930117129923
1.3299856584663865
1.3192871681839462
1.3215660063748011
1.327688513467456
1.3276143783768815
1.3324514547687603
1.3325365805904488
1.3273759035255717
1.3303031993261776
1.3217044067237615
1.3235790284857596
1.3276389750889253
1.3247759899816534
1.3346052479220334
1.3288254920063698
1.3276021991651505
1.3292761989510102
1.3316058226996224
1.3149965048954748
1.3304503711262392
1.332899102236961
1.3388716931368776
1.3348512812314888
1.3349895692098963
1.3386963564942536
1.33587330323508
1.3367570401865887
1.3328322581720629
1.3390161197493722
1.3239451522394232
1.319298112158191
1.3333131760167798
1.3191689857927142
1.3217868240348216
1.3273092340080035
1.3305811290975875
1.3283331909547846
1.3335566465458821
1.328777373523852
1.3314401619149878
1.3147435377578918
1.315483158496002
1.3168820365124063
1.319994105012886
1.3228895618100989
1.3231478260486413
1.3201196695127766
1.3448744525888643
1.3164337740717127
1.3203842417944824
1.3208180159861063
1.3189546046980627
1.3203445087377443
1.3225277204904935
1.3219786247689804
1.330460866640825
1.331237498845078
1.3435194278774607
1.3492170877755003
1.3514952901799824
1.344742773596598
1.3454078688558107
1.326359173599906
1.3261939038255974
1.335074793786173
1.3170646000918451
1.3220546526436472
1.325949685818854
1.3226708246768062
1.3213676117963846
1.3233874040178708
1.3401095227506672
1.3473578015704524
1.323029840681541
1.3282542550294298
1.325345287563828
1.3285055271572817
1.3312526979336716
1.329440232900276
1.3312855047634433
1.3246144569018046
1.3263915228689966
1.3229487017499477
1.3275164064694571
1.3268115265387757
1.3301195035576763
1.3275326856449756
1.325917650357746
1.3328625879540081
1.3172940714697148
1.3180791176752853
1.3294051480190572
1.3293503377651572
1.3275773081772766
1.330364990341303
1.3305397577096998
1.3323808197760472
1.3290095001340096
1.3375855180662588
1.3281288537340807
1.33195849142844
1.326948088531634
1.3255777543252703
1.310170154706449
1.3182128127434825
1.327055603328463
1.328301039933021
1.330302710862466
1.3294850330335997
1.3228866939014767
1.3256946623386925
1.3200890264321865
1.3122249629279648
1.3227569394742358
1.3164971371094427
1.3194987612007785
1.3750725718762329
1.381178698631416
1.3765421713130852
1.3749408172331896
1.361092806023005
1.358454139280987
1.3789388675996967
1.3787544840265873
1.3732800756132195
1.3698207312547614
1.3697657566219572
1.3698575764845302
1.3736376123279017
1.3759682315833268
1.3665362599078665
1.3716245308029986
1.369525681528816
1.370968557649968
1.3666017976003315
1.3477492675970342
1.3479100732273992
1.341535874003191
1.3498413936185267
1.3489131029131325
1.347239869302352
1.3470696346472835
1.3480191719317465
1.3498313937746642
1.3503776809583898
1.3498655112577276
1.3465516743793353
1.342605887923481
1.346182872939189
1.3501457953781149
1.3312548648021694
1.3337753047076275
1.3805183139071093
1.3302998682573055
1.3333467713918774
1.3699649917398407
1.3685632410240967
1.3687887428991636
1.3721097050716096
1.3633002653402875
1.3263671972571758
1.3437161752390316
1.3451142485195458
1.3532386110215622
1.337232673125169
1.3398904017675293
1.3694035939937685
1.3698914905412358
1.3242911607243726
1.3252897001825321
1.3157655670735098
1.3156467348051761
1.3250125149569603
1.3204689866625503
1.3208404263851061
1.30456287645985
1.3094639268131696
1.3165343210275173
1.317617464621405
1.3135712939973894
1.3250587259488922
1.3342844941501832
1.3236292382064199
1.3326327225149166
1.3249943767174395
1.3174096386517766
1.3182008523735127
1.3119171491163875
1.3134095003918447
1.3113786600972859
1.3152712392418047
1.3104906078957597
1.3170972232184674
1.3172493207467182
1.3187465572702788
1.3276547097732325
1.3313002050122975
1.3332605866270086
1.3280502322153056
1.3283247849110789
1.3117269306212977
1.310275261220183
1.3110971896714125
1.3164155930890291
1.3098392568004869
1.351057236599979
1.3168026045308743
1.36940529509024
1.369466005164035
1.3645700482987855
1.355998036233101
1.348542643568628
1.3495604667290289
1.3675006925186037
1.3628274449397921
1.3644773361891316
1.3656504695706548
1.3649505822458932
1.364849788227197
1.370414815330446
1.3490276331635387
1.364070862797789
1.3727671022107624
1.3729856548239943
1.3790843781168212
1.3813468031601204
1.3255674368421926
1.335519833728754
1.3275315787909707
1.3623128206428488
1.3597490980119105
1.3809372379872307
1.3457602550693322
1.3413579830466433
1.3574705675382175
1.360176619919881
1.3670874649937799
1.3216889602640483
1.3297892982185209
1.309737223970064
1.3124984627399052
1.2994889212297738
1.299725649180839
1.3200282597174395
1.3166750499149469
1.3188130279255346
1.3163411899922313
1.3236849281242802
1.3263331285925712
1.321783936267305
1.3232859012817593
1.3275790893300814
1.32777979033833
1.3251739048991433
1.313495923614037
1.313581167986819
1.3591103469704156
1.3185367200389388
1.3328191260165392
1.323284260527462
1.309601390812923
1.314555229745598
1.318253362279056
1.319186536573936
1.362385170133301
1.362262615108215
1.3590110586376178
1.3724535173626737
1.3295468277805789
1.3308631716998036
1.3609806852450468
1.3617372285314697
1.3605224535327922
1.3625858933067319
1.3739245785188507
1.3712987142366786
1.3704702621361609
1.3761132192495589
1.3603983375693116
1.3740771344107097
1.3753606027280165
1.325963950822331
1.3607899527451148
1.342809947130026
1.3439447724481979
1.3509247984521018
1.3497754056463727
1.3554763187276804
1.3497169844285057
1.3478011780083254
1.3553053050631771
1.3438125770242089
1.3523252272591473
1.3461194752085635
1.3444397072758958
1.3658857162613203
1.3483807003268933
1.3430786616223567
1.354471129410618
1.353227679366795
1.3538806622421358
1.3278319187856356
1.3319187924757507
1.318934828213728
1.324764330569268
1.3423169527711498
1.323208998109028
1.3296012692648236
1.3258711416059983
1.325887788914441
1.324683921231573
1.3212112200513546
1.3301207220346702
1.3191013435626022
1.3196957057328624
1.3266143566916178
1.3215826378789821
1.3275595197371688
1.328462191412665
1.337199524136193
1.331720669148416
1.3323438637424505
1.3319164215894015
1.3273107767614305
1.3282259492041537
1.3279177279675256
1.3248299937003378
1.3186617639050429
1.3205102676328044
1.3231925969117035
1.32268508218417
1.3218402004382233
1.338148106540592
1.3433880371667486
1.3380295532273716
1.3349774822209908
1.333190573916411
1.3260730441387119
1.3427226187151937
1.347822306142359
1.3568336151193836
1.3371421487121813
1.328505845621143
1.3260126743763205
1.3349926897360695
1.3324459382961438
1.3324093273883089
1.32947153480924
1.3347085354930306
1.3322429316502007
1.3409221312901787
1.3345981617244078
1.3371166273037685
1.3106820818610052
1.3125739880720884
1.307618061838028
1.3147377120729553
1.2985430452444424
1.301783015341828
1.3015850467329397
1.3049369351823226
1.3044429022746002
1.3106015049763138
1.3341352040337242
1.3625956578226794
1.3672780578463892
1.3572708193353238
1.3156221741332885
1.3151015700573079
1.309834614351304
1.3198471093873756
1.3353675193916714
1.3227762256801796
1.3325519549817382
1.3258079664456421
1.3301917735687416
1.3065676193986009
1.3189544115242193
1.3341245700174515
1.3339880460610938
1.3191951904603423
1.3657228372011725
1.3168252496052129
1.3198445133641863
1.3407077698479213
1.3194532006873159
1.3396790366397004
1.3311743114654357
1.3417269873092275
1.3322673974702284
1.3234924314561662
1.336749223732965
1.3639188537648204
1.3289523004072434
1.3283653179451602
1.3340271836818547
1.338633089893533
1.3248368609388648
1.3549496928795168
1.359901600217035
1.3414271159379918
1.3355424753581633
1.331011615562644
1.3232530264779816
1.3721205813729302
1.3519129874666154
1.32941598451535
1.3351540668927853
1.3388955946656045
1.3300216899974955
1.32422710654333
1.3230085665002311
1.3435266932905323
1.360363095426253
1.3547787996977663
1.318764590387607
1.3349003199608422
1.3564783428044243
1.3269386680894382
1.3386873524674856
1.3599084962219874
1.3463557331806488
1.3638476867311682
1.3718888451505011
1.322973471395148
1.3570939326285258
1.313804586608892
1.3133559581347654
1.35671960555496
1.3702966139328845
1.351134897807287
1.349713546616104
1.3226927080098563
1.3202924645821625
1.3255545879539723
1.3137719421373248
1.3301885012307215
1.3268604128006274
1.331169976998283
1.319219063087392
1.3418106552110574
1.3217012073425891
1.366917064081571
1.3701637694878595
1.3166516828024382
1.3674405518320125
1.3245620261120017
1.3436399877841396
1.377849866709561
1.373540633777474
1.3707996519573642
1.3681927721127816
1.371258936977283
1.365744120921546
1.3663393513325233
1.3754363958273168
1.3825389684248237
1.3649352508117276
1.3555059901826043
1.369953401227777
1.3758783422248781
1.375177951085904
1.3746642828717364
1.3747982312324727
1.3719847031441224
1.3846036947579428
1.3794899061935388
1.3592283844642543
1.3760143322426632
1.3745631240811906
1.372185165748318
1.347656798803293
1.3440437360428006
1.3500474662756055
1.3282142314180405
1.3365729235322736
1.3221060447287845
1.3228828826796015
1.3395302766665143
1.3573115485302443
1.3246749986909339
1.3246711531263242
1.3400992941370895
1.3375136032479913
1.3200620351151506
1.327550668936473
1.346379162335392
1.3459486176485642
1.3382906242157164
1.334585188316447
1.3260745178360367
1.3250273306173754
1.36764065986098
1.3224758572769628
1.3309861699978411
1.334234818644407
1.319546991849412
1.3221604543992223
1.332369527027041
1.3681564366645926
1.3185913108923608
1.3180999729290277
1.3146508551715628
1.3181884760721294
1.3183151980951995
1.3169600512321677
1.369804398715129
1.3175704569538509
1.3318811787310114
1.3461021697018194
1.3379498064722806
1.3249655527695376
1.32755596389621
1.3245375356581737
1.3382061102648732
1.3378589045358285
1.3481392535144952
1.332966845607093
1.3309120715486489
1.337731969249856
1.3347724264453669
1.3475650518043458
1.341814849564169
1.3700541534619999
1.3741301648451356
1.364489105488376
1.3299977255030926
1.3407643596531222
1.3399369678915787
1.3418515721636826
1.3764537455883263
1.3704722317219373
1.3436616149053828
1.358452206773644
1.3569630058338438
1.3495972641616445
1.3438442664792711
1.335292302907552
1.3715193153160925
1.3637654456193595
1.3706131421300767
1.3878151707363198
1.362369464100217
1.3743436211221434
1.3357111395570227
1.3340447074021642
1.328789972204392
1.3203003194976797
1.3150097872972812
1.3201613970038992
1.327714999343985
1.3272354929566774
1.3298533646202029
1.3185189996820157
1.3203766411325888
1.3382990940500392
1.332137773409539
1.330508174913951
1.3143595771484713
1.330934773568872
1.3228703196536964
1.3295866151990317
1.3324121019251443
1.319350960921432
1.3226668590625055
1.3192218100226254
1.3188905151097075
1.320469298439996
1.3203098477359234
1.3182711273138312
1.3204078243885093
1.3175187680121794
1.3178471651036683
1.3153821517248392
1.328305265469151
1.3272225329126799
1.3249571300653618
1.323873120312638
1.3295781051737483
1.3264571423344684
1.3168070171655037
1.3218057353310482
1.3241390931148485
1.3234340959565856
1.319976052711326
1.3162267332404707
1.3137620539343515
1.321697553816272
1.3258046221691175
1.3336589479378125
1.3250107075258402
1.3266004476044526
1.3234673551647576
1.314584229150786
1.313192449330374
1.3161300331069754
1.3671718330329319
1.3247923860287811
1.3335550436273456
1.3202821518387549
1.312975423920547
1.3271793503977833
1.3208583962872318
1.3193460413585187
1.3202800121165723
1.3204008584166933
1.3213577778014898
1.3221616995073164
1.3353127991081584
1.3270343971575764
1.3546053682893795
1.3530930803545336
1.3287481276901083
1.3438612904270129
1.3550680996270934
1.3664068741424
1.3633907401657193
1.3274597643431383
1.3268928578527068
1.3184399013852786
1.3214567157156802
1.3274291722653864
1.331311619444988
1.328442997705442
1.331171900165275
1.325719035276927
1.3252614927674216
1.3644941254330354
1.3619517823531089
1.3600272196719547
1.343785634384099
1.3276302755322014
1.328843318088464
1.3321107349847527
1.362612653328029
1.3588301378066396
1.3401100561538613
1.3495467819190148
1.365092823585315
1.364542271315149
1.3620221947723705
1.3606168910098408
1.3262868961875784
1.3623000732687394
1.3679263782365252
1.3660366357776752
1.3394917743206334
1.3211850233774403
1.3419039072091046
1.3194192696095663
1.3208546518443123
1.3266161705114794
1.320274217421004
1.3277229108471011
1.3106980238917847
1.3130989812679505
1.365274371998092
1.3089499076226379
1.3114759482633078
1.316374544569234
1.3270524298400037
1.3170635553760541
1.3181704163775014
1.3028056902703937
1.316376484510348
1.3230264620059593
1.3154453760638307
1.331236410505302
1.3305404260165428
1.3184281787751315
1.3234854041958983
1.3256516023916545
1.3207465910724843
1.3200405340755543
1.3288874462963596
1.3225374678675341
1.3272161136720866
1.312991577678947
1.3119442402543093
1.3143380234025483
1.3308267309189081
1.3105466470922478
1.3632355477769837
1.3157660071791528
1.3176335654282536
1.3311930747109157
1.3621780873180196
1.3653927793396958
1.3656665143368827
1.341392816635678
1.3510831161419343
1.3301675289244232
1.330771605104731
1.328986346047016
1.3360688559968144
1.3181758640226329
1.3179694239941397
1.3388605805596765
1.3240107295729278
1.3210694846964084
1.3209057143212068
1.3207389563997307
1.3354132680528463
1.3333793423590523
1.3205337890638837
1.3201957518780119
1.3402418264645282
1.3196954602149982
1.3333678501416133
1.321659454631476
1.3240908603953472
1.323084245325025
1.3233154970703382
1.3167371906035288
1.3199577449103268
1.3212888187615852
1.3205308746782014
1.323462487746372
1.3159051577826577
1.33309060155661
1.3686385949424333
1.3597268406874652
1.351563325115414
1.325741002837431
1.3540418315273146
1.3743244818051186
1.344244052924191
1.367721822072713
1.3258810860974573
1.3642345871935062
1.3623529867657354
1.355244754604848
1.3680968624339458
1.3415893398081966
1.3700472331783073
1.3491597997296334
1.3484563373242375
1.355752086466368
1.3598705002542972
1.3429485257957794
1.3435975806673082
1.3319422020173328
1.3310054490518388
1.328536420227797
1.3256239391407505
1.321536235758277
1.3211381084816705
1.330725904775136
1.3278038401327708
1.3330099491078502
1.326760959730683
1.327727853792077
1.3250888023635237
1.3267854141657591
1.323323922702551
1.3274621902741057
1.3273970388625282
1.3300086119103836
1.3278803219195174
1.3271031347264555
1.3279518250989986
1.3709165797615792
1.3686742273667352
1.3647263624151167
1.34824555774833
1.3639115068521765
1.3731096797196718
1.3708947531473907
1.3713096048123241
1.3465043746544387
1.368738833664575
1.3533104745416875
1.3685814181648162
1.3325216361570498
1.3437786588052634
1.3483923210263822
1.3726030836268805
1.33357247624712
1.377782818630095
1.3673893487069373
1.340963400326472
1.3381761978992737
1.3307400826736446
1.3684114179760085
1.3330409511419212
1.3340332149453833
1.331878308362791
1.3335383483677619
1.3303907691595727
1.329657189321429
1.3368663312719513
1.3308579190540744
1.4010368008156526
1.3890442856603415
1.3835290103911568
1.3679768556959033
1.367778547900752
1.368111650668128
1.3677689849610766
1.36662736263686
1.3721626370797266
1.3705634981886823
1.3686982612778382
1.369249000438281
1.3729946270204918
1.3762246441187833
1.3766046925282682
1.364452585286501
1.3471350809580962
1.3505068581961046
1.3414089185312008
1.348651040902503
1.334184890544866
1.3364778394137098
1.3811237314011442
1.3520864530925032
1.3361831456338054
1.3473788537735225
1.3456997390914087
1.3827134969443702
1.3714602021241624
1.3973984600293716
1.3865974384130182
1.3870364142524005
1.3692082945751909
1.369468275661408
1.3690139179853786
1.3679940439596963
1.3643603334397887
1.3548776691238527
1.3540225203561589
1.3557152652232662
1.3532317009239054
1.3760103845106568
1.3917456589238801
1.3808898511647156
1.3650360086826865
1.3680972117399153
1.3683494012346535
1.3689188540664712
1.386761774897961
1.351029727409195
1.3550437849645196
1.3451093973051418
1.357899580059301
1.3477805668924594
1.3512891649050027
1.3569984593998266
1.345347608040736
1.373329630596147
1.341597202119665
1.3484571362162365
1.342516019981133
1.39666096532092
1.3815691233505363
1.3873628599071108
1.3870592183177524
1.3825527526069397
1.3513590150121688
1.3377780821259815
1.3442641094567078
1.369696497231857
1.349409525120966
1.3528125186474487
1.3492879517087564
1.3454725589030785
1.3821892349217013
1.335955204556185
1.3935788267597042
1.3293952556698243
1.335762280260678
1.3382585886616167
1.3340182583747018
1.370666815684961
1.3394636903389128
1.365073415213803
1.3396977824546226
1.3914672475705567
1.3884834481018928
1.3760811249758982
1.3949360032707538
1.393446926316658
1.38948347574983
1.3354510365082952
1.3436973263374448
1.3425880937962873
1.361358811401686
1.379719414688936
1.3854924310136723
1.3915994965416727
1.3651419435347982
1.3809698307886316
1.3320355237889523
1.3675492595694783
1.3676578378228996
1.367889761983955
1.3696968642838068
1.3310433394155663
1.3693324631389145
1.3629804024784595
1.367033545431443
1.3721382231514847
1.3753603706163995
1.3722909689190632
1.3727383972310692
1.370346694064435
1.3468597297229938
1.3457687564844096
1.343579266299945
1.366641467772351
1.3666139353644793
1.3773206783490204
1.370067236122333
1.37632913231907
1.3623978335473197
1.3774373471775776
1.368916340846489
1.36605182763334
1.3698371476595206
1.3843843440307975
1.3281113376484088
1.3376104003613818
1.3343086530758668
1.3347505680656906
1.3624900191284748
1.3617834315197355
1.363923397427801
1.3626798461130722
1.332891804575117
1.330124438789178
1.3430554119253801
1.382729813378417
1.3637736539819783
1.3646238758147995
1.3693389243433705
1.3672209547547662
1.3680136776829375
1.3768689444327609
1.3780972513687526
1.358844491549832
1.3592543825620014
1.3659715591409387
1.3664337569553051
1.3696155550318805
1.3696810150360177
1.35988445466223
1.3543374961756804
1.3671763997967432
1.352402091235311
1.3665635076999727
1.3713066482023242
1.3664083513938767
1.3699168142312272
1.3773304435182736
1.367184361789223
1.3732155623200273
1.3696991980241435
1.3737031668311122
1.378347193140818
1.3656560680625787
1.3660183600488385
1.3668446189760557
1.3697393238037596
1.3684984495336945
1.364690438716725
1.3627982820186908
1.3601927366642657
1.3638087608819298
1.385861392741393
1.3686314239123907
1.368294775576686
1.3719204446566402
1.3690115355528094
1.3724927425555968
1.3689223379812052
1.367962404687078
1.3638894684300673
1.3661311468879944
1.3546509659120214
1.369017067686923
1.3691998649189192
1.3685886888315038
1.3671981773887159
1.3851463979032816
1.3727416705996267
1.3699532903655247
1.366110753138745
1.374139506888014
1.3740755742396833
1.3714425560675456
1.3317158617471991
1.3685826718783254
1.3818379877359235
1.3707614772433738
1.3676060518142519
1.3702031652275648
1.3718816151152482
1.3698877812561205
1.3699486378367043
1.3804413987624133
1.3800894441819087
1.3327450450979523
1.3643274403323875
1.3679993714745435
1.3636220736112121
1.3696141216954534
1.364305214261815
1.3585363627385494
1.364977341996339
1.334199154295025
1.3348798158297033
1.359561286168965
1.366023877286184
1.370992686303474
1.3711005023831053
1.372260825614787
1.3685060985952717
1.3694316010580765
1.3711413104117163
1.3735992405859214
1.3665305759858888
1.3620363828999977
1.3693605143688907
1.3669913563190612
1.365120261196139
1.362057125118303
1.371463256448466
1.3363371340918453
1.3341151643084674
1.337050560770945
1.3327132786390505
1.3700155654985622
1.3684737382638597
1.3650717019778078
1.3681476067233838
1.3584881997806222
1.36781295927101
1.36895853241107
1.3628833244677656
1.3662383592083152
1.3567840091179688
1.359800564125447
1.3601402008356558
1.361235951420339
1.3695999371425402
1.3840570701544948
1.3606076719047753
1.3681659735080995
1.3645836248093348
1.3688608624612395
1.353125251581039
1.3389519324216108
1.3611813524447578
1.3374251990720316
1.3634544142210194
1.3643280239257343
1.3673900600332867
1.365552019369018
1.3715324968109768
1.378532700262855
1.3814197029306834
1.3820308392161045
1.3610384408481264
1.367455422469928
1.3779740146060224
1.3679174514876278
1.381720378037093
1.380564005126475
1.379161764510588
1.3813375850836076
1.3276231295819982
1.3634641947009518
1.3667402930034123
1.3698964274643495
1.3658277601400672
1.3659608335167852
1.3618866328117392
1.368027796001987
1.3333194243761806
1.3504770094942227
1.3382014276534786
1.3878180605522965
1.391041327149418
1.367771098624519
1.3391233241446074
1.3794148922797942
1.393847663475252
1.384308786242753
1.3804565745462483
1.3686078265197525
1.3743625915356177
1.3749884915021164
1.3680826750605053
1.3846056259447073
1.3852095888119267
1.3823733466161312
1.3682402520361576
1.3837640118638916
1.328342126308252
1.332771495192446
1.3328948511273329
1.3309292060533253
1.3833276426227599
1.3822417729088958
1.3835016210292799
1.3859624704746834
1.3330791969244007
1.3792464854434459
1.3733244882496438
1.3693281419141572
1.3797504072402658
1.3696317252367392
1.3669648403621997
1.328106217407911
1.326313705805499
1.3701659071172188
1.3726626718489372
1.367215281642054
1.3667984240111333
1.3554512732279345
1.3136597820581524
1.3631702586973207
1.3621261581364392
1.3733904386543556
1.3773358724683493
1.3760379123504822
1.3303087399107894
1.3677752909205259
1.3681844761290147
1.3791166584053864
1.3786875651454724
1.3322900087473855
1.329356819527836
1.3304473127890681
1.3213992552617506
1.3295729744847797
1.3249823951025128
1.3223739441507476
1.323066081870647
1.349955822387836
1.3478099989141672
1.3697429019141083
1.3411180303166108
1.3519338757528254
1.3489559443020078
1.3724759615466295
1.3806093322617718
1.3610071334639153
1.3640476839643274
1.3668342688789328
1.363139683883855
1.387017563593144
1.37089565494545
1.3771807032448398
1.371893793524521
1.3554759488784098
1.3748443797342154
1.3731101598394757
1.3730037957807433
1.3658934234097566
1.3644738772268208
1.3461024341908752
1.3793659936824498
1.3611758411033097
1.3706012683113709
1.36260221861487
1.361680326772357
1.3711588803636143
1.3794346902589962
1.35182674161551
1.3694339715582287
1.3728813127987602
1.3577698135732408
1.3622335368726546
1.3582164177671046
1.3727571852730054
1.3717867896486675
1.382086418423931
1.3674739443993549
1.367252037695846
1.366360743152392
1.3773171499565513
1.3790007266015731
1.3663575117998945
1.369724983812478
1.3621369878042238
1.3325381984915314
1.370342937956281
1.3685676275434224
1.3763409079980242
1.3678305923319463
1.3688523568651954
1.3657629074126554
1.3658293944850717
1.386019341736382
1.3880882305627682
1.3686924394223408
1.3688039944811385
1.3687968375682757
1.3659903606226242
1.3732144794971701
1.3686467198658727
1.3709029821390126
1.370879013098698
1.371112658021381
1.3720743172160508
1.3675199240275693
1.3390744823252745
1.3645266669241545
1.3638533649467828
1.3740903976196965
1.3683959726782506
1.3729989237925353
1.374529729594817
1.3694613675805407
1.3813748426219914
1.3682609997033042
1.3610099861837497
1.368142223933452
1.369800246657159
1.386584103610454
1.3915054431295544
1.399979698229298
1.3930386419851377
1.3576056749195302
1.3567708876065803
1.3739209500647362
1.3837001253595318
1.3707445812299044
1.368522598735919
1.366946763855756
1.3939061189944497
1.3853419434344925
1.3829630670485469
1.3331243995489446
1.3353214541761451
1.3290764552432872
1.363619981810088
1.3637419525158225
1.342600646134856
1.344376894123244
1.3494748421643514
1.3685511633358038
1.3742853229872032
1.381629636470723
1.374397928724952
1.3375437315193854
1.3367849716831604
1.3370328798083744
1.3660516693291398
1.3608094593172784
1.3638257468008617
1.3700878156675569
1.3686437031765755
1.361048793163395
1.363544537301397
1.3714631058986213
1.380725158931608
1.3859740795441895
1.3602425393347195
1.358305297124252
1.3133521105562862
1.3260681272798953
1.3235710472036235
1.3420865145169256
1.3445981373978932
1.3405920363750126
1.3444486409794907
1.3178582460820856
1.3313894288879644
1.3803776214441448
1.386282827806205
1.3839780167423807
1.3701344902210397
1.3676304538055164
1.3687012846781275
1.3673791945139608
1.3801098273005696
1.3871062981629048
1.3352688252984224
1.3305508565878275
1.380098619261932
1.3833135828087897
1.326266281044076
1.35878243905179
1.372745883300264
1.365742886339491
1.3351543813241806
1.3430443583183809
1.3810529487541576
1.3691510312231148
1.3834359180587217
1.3828753165670573
1.3691315613273376
1.3991307608588275
1.3798972474685758
1.3823052835112168
1.3841025043898088
1.3857096670648996
1.365295863154244
1.368632128671973
1.364414851262548
1.3750527805616042
1.3476449962022388
1.3839697984503894
1.3267658699440794
1.3956241656339898
1.3844910612169334
1.3483343198801847
1.366711569696107
1.3771695823336687
1.381410409222002
1.3639010408775134
1.3612907544504615
1.350206072327557
1.37219941497135
1.372988823693255
1.3464172487628638
1.355032749032356
1.3775551172929787
1.375321771508583
1.384401634483831
1.3921942032970587
1.367247215548741
1.3811392927107125
1.3765045153150446
1.3704338876244755
1.3803148525796547
1.3785688577938384
1.3917404748897608
1.3854707358709897
1.3420298724087278
1.3943180686381804
1.3930041043365755
1.39206973800647
1.3903879704875126
1.380080766158341
1.3804673548063278
1.3763641896706693
1.3664362456595889
1.3827980189297642
1.3688286369182634
1.3824517570004213
1.3781574103052276
1.3751749594025855
1.3856515482469958
1.3873686174975055
1.38952276998479
1.3910892897681486
1.3608799409332168
1.3640094661309843
1.3849431143221007
1.3925440246349947
1.3828509928297847
1.3811618962926537
1.3809082004243132
1.3802670362673353
1.376415152456326
1.3618047366549195
1.3657685000656448
1.3672901002697033
1.3760076556619525
1.3694737301418574
1.363937988522199
1.3764502082252297
1.3734143432615649
1.342648052153219
1.3636594533065993
1.3586484522929057
1.3613541128716742
1.3601393031914752
1.3686183024663106
1.3799615416324595
1.3789741533912907
1.3765695250237235
1.3677642852752385
1.3678860936655712
1.3654869172208286
1.3780404211398032
1.355052108862039
1.3485703485363005
1.3416110954938465
1.3436060963123015
1.3468118040231627
1.3803963872269505
1.381597826775455
1.3610582894727945
1.3496404224164553
1.3323812677036713
1.3446405533021326
1.3679886314662624
1.3830452726957705
1.34582509108676
1.3788094145676733
1.3613379040423208
1.3588170348426474
1.3702299309667323
1.366146567501337
1.3663960212747197
1.361669396804817
1.365451050754573
1.3651062696036276
1.3663331794953615
1.378960187844932
1.3842682941059625
1.3767612341181406
1.3785646235162556
1.3667749221461754
1.371679988245773
1.3623212410387606
1.3676447831938812
1.3650837799532636
1.3631569166302608
1.3698527296961234
1.3799089349193656
1.36797093278987
1.348470508325697
1.3739236941213941
1.373884311318735
1.3757807537437152
1.3869664206870784
1.3811456263429829
1.3800288739783033
1.3826098995035372
1.3794995838466204
1.3641691899647175
1.3641892763472658
1.3775070074862286
1.3835621905970685
1.3637508645138507
1.3601863350920451
1.3581789868876462
1.3861621173369703
1.3772871980623604
1.372854373808854
1.3650291834498374
1.3784071319793405
1.3729526845564872
1.3730156930533446
1.3796121470222882
1.3677005249476764
1.3724229554138307
1.3743356691861313
1.36251265366247
1.3817754792949464
1.3786694962069403
1.3630790567846904
1.3729757509205431
1.3605962542714498
1.3660414231339721
1.3563458909425379
1.3608532059102991
1.3650198456704348
1.3605397655976
1.3641706316865356
1.3585499472345561
1.3479101590023468
1.3737219614644507
1.3687392770730717
1.3607203979535647
1.3545536880916043
1.3722939962657805
1.379099289322674
1.362580026271678
1.3579981299872697
1.362716889790661
1.3603753511720766
1.3621222877890367
1.3571522602248314
1.3581566371114928
1.3640345290207643
1.3411508927893945
1.3434994231994295
1.3493104673657523
1.3335220450389365
1.3641877687002335
1.3616800805995688
1.3638269645521033
1.361097036799097
1.3655437375252317
1.3721002051460074
1.3750951690874487
1.3669049796302666
1.3300764581606956
1.3360425516823076
1.3239584328321952
1.3617345203625524
1.3356608824310687
1.3415724502201127
1.3378987887428697
1.337652855011612
1.3698196263733429
1.3730282237263591
1.362571004911057
1.3698710477845906
1.3618343811357772
1.3617825868326745
1.3643562204362092
1.367960125701372
1.338682570855958
1.3429445249503067
1.3249568150690454
1.3365678432986046
1.3699271774018957
1.3677309757924134
1.3694383566559627
1.3371648460504
1.3634273379495332
1.326709700604109
1.3565983789629366
1.3595950845237006
1.3673363892804336
1.3702548131065033
1.3680261040820507
1.3475635565244009
1.348961777669962
1.3455540405829292
1.3439934834097238
1.366143633786311
1.3269061783619016
1.3186201953988246
1.3480463322949179
1.3360399626467716
1.3673785130488794
1.3270388056985871
1.3582558259463071
1.3639467350302736
1.3681199612313617
1.367089325982198
1.363957918438019
1.3629873071590632
1.35586074126602
1.3548968505490575
1.3251832834065695
1.3447193427306952
1.3237685327902402
1.3746347439254132
1.3334141323955675
1.3421488098033734
1.3356104920504923
1.3286590417678195
1.382346352655676
1.3705133320547465
1.3848658836732863
1.381509517867022
1.3766950188518083
1.358227417102463
1.3709210361406623
1.3661353814166648
1.368394616499108
1.3697840024883925
1.367995520715843
1.359482600452201
1.3692791231566646
1.357162907929072
1.3894122379719989
1.3280465679883908
1.3706242170814988
1.3342617718609484
1.3927536271657521
1.3798600519678499
1.3866412712462015
1.3682176987510193
1.3727955038691078
1.3727917444558762
1.3644342801559932
1.384799386444344
1.382864477646851
1.3743161829458037
1.3761550719531714
1.385340679206381
1.3572600891461393
1.3673215628401536
1.3723139013702081
1.3696099478389328
1.389800138344604
1.3820855520039739
1.386410423192713
1.3763930538049547
1.3695476839134393
1.3684291770245618
1.354842898260008
1.36046235601483
1.3616515336039188
1.3662626175667132
1.3657333786137804
1.3727027131207195
1.355675155583811
1.3673184543150432
1.3606214437386253
1.3699861736613543
1.3892751953923392
1.373494998691523
1.3836529199562038
1.3916255286772903
1.385992811251287
1.389073683840437
1.3718864828796213
1.3811786361681697
1.3815009912396268
1.3794895369185538
1.389675723598458
1.3896336014603692
1.3256376547874593
1.38218765646863
1.3767946588863909
1.3824081901673895
1.3400348654518834
1.3825343429440367
1.3786599960903312
1.368070108751816
1.3659262947468438
1.3425511996976986
1.3324414179452075
1.3875760009497153
1.3601074334545527
1.378128923624365
1.3845355913113737
1.3817245270433616
1.3805679280042122
1.3908066485052228
1.3698431726150353
1.383545098691978
1.3939313139117544
1.3783226414269134
1.3795107215525617
1.3848811898656024
1.3812582050198656
1.3855067036850075
1.3661733027445717
1.3264242359128617
1.3377257402787022
1.3281137886289283
1.3599075080209617
1.3613204198790771
1.3588568275308415
1.365018627655021
1.3940040058381142
1.3806096714817404
1.329717492216554
1.380949392973966
1.384813860088578
1.368099187090073
1.3658758117345933
1.393182217620817
1.3327966800188193
1.3413323878746417
1.3592905335698668
1.3358712734306637
1.341883945635244
1.3691011651181977
1.3444694196760687
1.370795151141742
1.3667557391469052
1.3752975801206015
1.3725863043290978
1.3550088798408277
1.3508117638596588
1.3686946851468722
1.3331564215993046
1.3767343436969814
1.373488466187531
1.3377356095610105
1.3622022890743786
1.36327538709284
1.367382318504405
1.3587275455240992
1.3645076127494138
1.3630876395748721
1.3684810023518004
1.3502910292671453
1.3703617524839917
1.3638901016143559
1.3751813367072876
1.3672931206040135
1.3373831886337155
1.3517174704511
1.364193012676938
1.361930081403004
1.3835379575285485
1.3743753114759552
1.3834973394683021
1.3690885320626076
1.391453046252542
1.3626519269915969
1.3845687044285147
1.370244787886689
1.3717791263060128
1.3793239700903785
1.3721606017038697
1.3710330420313517
1.369087526724461
1.3798563966965498
1.380485856797947
1.3791802091891674
1.385141238706545
1.3368454449246951
1.3828415463797072
1.3807883132924976
1.3683507606675038
1.3618465271028524
1.364817906357109
1.343899169142457
1.3633378414690842
1.377175699347329
1.3706003061875924
1.3715067500294527
1.3733109020212702
1.3655800936882607
1.3950506881916749
1.380754133164946
1.3787453698873375
1.3657193654642856
1.3649036463524076
1.3623316336879239
1.3651323533201487
1.3375800787452108
1.359587207312633
1.3658755675309522
1.3621534243858553
1.3784693329394062
1.3818440095406512
1.3791225757856078
1.3670747354150372
1.3689583134402274
1.3634668038746909
1.362572647483237
1.3177398610396414
1.3262367126188532
1.3216703200883397
1.3222223668324067
1.3579250428378156
1.3562855319731144
1.3319858350793676
1.3835080084659075
1.3678326911393688
1.3784573271777112
1.3671393325567032
1.369160089142301
1.333752023093309
1.3301697776772121
1.3631769890981769
1.3454699216075046
1.346415416597312
1.3810361033147134
1.3846974662242966
1.379999615552546
1.3829401027701302
1.381723124391161
1.350574075142888
1.3486239307878567
1.3502444496264592
1.3318104927231718
1.332184125485629
1.3306032609667158
1.3619281576064337
1.3314706350003769
1.335415382300846
1.3339056687409678
1.3701713559100035
1.372812015322675
1.368893600334355
1.3751055172355617
1.3539332450558448
1.3516886592718849
1.3683158137855198
1.3590881789402456
1.3630488494215118
1.3761604460498071
1.3786860552827547
1.376323943234079
1.330862372109529
1.3366926010085358
1.3569158061099036
1.34676686857043
1.3345850898610851
1.3386036033912272
1.3341509166415564
1.3653251953975951
1.371420891314114
1.33282259592416
1.3528704250341188
1.3321374496661602
1.3684142186926904
1.366440302519522
1.3593871822075012
1.3681928750530417
1.359867838971565
1.372868983877399
1.3698620343142733
1.3658303713524962
1.365676720406014
1.3340249022326343
1.3811131059750517
1.3835057698332136
1.3662474652331564
1.367680096575729
1.366785020656788
1.3693415543043674
1.3396750879986805
1.3392473856872131
1.327808791555527
1.3207716369108469
1.3332589907377839
1.3376329986805529
1.3278151107548566
1.336194942079083
1.3265785020072824
1.3418141968793837
1.3755317908936298
1.366908086567318
1.3485593821232864
1.3707806785531758
1.3660120912037366
1.3683163866273564
1.3721042120216127
1.3497450826781463
1.3821301844615885
1.367213367613074
1.3683109541448564
1.3704100190276474
1.3697707422820227
1.356819237450897
1.3634586032751213
1.3343528511304916
1.3524968327137379
1.3560864786292917
1.3604644954910632
1.3357718973067179
1.357615122542912
1.3566871823947173
1.3540453849521992
1.3675179294903632
1.3801411370801204
1.366889115944044
1.3496931489552761
1.3520149283854894
1.3631570789484833
1.359495527786167
1.3638285880362242
1.3590994187208565
1.3651867265518416
1.368391547610299
1.3667916514671574
1.356351005628552
1.3574116613657503
1.3636589448288658
1.362753488459923
1.3689454058358135
1.3711924249732201
1.3636292955690956
1.3688463175418397
1.3685729507505031
1.3575396628722562
1.3699244666259374
1.357976109073057
1.364255828634517
1.3772880146126096
1.3748190321187308
1.364966835196089
1.3696999381367936
1.3747113890090816
1.3611727750829128
1.3658488554258383
1.3424446773121304
1.335320840964617
1.3433865945140762
1.3610553397174068
1.3491708226103338
1.3579212746592022
1.339096903514382
1.3378934631417114
1.3685288980451864
1.3320476415102402
1.3264643748435379
1.3339904204203314
1.3241470492669154
1.3459739118108007
1.3393309166007556
1.336254677013237
1.3312958238282209
1.33113637942331
1.3310489864890438
1.337649584317665
1.3341998791108243
1.3652238345692116
1.3683061549474997
1.3712779823519283
1.3832438025489133
1.3658718275222603
1.3438470701106753
1.373435894762024
1.3611469368640032
1.3649119375505365
1.383818276420307
1.3604219742511652
1.382370990955142
1.3826072006660473
1.3836248136640512
1.3817462190946947
1.3821794517191608
1.3350898863890148
1.3378800535523352
1.324202811230095
1.3516694898954653
1.3707615390340653
1.350883449665992
1.3291673427213453
1.3263358872568156
1.3225221876003321
1.3386103661654365
1.321421873320465
1.3243350239275569
1.332403768967846
1.339410336813695
1.3436897474571527
1.3256673493090783
1.3310228391736374
1.3445988822717103
1.336359708046119
1.355720386067578
1.3370596454144696
1.3405682784520523
1.336316858602203
1.3338538680631846
1.35650704665407
1.3411054385631225
1.34192777258631
1.3696946947158768
1.3578066073201476
1.3614525957737975
1.382113403453284
1.381129149825843
1.3702292998588912
1.383517342330494
1.337788515117155
1.3586970631909543
1.3719256626807603
1.3539899944611649
1.3551639465091843
1.3612124345058252
1.3590164699217646
1.3597715354722062
1.3714409164632544
1.3540281245937307
1.340221723192807
1.3739092211277864
1.3695905006464968
1.3893610195828918
1.345478785988083
1.3798344148333255
1.3722898141762698
1.3469277538869333
1.3430460659997483
1.3417061228541882
1.371391926061119
1.372898138846606
1.3315342533668963
1.3339881204549664
1.3352776632888903
1.3655002179625062
1.3588579697808147
1.3825416100195165
1.3830515597334843
1.3414577989318748
1.3382862932547328
1.357110334413157
1.3532026408767384
1.3553454758682009
1.3597844174908915
1.3789677642550193
1.3696936748644177
1.3526121149717487
1.3720940749780466
1.3564842315031298
1.3496111533460196
1.344165401415725
1.361699447837464
1.363666078144971
1.3224451519268656
1.32281224646045
1.3762574568690809
1.3877570354750868
1.3901238799993123
1.3779881546446089
1.3809903638837642
1.3433518291693274
1.3349059738937374
1.3533398518977802
1.3761838259059318
1.3569645134356703
1.355108466705294
1.361755162635008
1.3353803123316517
1.3353443339920266
1.3360518777598518
1.341071092732051
1.3360569500639088
1.3377224181323013
1.3710588965790318
1.3484456625841887
1.3747349772354358
1.3851389203930724
1.3843914762117635
1.360501429322342
1.3476534006473853
1.3656719137465219
1.368470748772482
1.3483144754873386
1.3736082310090145
1.3646398105485409
1.3832871534072513
1.3465231056360276
1.3868303007555849
1.3719649945017423
1.370636068419017
1.3790959256146973
1.3697604836312607
1.3883562500440998
1.3945361488186498
1.344957767361482
1.3718384105859938
1.3781859298494465
1.3511614586136331
1.36313254347372
1.3700989980293174
1.3835807794885526
1.3724165375589612
1.3566088008215167
1.377048437897038
1.324635460740037
1.3807604766587582
1.3769424487191861
1.3733588749207697
1.3720933459143123
1.381748945881202
1.3865117056376426
1.3814626070761626
1.3945284306570227
1.3792129095117494
1.3794547508307993
1.3556614579264061
1.351958571673082
1.3839745156959748
1.3867289217839316
1.3821796738606829
1.3816919735033948
1.3913279394606393
1.3704633844884886
1.3731977829465964
1.3948552045064957
1.349072550237508
1.3690418371303605
1.3706199522061262
1.3836951035054632
1.3818565703008396
1.3723833961908263
1.3484438414186029
1.3386908309290724
1.375143924268716
1.3343089502842873
1.3837481008078696
1.3774673654800698
1.3650029595593143
1.3459778794419959
1.3745234380059548
1.3649042154826234
1.3608082989558086
1.3716398782671382
1.3286223535208603
1.3560390727157159
1.3475187033845335
1.3802397412874905
1.3877757916259843
1.3360801212367361
1.3376407109513884
1.361951302793576
1.341276920415833
1.3345341117393108
1.3309309720866254
1.3697352773370397
1.3891626982251033
1.3916578947264675
1.3871303486643711
1.3810439670609393
1.3240051308950593
1.3468951533973994
1.3691892175683256
1.3776389229117265
1.3652176210482105
1.36480026335563
1.3578703328611168
1.3607691249356952
1.322649107281769
1.369139723093085
1.3483881622506162
1.3344757532687859
1.354983148638908
1.3522849226731948
1.3850329222656168
1.3674208575692117
1.3510941593747612
1.3546448091988192
1.376343864910752
1.3469863632271566
1.3333287193579486
1.3584785369060266
1.3402716211941286
1.3381153042136116
1.3397224839088455
1.3267999867676303
1.3465817524031316
1.3306341828213406
1.3381287904809387
1.3403492338722927
1.326379684799473
1.3321655764856386
1.3508085751533234
1.3484652604324447
1.368511960606339
1.3582242112978713
1.3374703108536434
1.3286905216307003
1.359407944226025
1.3664239376382077
1.3629045076761956
1.366605224754397
1.3405243194841436
1.3264271450239353
1.326734068353481
1.34016308908768
1.3429192063566993
1.3575997157329251
1.3386931657049665
1.3741314982433843
1.3849340912244545
1.3501393998024052
1.3469835976568636
1.339973815093586
1.3697254262502279
1.3613762612547975
1.3628577049542534
1.33597036913886
1.3560250034622543
1.345977469393613
1.3904702995222882
1.352909605735969
1.3715230400142955
1.322358307890493
1.3280557151185357
1.3279523979608532
1.3305085906397458
1.3363630840221408
1.375102892215649
1.3939039815986667
1.3316584101571807
1.3723140360758717
1.3744076992102017
1.3562016708046662
1.367427066494425
1.3442832266060116
1.3581345915094931
1.349853456722425
1.3434216694947525
1.3811895953182736
1.3815704931799206
1.3242078621421896
1.3384095852989006
1.3393017406020589
1.3324714970589566
1.3318932233585672
1.3264856945924777
1.3786407743087918
1.35601638467462
1.3320676857133789
1.326368776157292
1.3245789373698942
1.3194736182165192
1.3280195129069665
1.3258135980096317
1.3364002110063222
1.325873027368699
1.3520406470489676
1.347741140639707
1.3601549678036724
1.3649123223468433
1.3682188756838611
1.3675063725030066
1.34171121395948
1.3805908166165113
1.3488671662510834
1.3702343046070427
1.370576857708632
1.3706475218177154
1.3683687513149947
1.3387421616477042
1.366569509273993
1.3584456605096409
1.3653535599895814
1.364430876493692
1.3470403119102676
1.3440747340503092
1.356843955644086
1.3640819249956446
1.3615864767445633
1.3683109886775093
1.3637179746794648
1.3654625051129572
1.3680107409897984
1.3315381768236505
1.3660955251818367
1.3766936342539229
1.3613614466638655
1.3279308024949528
1.3845065960651057
1.3697507154860014
1.344982561576071
1.3702400278634952
1.3350234973153348
1.3820771683368727
1.3614772174369845
1.3817759683734891
1.3653492175018234
1.3791285748319806
1.3695316111591618
1.3808951245372265
1.377905980728118
1.366839010741677
1.3634751367262594
1.3691362072946998
1.3637121136310546
1.362802267356501
1.3638819119278935
1.3696383824389955
1.380146448793493
1.3638369159879988
1.3665539793373245
1.3781009197404666
1.378382769452699
1.379175462067495
1.3750918085292367
1.368487203399257
1.369217723959894
1.3726266261344882
1.3669904636909265
1.3663431700378375
1.3644066418400327
1.3657484780003792
1.3706389917328783
1.375812813629964
1.36879967998441
1.3651369761730037
1.3359907766884798
1.352546344099517
1.361958211213608
1.3807892432613238
1.3679073608418602
1.3347459603788923
1.3307686257988183
1.3389029946466884
1.3378722319697658
1.3350701111525238
1.3342703489985432
1.3257482530317632
1.3345935404926068
1.3334163302329383
1.3736764352400748
1.329810974631769
1.3671151494295803
1.3855631877028391
1.3813710634137546
1.3670394167810618
1.3694548977449248
1.3682049984083349
1.384079889906332
1.3718873320959672
1.3632089173065598
1.3891564118491522
1.3573403299756766
1.3337077476644554
1.369422708105197
1.3267724809337187
1.3416298507081408
1.346239752812173
1.3278106092273037
1.380146229079516
1.3636164148880243
1.360816530582021
1.3930446978710347
1.391182805904002
1.3919776508257657
1.327222014916275
1.327191124052334
1.3813110102332613
1.3511620799241373
1.3756686988734215
1.3157670312703253
1.33686931487904
1.365394962799969
1.3792040534237138
1.3380000564442045
1.3352794208938519
1.3720921212606616
1.3399015340481686
1.373974199696438
1.3250447452458158
1.3152230105991962
1.3205688900960555
1.3661313350066733
1.3747568824822267
1.3809741845334225
1.3498937113898073
1.3723657801692788
1.370515829679597
1.3616308348996393
1.3607841953515898
1.3630681221145613
1.3606432211343948
1.3704049971657761
1.358041736988615
1.3596398379249504
1.3279165753665674
1.3253438079148103
1.3713547518622213
1.3581707830553282
1.392705543605919
1.3929935899262453
1.388465003513059
1.3862267253120615
1.3932812915096833
1.383229035104401
1.3941909827241754
1.3709032167509527
1.366169921053144
1.3801156872969436
1.3862908922895563
1.3855031078702604
1.3844619966410217
1.3889214068281022
1.359415385977697
1.3585429495487678
1.331633239975296
1.3394085736055832
1.346407141005722
1.3336242850644093
1.3680006334112353
1.367442390149242
1.3445219915942628
1.3468694547930542
1.3457927023827119
1.3544614674131104
1.3920604451552392
1.382991641658584
1.3632131403427519
1.3635985171094818
1.3250626211234324
1.3242973748586695
1.3564710888055935
1.3578977450954854
1.3642236063170368
1.3676923776847834
1.3849532550081194
1.3643254877259854
1.367035482819489
1.3685951589411118
1.3635144359359452
1.372984936126949
1.3693887181073194
1.3685596737301176
1.3610044326159925
1.344177373553124
1.33204134544208
1.3651188133825751
1.3467875015171622
1.3430433589344442
1.34677219286381
1.3695409606017392
1.3454253280967603
1.3611928917964518
1.3401622801026083
1.3737355608241133
1.346370695995379
1.3822669012198563
1.381278362313229
1.3923499503448395
1.3927129326696903
1.3608219028375483
1.3648430364268664
1.369967921744644
1.3755221689163188
1.3822949214004283
1.3466741814096341
1.3420988623029637
1.383357715738995
1.3872550306521205
1.383616529401122
1.3835540110546771
1.366190139246279
1.3354591134303622
1.3485398435969722
1.330225940271677
1.3477599830633293
1.3793340311648847
1.3687701025342887
1.3641451202905592
1.3607824835840168
1.3951809210821695
1.3655175161170725
1.384069678442803
1.3654180969390293
1.3649558139027196
1.369882838428608
1.3644835104921547
1.3903630173544526
1.3333236409846623
1.3527691345116541
1.3638444656779343
1.373578092039003
1.3859799777409425
