1.3331637843068862
1.3359692663635019
1.3384869412339848
1.3373796854291065
1.3287696852401811
1.322367708324624
1.3234474848497668
1.3277747173899423
1.3254061239847783
1.3269799559676463
1.329908650242817
1.3279299718641644
1.3271327269676834
1.318573494467576
1.3298674137642144
1.323012539239881
1.3195591518548713
1.3191548159716358
1.3295725433295564
1.3297067823727913
1.3266115113845296
1.319206208974546
1.3355090197067905
1.3244640782722763
1.3276242671948528
1.3189683320323493
1.328689721502533
1.3319481415071135
1.331693027627196
1.3310593658327226
1.3328020997959624
1.3332021247539296
1.319946318955175
1.3306559057908949
1.3306199782712194
1.339158486172568
1.3321898182761291
1.3251532476975818
1.3251279266583214
1.3309999034601576
1.3152033104572105
1.3249044722109973
1.3266033460656055
1.3209212391607132
1.3211714897413773
1.3186098051368502
1.3113265821132802
1.3242973445446553
1.3180399175443567
1.328462382572381
1.3385068063375967
1.3198762850783792
1.312774105266952
1.321780227477903
1.3244845928159117
1.3143398018945964
1.3204337530456205
1.3267001062664994
1.3127964988946899
1.3139737740922797
1.314028270005777
1.3208840727247562
1.3188598249022228
1.3174347621347782
1.3248689258082404
1.324546789210941
1.3191495130063138
1.3201886145197106
1.327176917611274
1.3212561634445648
1.3170220752423245
1.3283821851334823
1.3212481388491926
1.3270028070373794
1.3229136121535099
1.3260383920253305
1.3199302639429187
1.3310105925761377
1.3224295582050558
1.3208154101133092
1.3219591680622702
1.3369278500167259
1.3252869565190064
1.3341391983638977
1.3288750862697214
1.3237853226123635
1.3204401333140345
1.3236226014174293
1.3147191394404572
1.3347572484736274
1.321853099222738
1.3209083868328757
1.334889686778283
1.3258905206126987
1.3108650159568784
1.3246280286124885
1.3302372176849648
1.318419734772263
1.3210168835158873
1.3344688783472551
1.3244992658238328
1.328750972388014
1.3298078524963244
1.3238729059415348
1.321220388980856
1.3233651850956367
1.3118349935026379
1.3242365575280135
1.3319522115660227
1.330895446014157
1.3087092642722595
1.327302590673427
1.3254794204087237
1.3315727068616785
1.3435853120677563
1.3280730882666656
1.312174924380593
1.3260436275345604
1.3228402925563278
1.3163364847994317
1.3192931997803867
1.3249020226658845
1.3257933636584134
1.3241346102970248
1.3129278002660192
1.3377069653106028
1.3115435888857803
1.327836730335604
1.3293381363646866
1.3173603834967071
1.3292240630009022
1.318472894220014
1.3271616759046034
1.3176231536124146
1.3075939723274614
1.3258489845143913
1.3368667066004554
1.3490413262791634
1.3268813974715337
1.3095128868444776
1.3278324517538866
1.3118177571747174
1.3190026989778199
1.3233959308247405
1.3258650855600602
1.3183630597434128
1.3199348514685518
1.3125081347570198
1.319071285817332
1.3178588152873654
1.3257333247515672
1.3212448466006188
1.3179128156502293
1.3142544431635081
1.3215577550318978
1.3216309818494356
1.3471641673861563
1.32244889541539
1.3223948495049649
1.3434309395251895
1.3287564098176945
1.3280033925124595
1.3141438311143705
1.3448830793034015
1.3022443243306305
1.3210385872655788
1.3255479156327503
1.3225593100475213
1.3197404113409728
1.3087584445302172
1.3193426121590421
1.3102471747208688
1.3236973815025037
1.328960150138537
1.3249148759973421
1.3238164697469543
1.313739279620703
1.3236705712388803
1.3233388558966979
1.3156637356913055
1.3086192457632038
1.3184815307671351
1.3089963153329753
1.3308599694935184
1.3248463196539517
1.3221930705544231
1.324235943857643
1.3217892117829055
1.3222750969064316
1.3320840234045892
1.3283525751111525
1.3293885951724458
1.33445872963761
1.3222524262664745
1.3260747207193717
1.3236358603931537
1.3044486626613474
1.3088086999610826
1.3306262394039412
1.3367562114138094
1.3236739592237055
1.3306781474026215
1.3316535631479416
1.3308897921733098
1.3055423590721753
1.297201312090615
1.312193355492582
1.3311695135169126
1.3263551679956742
1.3312799967921618
1.3284766393568934
1.3303833087042765
1.3105213682974142
1.3327257149609508
1.3381396038761244
1.317397139120299
1.3266626514997766
1.3309101725993626
1.3312287023899092
1.3352733229557843
1.3342805751645097
1.3140898120154405
1.3379650386787576
1.3291784333986891
1.3279490560799763
1.3145948520338757
1.331587483400813
1.3257741658693711
1.2978279964700101
1.3358000111448165
1.3057266739982976
1.3370843264454846
1.3306166444157408
1.3268155264803017
1.306122196089322
1.3307498530130004
1.307203110806393
1.309199159598635
1.3086588689706842
1.3089658194603766
1.3027206971791043
1.2928317956883486
1.3117160764385982
1.2996951679482174
1.302621370507024
1.304154566924995
1.3083547275106837
1.3223881281350431
1.2968063887431833
1.2990323685719152
1.3349967787904704
1.3307931395584278
1.3372566228562004
1.3300754236517456
1.3375062243040423
1.333647462664126
1.3320617687073306
1.3324033653805498
1.3166209879741217
1.3248247993187823
1.3141988545691148
1.3087451476971845
1.3174008377434847
1.310188787920409
1.3210455532209469
1.321930730080892
1.3228308517500826
1.3145911217046327
1.3101556103373033
1.328454999832308
1.3279302581199948
1.324626993886049
1.3162640662746339
1.3233846574459818
1.3243704697119
1.319533035263315
1.3214598339010548
1.328034540047856
1.312382554547581
1.3116821601222224
1.29833060012291
1.3061383843375665
1.300397715266101
1.3118379292555926
1.3090672809963073
1.3191529912327185
1.3184555439173542
1.3200737454234233
1.324331126450133
1.3201792087772553
1.3139555312026057
1.3209772252615297
1.3066099555302497
1.315728325935482
1.3231528756873927
1.31257233425985
1.3136616558219318
1.3282171114205974
1.3317499145982512
1.324068466429098
1.3219303867915078
1.3318941941811262
1.3209735263956826
1.3187180478676488
1.3349538664592073
1.3134012661884988
1.3073557201037973
1.303757233624629
1.3112296652340072
1.3201427157101104
1.3175736875372104
1.3172677420063834
1.3127201180806283
1.302456813005703
1.3280752514302863
1.328702066210625
1.3267990925316009
1.3111236591974604
1.3342222343231238
1.3250111685886132
1.314312024427675
1.333196500199824
1.3335072990059822
1.3379527826717985
1.3363088352676966
1.3194156591685002
1.3244041704983303
1.324143643890442
1.3232177024547038
1.2967460391310832
1.2990055297252112
1.311741978842071
1.3193874651357225
1.321249615430917
1.3283802960223323
1.3234118493450413
1.3242328905211982
1.3197666024384815
1.3093290317119892
1.3200031488496464
1.3195287414164234
1.3007679869207702
1.3234339637045838
1.3078743388445806
1.31389834109715
1.3270809520482407
1.3292478733996034
1.3237355955007057
1.3185248467440844
1.322479569454075
1.3258092932447072
1.3260126612973888
1.3123448380577665
1.3080283412548015
1.3084822051399065
1.3059855335039794
1.3044597983503514
1.3104397062402888
1.3055200596198286
1.3194338128823055
1.3270150946841668
1.3237744253257033
1.3225577994112325
1.3234482248675914
1.326091545564131
1.3284725447751786
1.3050412477381113
1.3235187283136332
1.326191486368383
1.3250337900885687
1.3157265354713958
1.3305072761703645
1.3292076030767455
1.3171138139266771
1.3245901276441194
1.3260542386935397
1.3243309301179238
1.32406319961583
1.3259484012954421
1.3240048865928742
1.3191635314065526
1.3098851818845294
1.3263196654069362
1.3308317173410362
1.3314285282583667
1.3240090300487173
1.337477212912193
1.3115765247715314
1.311386742585726
1.308897687088819
1.3038107047499468
1.3181585184307745
1.3208409189777879
1.3322910134493022
1.3265633117988023
1.3258416627457514
1.3302125076513456
1.3090048165656394
1.3149177405247732
1.312811380770317
1.3129594925878645
1.318016002848922
1.330039134084723
1.3155249800873021
1.3166282107039047
1.323165824808089
1.3290157078998825
1.3271307118129136
1.3373061756506883
1.3294438104431752
1.3281971719490107
1.3054004698243518
1.308795890974709
1.3114650269141452
1.3088932050131146
1.3072798514722466
1.3073711254175084
1.3260146198993095
1.3185736196398226
1.335281403188972
1.3408792388106603
1.326602455581199
1.3298687703738084
1.3082118968747418
1.3096711587980778
1.3221050041407576
1.3225709757020387
1.3064572407782231
1.3169026322490072
1.3195455412172012
1.323205390818151
1.3162577047899109
1.3273231396603833
1.3186431315415332
1.3085838367445315
1.314475268359785
1.3090799016058425
1.3053424651839665
1.3284070507326098
1.3195056116539177
1.3218178693740923
1.3278357685078728
1.321681769373547
1.335445483719108
1.3318373992293684
1.3166519672112518
1.3266529602298454
1.3324983414404514
1.3146453083070093
1.3168662282728754
1.3158010529521702
1.3161917287096176
1.3098477619317197
1.305630857268868
1.306527724230413
1.3061317154542007
1.3014060469514415
1.306095782343093
1.312718529566629
1.3266202987775693
1.3288854545974982
1.3256320598402038
1.3285689985726026
1.3256552315847918
1.3192984768326972
1.31974234823691
1.3058702582962676
1.330373032204249
1.3282317522093614
1.3226052536356359
1.3206626149574876
1.3293855460163737
1.3291665744248764
1.3246757204315958
1.31477120304371
1.331212470723774
1.3154629206212072
1.3142828670826956
1.326448705158848
1.320800366816878
1.3300788531344732
1.3131119095418944
1.325661117624109
1.32338405653417
1.320618505681448
1.322705031363667
1.3264587875435647
1.3208606167187515
1.3241869999315543
1.3244626477512167
1.3236506476312535
1.323731159690362
1.331452171400357
1.3253148990563406
1.3267059090950621
1.3207543458245796
1.3243119173240556
1.302477236184529
1.3158533821959673
1.3163656276823057
1.3180565375429971
1.3209291613314418
1.321735044655747
1.3211672635195346
1.3237298901387171
1.3143847941003188
1.315864160853928
1.332447195952491
1.3325458172681797
1.30751240767247
1.330495473898044
1.310468005150038
1.314407471806264
1.3105790970495512
1.3109581446380016
1.31661893388019
1.3283312670154397
1.3239869430718678
1.3149230116652466
1.3087078748759495
1.308882060044369
1.3183054446136175
1.3113788931030042
1.3178066572255276
1.3228909517232086
1.3021767137247506
1.314565966598612
1.3042502232655593
1.31333021854488
1.321889453544538
1.3231966482042328
1.3175289212823549
1.3201195080301455
1.3247099065041181
1.3252040516257937
1.3180371749441075
1.3126184773237701
1.3295723071278256
1.3256357837094865
1.3195395022573522
1.3136760033175974
1.3220495972748758
1.319049753550604
1.3148592424300394
1.321680747843329
1.3349843426237649
1.319494656459749
1.331837470867155
1.3190875712058368
1.3198255076107925
1.3187605611672846
1.31718406650936
1.318752925790097
1.3221097855867021
1.317341122882327
1.3315725208536795
1.3139707818352597
1.3208263090853438
1.3183788599821742
1.317241477101357
1.3194322043584068
1.312935257251848
1.3178378871126222
1.3133437650624094
1.3145705681979383
1.3273702681175752
1.3257906483459179
1.3035216084753734
1.309374364243375
1.3066971190782053
1.3145074445766813
1.3104569639660184
1.3285116568543207
1.3283954459845821
1.333760047495919
1.3227726975596157
1.3250548367974275
1.3283052026797855
1.32691107292272
1.3259362181522798
1.3295494479409817
1.320487103200395
1.3155106061664008
1.3116625731137783
1.306102876500376
1.3128142365561475
1.3162820210944761
1.327062629875384
1.3261509668291462
1.3258957324939464
1.3116671168056426
1.33291124777784
1.3254691284709559
1.3287480265307172
1.324692209053523
1.3235442656440448
1.3216512499121995
1.326042305644131
1.3135776744189418
1.3090996026354973
1.3034104484177207
1.3092814603881697
1.31834439351677
1.3235813251159
1.3140964235479322
1.3166209769932422
1.324411892078269
1.3325732225350888
1.3295261301575467
1.3094707912341308
1.310270120293453
1.3199014701441643
1.3084400074226672
1.3093782608923958
1.3076272662156436
1.3095200173741568
1.3138197528855773
1.3188620601533974
1.3152862214788186
1.3056431665193147
1.3104260680209505
1.30903220369564
1.3307153474840467
1.3280781705114169
1.3273375174731332
1.3326339835821353
1.3231126389873151
1.3167312044567776
1.31239730982102
1.3312948219216445
1.3243481076560406
1.3293712585206165
1.3295633119045693
1.321725426753935
1.3237708687037177
1.3259480850960232
1.3053024959946928
1.3146583053008036
1.3289819999753643
1.3315171114081399
1.3367691111864426
1.338014784435492
1.33909709895388
1.3336300997804464
1.3323794836719431
1.328160603385509
1.337670535973383
1.3261071121472425
1.311333663228884
1.298094819993088
1.2922988094337993
1.293598488317799
1.299651164865746
1.314349466846791
1.3075297934722856
1.317299571421739
1.2993796116200536
1.2986319322076179
1.3036271222313627
1.3062652107247754
1.2993066193396974
1.3161477404524653
1.3294897638038006
1.3299465726980901
1.3125774673387787
1.3136675659690953
1.2910732602281767
1.3189368540657989
1.3208215709943338
1.3119189723442857
1.3146673019726602
1.3087210788176555
1.3345366184404455
1.3158932561780379
1.319827406953078
1.3305649353103697
1.3079653162888252
1.3031551403968715
1.306861372812254
1.2999528527886068
1.3227816998163187
1.3202533538985173
1.3280744027092397
1.300708389079839
1.3194631624776458
1.3106194578487733
1.3224259530958198
1.3121224159671734
1.315986803051468
1.316821241209369
1.3259847740286688
1.3279440918420427
1.310449156640439
1.315404331231868
1.319481891390559
1.3138016196446676
1.2918257809567129
1.302503069879208
1.3060526281366682
1.3186258329657052
1.3156322357976609
1.3018020855442272
1.3111479064802951
1.3056813260005258
1.3099090636694326
1.3133577178388829
1.2961095548822095
1.31037558281542
1.3393809169553885
1.3281359457107966
1.319095109477241
1.3070008920419822
1.305682416312147
1.2935420572567429
1.2933080434687216
1.310999948836749
1.307524738320482
1.3109582511079758
1.3213106895506195
1.3171382551128161
1.322085914583554
1.3231488938433977
1.320642993150086
1.3220035940143104
1.3230396668018287
1.3211761652167084
1.3252792825537167
1.3229824239772794
1.3088407451413742
1.297605327278758
1.2971039795143908
1.3008822636948636
1.3160028184757993
1.3139554805747988
1.302675667488583
1.3030144046382188
1.3052907553218922
1.2955336091341307
1.2986349166580162
1.31214498294922
1.2891000093764182
1.328198203271857
1.334131879204278
1.295281695635789
1.3263599226573062
1.3158427327821842
1.3214939166581579
1.3080072317044755
1.3070407228549583
1.314380817013735
1.3176271878563373
1.3273310655338364
1.3248495152279305
1.3243415155490752
1.3241175192364418
1.3250688696866832
1.322764378201309
1.3276188876840982
1.3257049895599213
1.3270103346276907
1.326910745420898
1.3262521034939458
1.3264499680757484
1.3274143130577898
1.32107716993013
1.3208811833286302
1.331299654709486
1.3218677095517262
1.325364052390961
1.3267045267181221
1.3261725462530387
1.3179750005153958
1.3283833761464634
1.3267583663723566
1.326047883038188
1.3161272314854098
1.3187262669634463
1.32382920208731
1.3197021656599923
1.3267995667851415
1.3115284336471245
1.3077697390128689
1.3074764763651554
1.3211886457853013
1.3230908301880238
1.3134849601748768
1.311787397473001
1.3326575470159405
1.3309119218839738
1.3179108413871994
1.3223589733850236
1.33037405280283
1.3270697381171994
1.3294702952825914
1.3273853847732486
1.319405093472515
1.3332869627851416
1.3314821747034538
1.3060689718154972
1.3061965675861982
1.3030848074297898
1.3173891168941667
1.3161479560631615
1.3334519385285424
1.3232917444141745
1.3156268006800773
1.3139592249916927
1.3242369439920791
1.3301753455078826
1.3122594915300498
1.3185329901831868
1.3334804083592942
1.340098476543473
1.324500901013934
1.322133107188006
1.3227552489842271
1.303862666270951
1.3191629470517303
1.3369663325848848
1.3262818490576598
1.3175074739359653
1.3154114857617487
1.312226918693607
1.3241632001164463
1.312879187589879
1.3101578053729017
1.308885563182602
1.3058885296128315
1.3074730876805893
1.318686441226009
1.3136900002565
1.3244182792183654
1.3246141930593918
1.312742241777624
1.3247504871911917
1.32620569594494
1.322425967962189
1.3242584383157114
1.3165932903304025
1.3052802617336454
1.310495189802
1.3179563609592078
1.3207170187395616
1.3166216107277184
1.315964008377963
1.3081851148283294
1.3051997831237692
1.3052138367063415
1.3310935980250629
1.3261231638458737
1.315800387519664
1.3243346449309792
1.3270216272897175
1.3196241659477352
1.308642173327945
1.3255695179773008
1.3136199158718722
1.3207321992175325
1.323638042816205
1.3101516080240496
1.3215663095248524
1.3130717506357976
1.313269196865699
1.3278672651478693
1.3204890143319112
1.3123487327955912
1.3257331264810666
1.3254333027884475
1.31708395163621
1.3301671063463918
1.3200792716454273
1.3257434742739076
1.3331492482598268
1.3214546243880712
1.3204031142733141
1.3063402646427682
1.3238597998538517
1.321162145429774
1.3240230281355367
1.331750654356843
1.315075324597116
1.321595657659558
1.310809949335116
1.3314881906135883
1.330907470028797
1.3214710375490424
1.3219703133169873
1.3292901762115141
1.3212805368001546
1.3146996985401238
1.3177264588617355
1.3258198484876988
1.3291019767267755
1.31560179323586
1.3162061641768836
1.3358678335332168
1.335275617546735
1.3308766433110948
1.3339821683816835
1.3361106793027866
1.3346163942933527
1.3377852346158596
1.34175010077829
1.3393408319426374
1.3418697237350603
1.338502215241001
1.3386910200506745
1.3398604461297579
1.3039060797433488
1.3092374579313195
1.2983736264572256
1.3121403374953349
1.3253134529249788
1.3221950195186036
1.3250907065116893
1.3072543913336305
1.311085805035875
1.3119853128707109
1.3069518230597212
1.309433971675123
1.307186162427543
1.2988745045542869
1.3302715898768052
1.327257399158763
1.3230859371098282
1.3139982886767767
1.3226892799770584
1.3122474108792028
1.311211560936046
1.3128260571038852
1.3172131541178103
1.315752631949821
1.322357693172511
1.3109633730842918
1.306931810889838
1.3145493018285075
1.3127976764101492
1.313125892596673
1.311714583311079
1.304845405541004
1.320430244542812
1.3105132656348562
1.3116700601268125
1.309805730351847
1.3176156993709294
1.313757209669678
1.3134368815890982
1.308995323887681
1.3175112214299332
1.3217426753320485
1.3053030264204373
1.3095847838877714
1.3167698558703254
1.3120514736218523
1.323996302839618
1.3096148270901566
1.3171811135408453
1.3189634285713427
1.3138860305485787
1.3141264894366382
1.3129764147953817
1.317951234054535
1.3131403517496878
1.3083251878164905
1.3080348084177393
1.3068713170390573
1.3132567753805948
1.330194846049794
1.330134360451379
1.3112290369002946
1.3118620155261915
1.2980341529985038
1.2940577155485997
1.301933901779669
1.315128245267228
1.321151417262029
1.3242200370493482
1.3114487721055148
1.3163874096739339
1.3148967420553432
1.3042443976427809
1.3217486467452237
1.304141502418731
1.3259090502851036
1.3237440214046168
1.319661630453159
1.331506824643799
1.3263936049377243
1.3213862738508382
1.3191403411422806
1.3169401043705662
1.3210635440165797
1.2944375909481092
1.3309449394580188
1.328072141098091
1.3129341932894723
1.3140678162495982
1.3182130261734841
1.314090552003049
1.3268887501481668
1.3274976291810714
1.3132730881957142
1.3195963253260183
1.3201112100259569
1.332102219001696
1.321455469892354
1.3157028063443033
1.3182928115044992
1.3132003696105774
1.327903696239689
1.3141863218330547
1.3164119345202414
1.3165835864909754
1.3169934638023646
1.3133878531915442
1.305906319888876
1.3139466105526292
1.321015884249813
1.3157622003901701
1.3007007513269502
1.324258382468908
1.3202699074903352
1.3210079855749801
1.3240864278361657
1.3231360155408851
1.3264956903132916
1.3182970943727366
1.3254830170790708
1.3070482987609642
1.3130567358809404
1.306326356251623
1.3118159128411335
1.316684774296471
1.3265827971885886
1.324598655049355
1.3272328624066096
1.3267883677315429
1.3254099322017199
1.3262989623610244
1.2979977882805371
1.3011586381050873
1.3177609625738997
1.328166135584236
1.3330379829866514
1.3252755075909461
1.3242158808524183
1.3251754556197644
1.314381720229588
1.3121588766014953
1.310769483424756
1.3132450203747303
1.3159988876124677
1.3177780145909497
1.3122876274364708
1.317378947019894
1.3256583795612629
1.3284681406314753
1.3118650893516601
1.315295444570008
1.3162337152978743
1.3251136444785647
1.31099265922849
1.315494236086695
1.3155014944603465
1.3218509764952266
1.3184599477219003
1.3094187227274658
1.3128490776712853
1.3195073849522732
1.3220286902233414
1.3233827640301317
1.3238225839190405
1.3143254630691303
1.3114041130363172
1.314077816233975
1.3105532179269064
1.3139463223430394
1.3127065122172223
1.3206430676351841
1.3270842405499652
1.3230744452256853
1.3330865624500834
1.31041877823096
1.3105445841918406
1.3094842859907074
1.316683599080228
1.327789459459385
1.3245711386255572
1.3260791101096767
1.3258025846927393
1.3279501502870525
1.3224958735245316
1.3373452376116255
1.3106019134108962
1.316705279871714
1.317334500183862
1.3181320823923706
1.315464781850894
1.3171313952162131
1.3090689350509084
1.3103838097374843
1.3072192894402526
1.3129206802447564
1.312050210812745
1.3133769558652093
1.312877465823499
1.322971759087117
1.3267910115983161
1.3215885767271958
1.3179775095978272
1.3255807657020742
1.3229283308795152
1.3233470344207605
1.3184527557417103
1.3170730812240121
1.313936783766563
1.3195972658407804
1.308255687228292
1.3154551885522143
1.3324709055484243
1.3314553116752348
1.3100406544080085
1.320967559674326
1.3040835404675457
1.309076935838302
1.3022315063100673
1.3109149131439963
1.3053003584489036
1.3172406973369726
1.321759800951878
1.320114009427422
1.3094919896436397
1.304342650528496
1.3084635993128093
1.333389798593673
1.305197315626341
1.3040793798882175
1.3198582268127221
1.3182409682150467
1.3188818420679993
1.3067598680135362
1.31110436535057
1.3138557978160847
1.3189598216990832
1.3267811664632123
1.3308181049415875
1.3341143012597436
1.3224900826114248
1.3163180218076869
1.320286875800667
1.3256761867536941
1.3180658789817634
1.3242154134398627
1.3249102998472584
1.3345813507297846
1.3417761561720025
1.333248335480097
1.317410781729999
1.3095056572334764
1.3061393584967396
1.310386630902449
1.3212826376408715
1.3134748487985612
1.3024238810894566
1.300311489770437
1.298011006013826
1.303270251799392
1.2928816303060384
1.3134412298771736
1.3211548435775886
1.3235174905092821
1.3193793780093555
1.328252104948599
1.3192314595753392
1.3210932899440135
1.3195393450079551
1.331514252130565
1.3073786678389159
1.3168710891094124
1.3046722674186921
1.2974486005294152
1.3044432780577753
1.3283428541015094
1.327393622473837
1.3248103501630974
1.3255175789421072
1.3163016437979316
1.312682390816789
1.321454026982743
1.3176322904539917
1.3183743168121167
1.3210108190846668
1.3062655991221863
1.3200070443995064
1.3211552920948522
1.318953746035998
1.3190378470485766
1.3266167554924577
1.3159792067528646
1.3187731353413248
1.3184122829772853
1.3132251269307456
1.3183684536888627
1.3168229286494615
1.3274315330106117
1.3138247951294355
1.3271645994999282
1.3286767265511918
1.316361819521019
1.3151694356935466
1.3160284796542445
1.3177286645544786
1.3210621084523804
1.3239068350790997
1.312712008900558
1.3191486661477145
1.322242204083256
1.3169234914067225
1.3188059134291312
1.315641832163248
1.3276746747622337
1.3348014018014873
1.3175043035182914
1.3158197216174192
1.3123211018220295
1.3094080528090248
1.2998664705419662
1.3082641470112808
1.2875741337883073
1.2932118835060262
1.2905741783875317
1.2903246719197576
1.3288882147940215
1.3088239172527663
1.2997684604106294
1.3058327913176264
1.3303342579632862
1.330872693725426
1.3051136847642193
1.3059540959547848
1.3261225067829345
1.3321647904433729
1.331557496020743
1.311584317866447
1.309679883666886
1.3199415517748083
1.319029955488759
1.316052919211781
1.3227724944783927
1.3145865404399015
1.3142653936256967
1.3111156083681952
1.322986485844794
1.3271167627647598
1.320994065026484
1.3177892589445905
1.318652668084953
1.3210455390188067
1.309718275593689
1.3184870751577986
1.3257743110533502
1.3116150672935394
1.3164442492397017
1.318383582274687
1.3162021201153313
1.3307685997814376
1.3212495170370908
1.3083393556938874
1.3218421039331
1.3275083866206654
1.3238080252236595
1.3216155343042952
1.3254991855875522
1.3115658125977714
1.3036467593568806
1.3032862750890561
1.3142692010401515
1.3126260458776946
1.2938366005113004
1.292942100926997
1.3227805203496754
1.3026255091127943
1.3316558248918964
1.309672395225437
1.3111925444816435
1.3210379687510456
1.312709478068351
1.2949929099693775
1.3057596372891223
1.3093378233891069
1.3244337259995913
1.3129032457175838
1.3135927740190485
1.311221837888413
1.3203073888190089
1.3231816203195925
1.3191932517014646
1.3217708585470356
1.3115565688360757
1.3171734643881268
1.3148312975624876
1.3140257163837261
1.3191080455799284
1.3247435704939878
1.3271488186747011
1.3345811709582382
1.317891095708179
1.3214886666462657
1.3183528890816267
1.3139122279620445
1.316512031849399
1.317477127696118
1.3167329129716636
1.3142509072626931
1.3090159115708444
1.3130570392954073
1.3090183848994155
1.3113075478224323
1.311420511254536
1.311249138859645
1.3110666933148245
1.308172598041167
1.3170353636537484
1.3249349624679665
1.3281308992416345
1.3247608122672603
1.3090435213832736
1.3135136559275498
1.3108827743344773
1.3279658020954759
1.317964668062124
1.3070327139638067
1.3281285185241045
1.3270771605428469
1.3115354903050753
1.3136539680654669
1.3169643305215961
1.3136572733110519
1.3264740605776009
1.3252379051996324
1.3119542654814593
1.3178181509602804
1.3258295038309418
1.3274668001219714
1.3355104785599476
1.316494075596049
1.3202328284772793
1.3118730706709392
1.3196372114088744
1.3244009554570795
1.312339734399163
1.3100862298142075
1.3106168608806852
1.3060433574143848
1.3071097103418612
1.3180486205205657
1.3177732388378902
1.3154242954918922
1.312641834479131
1.3155622418465776
1.3099910089769469
1.3263284019223789
1.3247128055207438
1.3190026171735414
1.3169783362907952
1.3179817579035429
1.3152623691066214
1.306992314428816
1.3069325452780034
1.3279642747792546
1.3187606365188629
1.3117565755620741
1.3104705449738814
1.3170616481624118
1.3022830544729331
1.3024429711479906
1.297962360628598
1.3032891588157116
1.2989010947792858
1.2878160325931365
1.3065731159123697
1.3081697470530134
1.3071746514840494
1.3071811164878346
1.2983520878756074
1.2967553066512338
1.3162169637754908
1.3191563540301703
1.2881908881390502
1.3114165532409283
1.3079374912121124
1.3089293617816777
1.2909377912630546
1.3108522892121277
1.3072302233969415
1.3105080194529863
1.2850164951444165
1.3353832133522605
1.3373675283981277
1.336916169968309
1.3336655409626994
1.331346376345179
1.3344136470045227
1.336311225970639
1.3369606133424896
1.332919714625809
1.3381155884376748
1.3338653925165924
1.3341444779755223
1.3074043772825208
1.3014350211205077
1.307146868574406
1.295259496816048
1.2980412662216694
1.296450260696393
1.2945361368667005
1.2949688069870815
1.3075801635917492
1.2999480004726596
1.3013752697483714
1.308680835609037
1.3078711638889822
1.3187133651542726
1.3165826340324909
1.3175777626556688
1.3161782545780012
1.3107035112884315
1.314859564741809
1.318454239044552
1.302786902151727
1.2967081909303262
1.2997949914156168
1.3110922996907615
1.3162371029304198
1.3102711055324114
1.3020799743039184
1.3103590689371003
1.329206870560892
1.3249803158691802
1.3107097824552532
1.3190553009930783
1.3104164786295032
1.2974064602382307
1.2855437821055005
1.2982092503230955
1.3065476583998028
1.2966828662888885
1.2959290795479765
1.3040760757610808
1.3081396706273756
1.3022345904812467
1.3057754699619388
1.311013744800129
1.317919193767327
1.3265153122382114
1.2850399099988161
1.3005525522799177
1.296730550387498
1.306186448586326
1.320698947967133
1.3154639196681552
1.3168371864925827
1.3144599760192859
1.3131612400191286
1.3131150935567268
1.3133635039623348
1.311047123906593
1.3109511045110114
1.316814080714214
1.3150179717131323
1.3127231146703646
1.311578021260316
1.3114606401194902
1.3096469578663303
1.3125720191657464
1.314507542421661
1.3273129249079865
1.3370486803100807
1.325957312863651
1.3060265719856579
1.315961409672873
1.3131395548949534
1.3343476977958688
1.3303079502818944
1.3130966796310617
1.3043130556150713
1.3166262369132982
1.3045677853521902
1.3062049180445992
1.30831922827824
1.3092226497925998
1.3040008465714847
1.3114134007768627
1.3078125113454608
1.321597383219723
1.3092457538839546
1.3056444107094018
1.309632362135505
1.302829030878004
1.3140755223999279
1.3138351606083483
1.3148981645337074
1.3273569234930227
1.3184937193302222
1.31784047170899
1.3234632472667085
1.3155862050969453
1.320949468735584
1.3127428379037316
1.313126250479036
1.3148337938034906
1.3099912616822824
1.3072295201980968
1.316210037473019
1.3174384875019352
1.3118280260172597
1.324553722193166
1.3322973260483895
1.3327566246440665
1.3283266568886443
1.3226489100356078
1.330622641812674
1.3266950760469869
1.3136005292182737
1.3115990895246499
1.3333601953626497
1.3217998450331865
1.3303504687496
1.3344236728638912
1.3359605624119228
1.3353906921611918
1.3264053739917003
1.3357085105672006
1.3324843258689671
1.3362448491687013
1.3306604047666981
1.3335594220992504
1.3351248216770275
1.3268959550962838
1.315248604950145
1.3175322710516195
1.3110068671173514
1.3097077517015407
1.307819181595139
1.3106946503285477
1.3122858437707148
1.3144740361389216
1.317397485190173
1.3200808329701132
1.315562863449379
1.308615604700695
1.3181445844328292
1.3123675622471207
1.3166892398412582
1.3146664530576662
1.3129968513234613
1.3242450959022363
1.3276987627692287
1.3216635233680631
1.3237477752130078
1.3160652967988455
1.307693493645534
1.318267227204131
1.3339351962694062
1.3075294248741542
1.3345391531791777
1.3307910147424766
1.3343492721428707
1.3334119549237693
1.3321144170243528
1.3360630986824238
1.3339046069338412
1.3392068749105688
1.3338571631921559
1.3342590477760419
1.334500997642402
1.3340578313901046
1.3316354354799056
1.334965549156832
1.3392629666724032
1.3319163950888058
1.3319202621665018
1.3099511454915467
1.3184361054711247
1.3185940275601904
1.3120497779073397
1.306416410131179
1.3185801047687176
1.3163736382757498
1.306038789905346
1.3195118081030204
1.3192771372908048
1.3040077300244228
1.3236516230481947
1.3203225360782767
1.308047359485924
1.312460571734531
1.312510585664837
1.3145269547758691
1.315742241015002
1.321480114095206
1.3100212699468272
1.3144755889918696
1.315896659631137
1.3154626847017994
1.3147301156880173
1.3137524839525054
1.3026938468969005
1.2947184939084018
1.3069936154387665
1.3000560542273956
1.2928581218806696
1.295965586898244
1.2998841004829043
1.3164552159423701
1.3092440743450264
1.2951100453710864
1.304720928015626
1.3146508154174494
1.3228621004482144
1.323685493388898
1.3099042336254962
1.3164650070802324
1.3325616679795873
1.3271862413655406
1.3299805682079302
1.3235973506281211
1.304356701314749
1.3066042178917836
1.314845088707873
1.3289365685071353
1.3211427396216076
1.3227231767110676
1.3023950260064052
1.2972006714678541
1.3126368777632926
1.3062367200873757
1.3060912872407546
1.3023780321290446
1.3049159608521477
1.3124906774396843
1.3306335610744782
1.336228606304831
1.300906461363155
1.3129286230685113
1.3213429194261275
1.3039864992384036
1.3368265814176787
1.338603151844683
1.3386398331935523
1.3176516346502984
1.3022337675653124
1.305538306804831
1.3198811389799403
1.3165069431198742
1.3331030819210485
1.330925052223436
1.2952644114795135
1.3072098171323485
1.2972012680649125
1.304928851343741
1.3034596294424678
1.3158112373419268
1.296359092776418
1.3243708037558926
1.313696086121502
1.3087036751596768
1.3299531201732413
1.330268162717119
1.298296254339604
1.3278594594192548
1.3340492590608832
1.305699960973932
1.3281761783771944
1.3121043166049933
1.3359867636757408
1.3346036109798385
1.3394936838720592
1.3320990016802223
1.3277928182556664
1.329576144846749
1.293802341136252
1.2999891116737914
1.2996246356957863
1.3047269322538841
1.3141603965778141
1.3188610045245994
1.3196636449024597
1.316925698282987
1.3317190706693374
1.3333318069345206
1.3329221409456244
1.336154155857775
1.3372397740337603
1.3102446175691609
1.3177780857108394
1.3274443152611108
1.3266883740480382
1.329855378912387
1.326604931319019
1.3281087122084085
1.3252051791383963
1.3280763643271243
1.3052627272633426
1.329586316316297
1.3299579256492633
1.310568127530142
1.304809419048639
1.3126515532358416
1.3152560543554488
1.3150687749291128
1.3134569833640055
1.3082187120459168
1.3094030101540184
1.3161547005775738
1.3156386797111022
1.319081178296092
1.309781479734872
1.3137426618060812
1.3313487143480955
1.319138996161872
1.3187485574790847
1.3145967931687064
1.3173681919426437
1.3369173273702288
1.3159852812795025
1.316277990728146
1.3166425483518813
1.3162223182991508
1.3155804680886156
1.316901952265369
1.317518634057426
1.3148564810396615
1.3114615902084605
1.3114620801209205
1.3157811619910966
1.313540822242916
1.3164638392431844
1.3124959070053073
1.3142942404162659
1.3275833177236755
1.3259244868183577
1.3117483583365876
1.3172114292063946
1.3127592238151764
1.3230483082693958
1.3141933304462194
1.3197578128553569
1.3168871743182786
1.3209005444963493
1.3224959194277754
1.3173927583566785
1.3125390449493952
1.3233587692470592
1.3202303264011372
1.3365657962606015
1.3331604306867066
1.3333047757017575
1.3382837093901783
1.3332530191870096
1.3277907630683579
1.3353289386981215
1.335530143060011
1.33820146155373
1.326548950184769
1.3273967440221297
1.3266017909006609
1.32572594543674
1.3213182121928644
1.3214867544210724
1.321468088114289
1.3210156776923523
1.3241807969141515
1.3206690859516679
1.319914496394938
1.3194806042870615
1.331306035790231
1.3333094886234145
1.3365226637182583
1.334126444920231
1.3352981894193858
1.3396455661916495
1.3339282010721978
1.3345836797038935
1.3353683877413915
1.3364822381411101
1.3345690031816166
1.307625565930876
1.3095433978483006
1.314629649215937
1.3124090740387542
1.3180327043859563
1.3186402074812564
1.3151810318293287
1.3261695883317957
1.3209989992683746
1.3262480925753346
1.3163217863152636
1.3079274266378618
1.329754791945506
1.3243973387912225
1.3221121643289397
1.322882941355281
1.3157433953993791
1.3272318931964746
1.3154932919302973
1.3184578268458689
1.3132316240749244
1.318661906434259
1.3269294786202255
1.314440266981178
1.320119523737586
1.32929290389893
1.3264245473762868
1.336109594394549
1.3388962885026967
1.3359164647138004
1.3315499269294258
1.3357888825660171
1.3317301474628653
1.3311751802285627
1.3328755462701227
1.333847493111769
1.3341522621534658
1.3099355100523016
1.3208312168569296
1.3034823963363433
1.3153641116226562
1.325676464070303
1.3234890309970364
1.3211983677332768
1.3267838219839405
1.325851688551114
1.3252114168035745
1.3153016187773001
1.309638429332237
1.3053027299556825
1.3183819753953492
1.32094169331173
1.330577111194883
1.3117519534849713
1.3112962133800166
1.323204808091809
1.3158982957402194
1.336456837932907
1.3145248788895723
1.3191483621275006
1.3232353050264227
1.3290509935017616
1.33800643618665
1.3227738228378947
1.3205051594569823
1.3224724723058368
1.3351568295483383
1.3319791055617376
1.3375775839046882
1.3351943429138287
1.3317750317995443
1.3352041944096324
1.3354610360266317
1.3369082557991308
1.3196942116184582
1.3256429922806134
1.3175960019471706
1.324808388989758
1.3124238916964983
1.3065678837104326
1.3000065342686877
1.2971356804590422
1.3153393502912734
1.308257531878435
1.3119351853493675
1.3098006377165186
1.3027780136301275
1.297128585623325
1.3310138427427765
1.3292067197421351
1.3257744868514032
1.3318423363430838
1.3145687919939293
1.3079965022003621
1.3135309994557516
1.3183778091139255
1.3184774156288748
1.3057404861101594
1.33106568817894
1.338491686384213
1.317604231287512
1.320098224372816
1.3168049748247934
1.310788765347283
1.3171931868125242
1.326927406010927
1.3181485285563823
1.320007412384459
1.3149951508161077
1.3259575196041498
1.3251776295331286
1.3207979050252017
1.3248347776206313
1.316196598418881
1.3199502705302986
1.3200439230522334
1.3257262115536583
1.3111439492387864
1.3330948561499794
1.3299571483246917
1.3297842576269234
1.3191302551678674
1.3251322217370693
1.3132248906368469
1.313238121919168
1.309008447271192
1.3248619620737152
1.317079753805896
1.3224762045022418
1.311827705401619
1.3236961707749428
1.3219863695034886
1.342229766419406
1.3222464524024016
1.3288732689942377
1.3207662790980312
1.3161819386590654
1.3284170853740227
1.326974788313388
1.3072836896863664
1.320850669118473
1.3267514774089626
1.3211178365298542
1.3009893186859915
1.3048851818053961
1.2954426150289196
1.3001589136747036
1.3048426097117496
1.309260012711162
1.3127243012026306
1.2949318603353566
1.3160731824794718
1.3059155391885904
1.3167738568703011
1.3123886676852554
1.313652665459275
1.3307833742151016
1.3117897032095154
1.3215223577919808
1.3004129250320398
1.3122902774277536
1.313175058315772
1.3275419731173614
1.3169669856343822
1.3149138921477936
1.3148315149600982
1.317495732218846
1.302063308249909
1.3046924085697313
1.2970871256442713
1.3249798445006897
1.3254401431313694
1.3255287781045577
1.3213416706827814
1.3280136691793216
1.308227450111554
1.3207304522396033
1.319661331291579
1.3145359839290611
1.3117972712549963
1.3273438053082705
1.3209529252258025
1.3169431542213779
1.3200932909874135
1.3118538312095094
1.3251397296171425
1.313306950998071
1.3040775745954718
1.3177134963136214
1.308146446733927
1.3178867768286688
1.319399926391304
1.3157663379430597
1.3201427943440867
1.3216896903534598
1.3175388891171473
1.3214494185458274
1.3214878679142918
1.3146129220702567
1.3266274350628364
1.3207426132635849
1.3137115619659552
1.3353045918274042
1.33559768466611
1.3339160836557191
1.3326783541653897
1.3305674542235115
1.3314806551689695
1.3284730279985437
1.3278327125003373
1.3301857343344
1.3266227336752792
1.329689474598004
1.3274412860891518
1.3310691315580128
1.3166231758392497
1.3180086114846554
1.306697894890746
1.3186045776253332
1.3250744501458773
1.3252874357995053
1.3329949716390002
1.338302638917196
1.3378916749607328
1.330750060169094
1.3052698580190174
1.3262837731549557
1.330271050147543
1.3253917305576832
1.3198426457601697
1.3115235610130498
1.3059760818842487
1.3210689463709429
1.3216076040086477
1.3288855633483183
1.3225511757301838
1.3184243290158757
1.321407945604588
1.3211680533240064
1.319724063229775
1.3243559082949947
1.3213732074866953
1.3329364052981885
1.320963979713449
1.3336072530849872
1.3320848592389232
1.320055849024282
1.3230258035701896
1.32421173026679
1.3204612801429445
1.3095979703260239
1.3043371353395357
1.3114117074553642
1.3095535528554743
1.3197233921342586
1.3156539519531396
1.338481887129848
1.3208153816511148
1.3282267997069366
1.3292881731443726
1.3006296195139992
1.3111750168416854
1.3100644111898498
1.3356553486439924
1.3388671481897427
1.302836803783937
1.3301944290522105
1.311151149127814
1.3044286635060593
1.3103254244722953
1.3388583758199268
1.3242869720179908
1.3319933630494307
1.3074655150657788
1.3081477188024755
1.3040917333665982
1.3120711409183272
1.3024648949904711
1.31089988038117
1.3032815966755742
1.3269615645071118
1.3267567672117593
1.3126782769905354
1.312259278691368
1.3185145779516259
1.3150504919558204
1.3319528936219207
1.3239126475610794
1.3380997623686153
1.32103006862633
1.3242312043667117
1.3188197578096565
1.3242134172909379
1.3243110880468087
1.322653080198009
1.3099458158591006
1.3166914594547767
1.3162367437960736
1.3017315104433935
1.3037864860454256
1.304955822286512
1.3133437884126755
1.3280203068046799
1.3350343701137104
1.3273843738695528
1.3240410299895915
1.3321480115643176
1.3328015682319587
1.3305113972807876
1.3356971826564863
1.33694872790632
1.3307364757452655
1.3341449113725605
1.3355402040582576
1.3373115707881713
1.337823388092204
1.2968318516060378
1.313477056966409
1.305438143008173
1.312102489035876
1.314784582745386
1.3058946276601746
1.3114376984045846
1.3043750891422115
1.3128108866908264
1.3185548222283603
1.3148725750208679
1.3128556258553232
1.3100735098346634
1.3142310212171178
1.3105335055826552
1.312824421022892
1.313630103414281
1.3288245063122517
1.3330284044459533
1.2964901259270922
1.3011333028235204
1.3024954312661658
1.3076489652123884
1.3086752145529144
1.3106813729603308
1.3085544459914955
1.2990390831231224
1.3080889707586187
1.2988884232308877
1.3082465287803549
1.313649870732855
1.3244041146144387
1.29933988502396
1.3100176673353043
1.325357864259265
1.2991425186395555
1.31307203178109
1.3128271415325616
1.3136754985895562
1.3272927423795091
1.2996258674078816
1.3055829744713545
1.3114772870227447
1.3158284493467112
1.327087015403836
1.3277680560514684
1.319983260033303
1.3087123695688505
1.312928788464994
1.3223903026141495
1.3190556986137905
1.3123361983056423
1.3168986758660368
1.3257290490053897
1.3171362266139328
1.319537515024429
1.3226875405615226
1.3221040885706905
1.3258729235344662
1.3252679419461029
1.3320652021380444
1.3193334513127675
1.3112749955644403
1.3345655867839457
1.3148221801658393
1.32916738027445
1.3133478424086344
1.3243662040805861
1.314273149716676
1.2989506874196808
1.313640871395344
1.3195331011948295
1.3222484413873503
1.3109902208208528
1.3090709957955566
1.3248181409025976
1.3259059889715132
1.3152496404507457
1.311967330446371
1.3221059859726003
1.3179757404746029
1.3306900245356912
1.3215759952437158
1.3319039324310153
1.3337195693748192
1.3170536450064652
1.3310517918134903
1.3227651653450194
1.3259315687656652
1.3116860187093176
1.3158961373007232
1.3207214255193882
1.3221782215755322
1.3361188022971493
1.3302225093816658
1.3148253597864903
1.3139079088614998
1.3037330965953027
1.3119816947977008
1.3341497065341892
1.3397499610497987
1.3322882838352939
1.331967520968883
1.3256764567389197
1.3147152218570168
1.3303606485253192
1.3360053014914468
1.336172486577897
1.3360921892691602
1.3378462110923057
1.3306662717559514
1.32487257889612
1.330528450115334
1.3221656873034304
1.3099190433465357
1.3089947046213986
1.3158555989963558
1.3115657271413668
1.3159952721254664
1.323220003835307
1.3112395093844091
1.3085717980925953
1.315153400720898
1.3251816180528027
1.3243304100407078
1.321521863983322
1.3185661668513273
1.3079981986979747
1.3001659302513926
1.321567476549631
1.3051388958002632
1.2968614537088368
1.34082861585062
1.331632865183553
1.337179858674167
1.336560509793971
1.340291199985891
1.3377203784240799
1.3409194353714837
1.342265368828432
1.3365176465813489
1.3366109767463108
1.313542892917778
1.3057744935710416
1.3047665173113974
1.3113621697594755
1.3244508776675645
1.3200579510538444
1.320077726102716
1.3288923844299185
1.3169773125252486
1.3203846859080812
1.3292569370825504
1.3281719690254064
1.3160139067276297
1.3330076126982155
1.3312408365524755
1.3232303914344463
1.3217727468675966
1.330836286460526
1.3183712402335526
1.3237809791582869
1.3013188551874488
1.3102141297987928
1.309169299773275
1.3062414173762598
1.3057668230884316
1.3100672937928721
1.3248105069637632
1.3217163836734935
1.328509284275072
1.3085912000796396
1.3259760392063291
1.3029994871829877
1.3000202412749846
1.305725302697898
1.3039354559176322
1.303386838244319
1.3024477871641187
1.3124924937590405
1.3212726671132542
1.3173690390102664
1.320448676902905
1.3166050847320674
1.3224299262548744
1.3206943695014506
1.3187231927353495
1.3239260093280318
1.3237316431011787
1.3234659435258525
1.2985575007768948
1.3182155751159061
1.3048596212417325
1.3183987816901876
1.3149217276106384
1.2966511047117146
1.2959007113435366
1.3060734328406158
1.306420096755771
1.3220582667243912
1.3211114648865554
1.3153903554341346
1.3096070245429878
1.308628398346288
1.3199541921598152
1.3204705962503074
1.319629536963782
1.297015849297402
1.319939847451426
1.304284521982424
1.318657811669935
1.3319342333807915
1.3297554606982371
1.3031504916276822
1.296061110669662
1.2994985893810813
1.3108961897179476
1.3187330458724904
1.309380045808534
1.3221198903610314
1.3124944592725003
1.315436703105109
1.3142847295339566
1.3324087410480403
1.3316190092348137
1.3294758747755029
1.3187787855250181
1.3145478599513423
1.317855230959434
1.3035050260166863
1.2991349664063552
1.32055635047024
1.3144832937629356
1.3334978301560694
1.3287102068958405
1.321181841184033
1.314295381890229
1.3151910762008558
1.3142999706827405
1.3093535613289242
1.300824974332205
1.305301884287755
1.3091744161039363
1.3199989338994342
1.337239263415782
1.3317078312783048
1.310672873867319
1.309575809257383
1.3189333277368083
1.3273935012567584
1.337092647855173
1.3020091809455925
1.3261450856034984
1.3107707968200284
1.3100353444442772
1.3122313943120067
1.3101578356521844
1.3099689420139533
1.3272050483874833
1.3266559956639072
1.3283208854956543
1.3233578767576848
1.3187547815166087
1.307762948706829
1.3243030949615229
1.3253828273372215
1.3323301537942047
1.3328786037106441
1.319398173281073
1.3266227450975496
1.3336495143345368
1.3174210343209962
1.3273985132755202
1.3225001761646442
1.330775186768318
1.3246545509225338
1.3250922981557902
1.3255757972879894
1.336517244883416
1.3230946916314403
1.3053135490337138
1.3172169955267994
1.322572264308725
1.3058791308981004
1.3106136752489441
1.3270344580184001
1.3294030371480077
1.3191225906707345
1.3204640617126369
1.3113458718406341
1.306808382307274
1.3069378374707366
1.3129162229583633
1.3056112076495054
1.3298759301360317
1.3266387110722082
1.3225246061215061
1.31715044224904
1.3080280355586076
1.3017948690462426
1.3048419715002242
1.3139883922630549
1.317282110419896
1.3275957404586958
1.3297448289217457
1.3308223662545646
1.3282411141322503
1.317178035952341
1.307200048310929
1.3250348043775233
1.3250046022674058
1.3326940418779234
1.301373628769138
1.3048480393866349
1.3226886988960889
1.3126221153344357
1.3273057378276878
1.3202199853297754
1.3208992759238982
1.3209949741546132
1.3147856279982455
1.3092098993531678
1.318281043207932
1.3204988962612325
1.30222419723373
1.3251048777771326
1.3226114780045342
1.3241642988729063
1.3285239072925386
1.3343684382985104
1.325299698181863
1.324604018520595
1.3236063835819512
1.3181382630044436
1.3119556583436638
1.3132854258213504
1.3063939794136405
1.3096473773247046
1.3302365458101637
1.3272462427161857
1.3239626658804278
1.322936721421948
1.3028160820060133
1.3302062469223195
1.3121210902011986
1.310344712136093
1.3088982535113283
1.3005334724807194
1.3029070376456806
1.3137011629536726
1.3119923283459203
1.3098317641503523
1.3210717165730261
1.3142703509765363
1.3066530000424363
1.3055027365066487
1.3143908636151043
1.3081988127866606
1.3173128241272585
1.308927587346103
1.3015628715654257
1.325983494956442
1.3034569466990886
1.3086683381194328
1.3163628471081277
1.3170676712356406
1.325019285250124
1.3145366982479967
1.31253095004647
1.3117520237494174
1.298099806335154
1.321564893923882
1.3068159849504288
1.3262125200710084
1.3272412976991463
1.3307542313038971
1.3220962113620889
1.314541818649621
1.3074233036495788
1.3234707513308623
1.3224773028401537
1.3160541168393018
1.3164448019383976
1.3114722763804751
1.3168145501747193
1.3090668751901287
1.3032439139861431
1.314509319489155
1.3142646033811676
1.3153244961921728
1.3157424524027146
1.307454808741628
1.2959914114791946
1.3062091026448432
1.3220802589617673
1.326515516473397
1.3223782937192796
1.3143055227417884
1.3066017393667197
1.3020865502749444
1.3203720189430292
1.3225162717556027
1.2962031581974744
1.3293429981841534
1.3266249234059824
1.3056763070661275
1.305304400620742
1.3041065183926932
1.303052505998032
1.3193383009954602
1.3107159556415566
1.3021709947249582
1.311062491969943
1.312900044850673
1.3196160860929982
1.3223810823422397
1.3211206296948665
1.3350133298974654
1.3077529931358924
1.3037866831183968
1.307746814264142
1.302327044502907
1.3384505162782603
1.3431291314341176
1.3359852673865034
1.3457107842132412
1.3453476773224247
1.3426987622490583
1.3419368537808425
1.3261843140139424
1.3269674154715723
1.328652173210356
1.3209053761741163
1.326476219548505
1.3233596967099122
1.316144075917972
1.3131874792539802
1.3150801847654032
1.3078202692617884
1.3031660879809392
1.308446674420986
1.3084999583383334
1.2946553840524493
1.3043817650131655
1.3036259666880283
1.3114722283179059
1.310470609977033
1.298389112055737
1.2957791961704028
1.3148517839830411
1.3140475162514014
1.3142787704667336
1.3264454729607822
1.3082668148679781
1.3171403620972315
1.30592887399222
1.3052496832059337
1.3130920499966896
1.3207568309983202
1.309516987292948
1.3175659443267806
1.3031597622929625
1.326568986680718
1.3299424679851644
1.3141140918179222
1.3077436622514673
1.3084004323816971
1.3100402069429276
1.327393448937626
1.3185898846751518
1.3172327907273156
1.30842249330125
1.3181470533121111
1.322361603379245
1.3221246713677086
1.3282045558286015
1.326153949740136
1.3320240418871203
1.3352364619839001
1.3154354172151668
1.3290533607584134
1.3104131459780959
1.3195875820182115
1.33818295521567
1.3385470676246303
1.3273399661230567
1.3275944128367527
1.31741885748338
1.3148348376498713
1.3092230406267527
1.323764229910882
1.3117360192716214
1.3230705528953641
1.3167614360981976
1.3197023170455928
1.2957039136852613
1.301918872617141
1.2965486574410672
1.2951940593011648
1.2902606949071198
1.2972635201400127
1.3107378138771666
1.3006070960609828
1.295662713943313
1.3105671580087654
1.309047165241052
1.3080151617943008
1.2950429834414687
1.2971425232787341
1.3186332298687873
1.3133450057997134
1.310354772992919
1.3091567784331894
1.3155904560145169
1.301887982072636
1.3110619043341607
1.311633061115194
1.3094543053273335
1.3144208318376513
1.2867793749688257
1.288450546527907
1.3276400891159785
1.3181383125246748
1.3204855446712935
1.3190626140147803
1.3099314343368078
1.3252944834723797
1.3138199735920832
1.324527646882267
1.3373778951099098
1.333952525870013
1.3276817144700326
1.3187634283746663
1.322291595759831
1.3083474508261137
1.3058799123463483
1.304200780955881
1.3163562948793395
1.3001403091100776
1.3060280521608119
1.3146145940425342
1.3022746570335197
1.304832365741216
1.309127518589581
1.3099711771151095
1.3155357295587264
1.2988030551652232
1.2987674859489946
1.309923790579279
1.3177639591899148
1.31302678637855
1.3228546759080921
1.3213578548673044
1.2991182449208911
1.2978439299226192
1.301980351242333
1.3024995104918962
1.3024154378534119
1.3098452169891057
1.3067859883123283
1.317906950145586
1.3025575880264317
1.3093498721362464
1.3044639073318058
1.3100195945594797
1.3355461367904478
1.2992502914975848
1.3030504226068405
1.3201849993562327
1.3118746908894459
1.3212058326493137
1.324286400058465
1.327360946946459
1.2941453312096363
1.2989598310385106
1.329350950497534
1.3030928370482444
1.3114810943735735
1.3087297394121218
1.3104493819092684
1.3107486246458764
1.310335498156266
1.308944730460539
1.3124183886523293
1.3134261292682088
1.307470964537843
1.3118041465826364
1.3133014968825025
1.3105414384911747
1.3112914705064955
1.309203081567553
1.326814399901713
1.3150832840012339
1.3162992535764595
1.3330147653552364
1.3361665159532783
1.3104167823091946
1.3158809629543704
1.3068825989347679
1.3326873015680625
1.3349548454877775
1.3085809922968696
1.316592456434243
1.3285588735829392
1.3306240837866046
1.321080781160893
1.3294507426297115
1.3386135269962633
1.337243013311285
1.3280857370787922
1.3312629531936582
1.3370154749169265
1.3355254049806322
1.3310116503660152
1.3338823403394167
1.3268900985061367
1.3256589761970712
1.3268831012113904
1.3108045468707359
1.303378036659131
1.3000167832513887
1.3290253281756148
1.3243501754640543
1.3253279989053324
1.327446030747907
1.324377670229211
1.330744764759009
1.3123914480972207
1.3200696627224262
1.3283836395277744
1.2946694754145405
1.3148779689850227
1.327701268072135
1.3240906639542744
1.328614110385258
1.3300020828671506
1.3251790956763363
1.313952191401914
1.3316101340151398
1.3242425122516166
1.3189086107678256
1.31674930587399
1.3007712738797779
1.305222138689115
1.305808509943133
1.3015096004934352
1.303181224328403
1.3106631930516328
1.2987941374735128
1.310480101732553
1.3038519184810853
1.305739127784771
1.2958164893489317
1.2937518696535444
1.3355254512151384
1.316038033370245
1.3137762880922064
1.3125589336002712
1.314866900306078
1.3041295865845928
1.2905736032828465
1.32835094667931
1.3249641434058927
1.324803745520719
1.322910972427779
1.3213441457201967
1.317063729883322
1.3136970544305626
1.3132526521349863
1.3050089106329428
1.2924925602323412
1.3010196565444783
1.3070011490894855
1.3105755250915891
1.31233422436253
1.3106524465011693
1.3154261879305675
1.3018712309597014
1.3052650059381898
1.3037884849825687
1.304591375366022
1.3058975519056508
1.298423392354446
1.3213738584989976
1.3281913585153593
1.3059280858423161
1.3030087408415698
1.3003645154412888
1.301994960820426
1.3028310901331432
1.3050945492752026
1.3253663633365786
1.3071254632404223
1.3191269266002552
1.3013594731844
1.3081915090183036
1.3130111485885902
1.3197587760467255
1.3320695834514107
1.3324476835426873
1.3189342933120156
1.3114074028088754
1.3252715517624396
1.320706773635743
1.3144000647674283
1.3143133938506484
1.3235073569906317
1.3237177150245503
1.3213610944409473
1.3255584948717822
1.3200969313808537
1.3317380045131149
1.3267008764625499
1.3264643723502945
1.3254655994364293
1.326527014741663
1.3111668289193228
1.3059340239878834
1.3100674044360014
1.318544564323101
1.3154645316137146
1.3204382441224214
1.3150222686766677
1.3135149057827338
1.3137235301605559
1.3116562113829484
1.3230154942850851
1.323799352804959
1.3228881400237813
1.314418968971463
1.3142488328329096
1.314069134058008
1.3176924532817715
1.311827354818533
1.3142970508841427
1.323516108733693
1.2989939969545903
1.3029294688786612
1.2973012458922841
1.3040216817843588
1.3030822322912232
1.3250814124301473
1.3261105920058833
1.3245521852721802
1.3284371816368326
1.3276237874279708
1.3061566810340661
1.3197645270653335
1.3082342169486887
1.3039339057586083
1.3306267620558003
1.3085287491661974
1.3079142960534405
1.3093808158780726
1.3202801005247207
1.3241878507698612
1.3182495701636554
1.306056448303301
1.2971689513508324
1.3058309374391996
1.3000549894473274
1.3015222625084053
1.2999596520099113
1.3066454792893443
1.30032968316908
1.3297477252718093
1.3223616448255668
1.3008696289148318
1.3018604235126756
1.320868509245052
1.3254809385393402
1.3152649103039762
1.3274556141829654
1.3237414756431092
1.313863313525783
1.3153197663540344
1.328655309417361
1.3228287577664104
1.3329956318724019
1.3299252395646715
1.3219387125233606
1.3227411731065584
1.3413684299606827
1.338798498214035
1.342273143757596
1.334776309140483
1.3365630001807711
1.335168979299925
1.3239730840292712
1.3197413033201162
1.3315341280047388
1.3321981886900778
1.3252108752209901
1.3245791950134813
1.3312830569935656
1.3272251041263736
1.3210503429804066
1.3236696198017712
1.3187672818299474
1.325609514592866
1.3235416892186076
1.3228412213508198
1.3320307879406286
1.3281907040768328
1.3246220876539683
1.3268870718215338
1.3184101479166035
1.3132805561022576
1.3246360264266628
1.3273579731303375
1.3225611249614178
1.3238691137282248
1.325867916150869
1.3235608082201085
1.3274194726565398
1.3301856326796946
1.324962588190295
1.3271811550407682
1.3381003134692409
1.3343116150941026
1.3158880342923893
1.3235892342948918
1.3130364030020327
1.31785653417294
1.2942567795033442
1.2921398280456966
1.3051032018209041
1.2964580483403774
1.3044616215719131
1.3104112425648446
1.3136892843676782
1.328590461042252
1.3375480564098718
1.33735664056501
1.3151379802011558
1.3007791805759739
1.3052194977291998
1.319927978176906
1.3248542474454712
1.3229137483261066
1.3318163196575172
1.3315217203347147
1.3251097219427737
1.326128805062163
1.3192713594694945
1.3084403717031683
1.3147723673616456
1.3101371979153362
1.3066348433536896
1.3157239008519281
1.316412712727415
1.3195839458191083
1.325690981012379
1.3141784018019476
1.3142055096365381
1.316538028629796
1.319314171731354
1.3110301386043999
1.3241531975268657
1.3176215912682725
1.3164358417635424
1.3327378344268057
1.3283265739803118
1.3283185281321734
1.3203867073426017
1.323662934158475
1.3393781571880359
1.328098447163901
1.3448549247890995
1.3499961488232726
1.343925187207892
1.3450350324257914
1.321264221380491
1.3244417935361192
1.3224746651448833
1.3360515963425137
1.334108386907054
1.3267844118097076
1.3255938679014674
1.3184834274285455
1.3198041648452319
1.3066969000628041
1.3141800963689414
1.3162900097276078
1.3337006397487035
1.324528531565861
1.3081068017443935
1.3058006407596465
1.3074998378733609
1.316506631443077
1.308882011988154
1.3210787302382452
1.319086319872515
1.32913963983714
1.3259312009615745
1.3132939734497202
1.3141250136582252
1.321830633520645
1.3211808550854773
1.3195660767280808
1.3244758660962987
1.3214010903789555
1.3207871721565425
1.3192986909561735
1.335422655336229
1.3307949799544263
1.3173655984795527
1.3191095746818842
1.3228110169666145
1.3131731220964409
1.3279046236325385
1.32223481362283
1.3168225926666015
1.3186071778171564
1.3281465850169216
1.328446117699037
1.324594605509812
1.3298158232333506
1.3319708830758439
1.3243884154710424
1.3259669750761658
1.3182709482093196
1.3119416338709393
1.3180601682151463
1.3282183400796783
1.3270257199948965
1.3264127945241664
1.3351434445181711
1.327583112020176
1.3192190941630915
1.3294342754843167
1.328439899875426
1.3256854103118887
1.3269056245350077
1.3188774327409596
1.3165025072400798
1.331372634308853
1.3238402417113075
1.3246145593124297
1.3239588310050143
1.3248053322571312
1.327261697222421
1.3260695076670241
1.321717429667998
1.3320079871947954
1.323760742622432
1.3199838745657186
1.3314615438694235
1.323051651712808
1.3342411172359219
1.3343043310406972
1.3207904885340647
1.3182705469608433
1.30570073410933
1.3099112643212856
1.3104294489779513
1.3057859612308147
1.3143505517131309
1.3148686495106796
1.3058196683471552
1.3062777756838664
1.3148909151759445
1.3112385339087498
1.3037950507966478
1.303165676435295
1.3014318512501344
1.3103529555646833
1.3342783717244093
1.3213317485528973
1.3273280691504834
1.3213156040822707
1.31149496000456
1.314197265922585
1.3073510859173778
1.3159970802361831
1.319539960636004
1.3186438934298943
1.3206734015869075
1.313185308726228
1.317594177489467
1.3276854419917352
1.3306842446834783
1.3162298577441243
1.3286527466994043
1.3244020631231788
1.3041228067469675
1.2994005292171333
1.3268400623792913
1.3196451710375887
1.3239253830870756
1.3269516841851332
1.3131053410920985
1.3084489320797437
1.3250792875586717
1.324871002440498
1.3215321658146626
1.309346466319474
1.3296068292312768
1.3196870979213033
1.3188748289958074
1.3091993052732056
1.3128424528823581
1.308396614668811
1.3191369314240344
1.3257772737753344
1.3252433959406544
1.326516011984345
1.3115022734190036
1.3192801662386164
1.3199547937509266
1.3099136204533566
1.3144332765313085
1.327605494427027
1.3091127163572307
1.3170309731968939
1.3307940631299038
1.3273801459312642
1.316024838944759
1.320968816970246
1.3131337193479447
1.3160906730191086
1.3379662061561004
1.3262493241858042
1.3197714523365442
1.3229730492511098
1.3110250490558706
1.3196141922661895
1.3154997199109284
1.3147266070049934
1.3129513663360717
1.3102561616191144
1.3163602047548448
1.3096998570590888
1.32289342823742
1.335031485723681
1.3285052233194656
1.32234336729588
1.3187471719387844
1.3356089887866704
1.2955804005226912
1.3075147975249555
1.2997992302882229
1.2984473150548332
1.2978773758520303
1.3119082840648695
1.3038221353049493
1.3111138078053446
1.2952184006713527
1.2997433363345734
1.2946085041042605
1.2922745326616107
1.3132109386127868
1.3139738089074822
1.309003016497187
1.3006400461015912
1.2917811855376573
1.3044596172672493
1.2949231810472241
1.307546678702213
1.339705594302243
1.318260143715092
1.3168593084816267
1.324056529654771
1.3207860797030584
1.3269089007451558
1.3343594062519724
1.3361109832124412
1.3165810082867553
1.3292950661222611
1.3257831035885996
1.3179370648508906
1.3365782551787904
1.3249439892450865
1.317804577257692
1.3052527115912496
1.3128247425368598
1.3086821032834717
1.3109681842534073
1.3143359173535358
1.308532551661732
1.3014797276619785
1.3063683079137087
1.3132401059037073
1.3202535268569973
1.3312284305368038
1.3294321263132292
1.3062427240764833
1.3203340352639654
1.3160579277238214
1.313506722182722
1.3229534233223075
1.3208299194823763
1.3099380497337836
1.3380158977311916
1.318120196185074
1.3094790633559092
1.3116543629902135
1.3129838840332588
1.3088385032622862
1.3136166718385127
1.3265358441345394
1.3329136453521329
1.33619499783469
1.3209245779160472
1.3238627941310996
1.3151725234690566
1.319707529509383
1.3288903956887126
1.3226840723186544
1.3117453366092198
1.3244922153046677
1.3279886945295438
1.3206390457546398
1.318796458861457
1.323695041381659
1.3200896172406216
1.3180134625706352
1.3203572032118045
1.329850229843442
1.3272094218420596
1.3185105255754064
1.3244420868400189
1.319926074712387
1.328803526972777
1.3284966917156678
1.3222059798014107
1.3217032029384561
1.3140352458927451
1.3262391824288322
1.3273002592810583
1.3248123985623224
1.319708415863852
1.3141993280613251
1.3204053238511237
1.3251870781242454
1.3140217334786475
1.3265656613163144
1.3250425516700564
1.3244997172123485
1.3250430973737781
1.3232060363601896
1.3228909864951839
1.3231758671334042
1.3271231049287897
1.316627072680328
1.3196788376239759
1.3291094944526514
1.3256681966881225
1.316104037192693
1.3299299509859124
1.3318384541680561
1.3236473744745332
1.341212706172701
1.3438225886486752
1.339890231680893
1.34188569583778
1.3400723930161005
1.3249619154427772
1.3212456007757787
1.3213195615842455
1.3227850525174372
1.3303437284070045
1.3113753414232936
1.3172157989391908
1.3175786942087977
1.3260719780332109
1.3220541748726957
1.3136037540619376
1.315618459897417
1.3252708965068996
1.324072569673101
1.3228095113772866
1.3195228813068782
1.3111263075952841
1.3177337621206227
1.3142826243242183
1.3256313384581329
1.3191748261234801
1.3188517776813253
1.3207394268144774
1.3195158535988347
1.3150106417793301
1.3183489671169986
1.321929654801089
1.3356622749433789
1.3275844756804736
1.3148381682007304
1.3167946546998124
1.3123583864703159
1.3112734858306847
1.3144053133324538
1.308743995724217
1.3124313561792373
1.3168400291252702
1.3145299360662719
1.3136626031734624
1.3201719274979462
1.3155075301780785
1.3106720236900746
1.3076396328655546
1.3230105298686627
1.3233113677447608
1.3317638203191107
1.319128174604189
1.3258049310215576
1.3249986311354804
1.3239264062285492
1.3169609059936547
1.3173749666176024
1.3173297180717007
1.3182310431781896
1.3262835658954404
1.321622195514776
1.3255166844306492
1.3140147613748216
1.3126255787756607
1.3203367650805118
1.3316190516432214
1.3345576895870337
1.3202194169013737
1.3186554257865946
1.3099375793825685
1.3243367636991021
1.3169163155196815
1.309073847445235
1.30591792062885
1.3247503662455498
1.3353138907037907
1.334115158841979
1.3225525779675698
1.3334667611534547
1.3333008760704896
1.3396491123536436
1.339409226269934
1.3437375235213829
1.3335173441392192
1.330596089384341
1.3435884464419734
1.3428103286204462
1.3315181350642595
1.333558630535302
1.3299329515449012
1.3261079168412693
1.3301111902793845
1.3203835424165213
1.330283127527639
1.322329841921447
1.325013719258632
1.323437360707169
1.3147057021879047
1.3204047709972542
1.314944717364932
1.3113582342461065
1.3259043304779583
1.3220466990352375
1.3189641962364138
1.316408017177896
1.3208887368292184
1.3269002323930064
1.3189153598882042
1.3216228503407594
1.3210280601202506
1.3181102640367257
1.3157050526891556
1.3176776151093674
1.3158716763018978
1.3071930588637428
1.313395768342648
1.3137772383168753
1.3155494967649453
1.3229298566232726
1.3183674318960097
1.315205617206581
1.3125426919469878
1.312367832974763
1.3164448611749937
1.3183760836575613
1.321894980778424
1.320350536804821
1.3293081347508968
1.3216590011830494
1.3298564917492708
1.3262508457472069
1.3263148214265619
1.3286674762613135
1.3240153712772276
1.3099397801701653
1.314761045363487
1.3060105961968116
1.313879621491126
1.316869041566879
1.3179073423714769
1.304985608601893
1.3070029647959958
1.3179171258626372
1.3247715856047524
1.3286705600613746
1.3018456532378497
1.3248190555868202
1.3222716810303383
1.320806041058986
1.3241778401911268
1.3261985780193537
1.3253661367061536
1.3259436095097779
1.3238002750300217
1.3087831977517512
1.300283815808656
1.3220752458328549
1.339222865028552
1.3384228181355093
1.3439931446238649
1.3475971162565696
1.3527206907449543
1.3421447797016324
1.3486799405385235
1.32933487189344
1.3337635960613727
1.3356292424978982
1.3273032680252024
1.3264340041187401
1.3252401318965457
1.3481019573809323
1.3281776736464737
1.337501672966693
1.3261830518724858
1.3154152085386308
1.3129749787350995
1.3252131036453942
1.3172209536257664
1.3215270234050416
1.3229523521957123
1.3219674484238706
1.3119131655131684
1.3124889414839798
1.322945520663986
1.313712306156241
1.3129055418108073
1.3179266218903074
1.316123113891127
1.3222419951874154
1.315680230226282
1.3253961996272472
1.3222348956180683
1.309710173324133
1.3232175126380306
1.3210576209742109
1.3183706775726907
1.3115306017690835
1.3190395431972288
1.31953194357625
1.3217295792751393
1.3292388025226027
1.3182685269377552
1.31599636202232
1.3210963287694235
1.3171594627802432
1.31522510150532
1.3299904073333801
1.319925840395409
1.3257452939061243
1.3182605680658204
1.3157842795921924
1.3089150706686243
1.3179518509629067
1.3159253199572685
1.3172186591038413
1.321304646240452
1.322277635824646
1.3188015413025007
1.3295728965600844
1.3124851309425316
1.3152283801749691
1.321437469642783
1.3130768477980843
1.320188025142149
1.326089995821835
1.3205349614255908
1.3117961368804023
1.3168123703623302
1.3163650548999108
1.3213861589833182
1.3237101942054785
1.3212362527531367
1.322699833020712
1.3224513515861311
1.330450802306189
1.3101205893817127
1.3236536205779172
1.3267494156017012
1.3200326485801248
1.3151058617153393
1.3187388501528001
1.3048708454141071
1.305714608593629
1.2994355913195943
1.299211438782619
1.3066440809534698
1.3077591565961868
1.3000219816963285
1.3070672920428308
1.318055685792146
1.320633838807981
1.3037969913233882
1.3054309270915267
1.3015835549933923
1.3024961872133471
1.3248766255288544
1.3059499657957476
1.3162749696099982
1.314089705204232
1.317122470674243
1.3277859934672038
1.3264680919038974
1.3051140091581557
1.3088662532260096
1.3179444588401932
1.2945531423988998
1.2964771303437503
1.3121066849441152
1.297730225332997
1.2922935952084347
1.2911834797756143
1.294086826524579
1.3079291828142072
1.3083241234604397
1.30624688130901
1.2987029750399164
1.2934727521457365
1.3131391161422303
1.3131352912971657
1.319003533047718
1.3087433587071697
1.3152915341056213
1.3207812644617671
1.3238946288692615
1.3180552569683712
1.3239995997691907
1.3156068813410433
1.3180845430060033
1.3147559713398496
1.3138218840422824
1.3130967076660869
1.3269405741258444
1.3229111975151486
1.3144296878954016
1.3324520492791099
1.3260719510645904
1.3246450712262825
1.323993066586465
1.3340902731106357
1.3269713976188409
1.326334641501409
1.324410362808792
1.3248453147808894
1.306654842599506
1.3113476668586437
1.319824372805964
1.3173139888778338
1.316816472046222
1.316375032946949
1.3111074263973133
1.3097348159823075
1.3110513478152384
1.3259344322633249
1.318191806455057
1.3285070448904224
1.3206745772669664
1.3125516705653586
1.3121909878316695
1.316678261341961
1.3214367932059246
1.3348586902831276
1.315190090437557
1.3236053354251147
1.3119722846055262
1.3083378124082818
1.3092670360273047
1.326779381031385
1.3148835629957547
1.3187562819381782
1.3095909260706582
1.3103657640320363
1.326245647160697
1.3240076766440554
1.3167982798248266
1.3164735453828327
1.3126337779461041
1.3147229280051538
1.317714099119095
1.3064937934658583
1.3177460723928123
1.326729262648739
1.3233871105815092
1.3164843667324955
1.315097999976093
1.3276338793513225
1.3203894754151986
1.31415092970007
1.3130017561104865
1.3180907924088232
1.33566016576831
1.3261481520988738
1.3212099750240534
1.3048974437570495
1.3225765682676798
1.328295929473155
1.3222437773308473
1.321758232312848
1.3181310722494144
1.3315539060308648
1.3311930113378039
1.317266668295341
1.3314015902364797
1.3328996794761339
1.325969255400479
1.3199925408257325
1.3237914438531901
1.3254174885940733
1.3176536504283947
1.327203536299594
1.3286837924978907
1.3331569358500162
1.3156115882769603
1.3179465604151814
1.3307404872546835
1.3258340606935841
1.3147386858974053
1.3275645076012612
1.3277089102992534
1.3295114139341615
1.3250008460729936
1.3190665645502109
1.3166185918754851
1.3170593916276836
1.332432852901847
1.3240672433319103
1.318918163600878
1.3166593495579266
1.3146938652457916
1.316002062625165
1.3203747741525969
1.3268993250951
1.31690329999257
1.3159494041337003
1.3187978670097555
1.3146278267140135
1.3115592380031469
1.3197269304019337
1.3206140286085069
1.3134052553021007
1.3272190806407904
1.3230838083254273
1.3268073983046
1.3271456911333899
1.3362596612167832
1.3151894894324752
1.3249580152838691
1.3266313768216849
1.318612823700302
1.3194732407156213
1.3150787106455277
1.3187876690477989
1.320102737815026
1.3161342535955576
1.3160318652367673
1.3134952185558548
1.323079697651601
1.3208635679947696
1.3134420261114177
1.319315465965218
1.311821324412393
1.3108107673521732
1.3118518887402473
1.3116665619032348
1.316927284914149
1.3117801400804359
1.3193770852817746
1.3316893254640212
1.3254568685094066
1.3304459681683147
1.326018816221138
1.3255689348382669
1.323443581321166
1.3249523859741608
1.3210341107263452
1.3215900263886065
1.3343501417018766
1.329544131699887
1.3283269866929421
1.3343347785868942
1.3322394064755954
1.327537112151845
1.3278720734341873
1.3245486082615454
1.3268009799333156
1.3322817580352189
1.3338533312283798
1.322188882264317
1.3231056042256506
1.3256144611560667
1.325336351012312
1.3337272245296408
1.3272913347759194
1.3270536121752365
1.3357012988433639
1.3181797208632047
1.3285839240187831
1.3245339315969413
1.3172340029444694
1.306612927305109
1.3031629579221187
1.303544167765079
1.308155554549077
1.312651327451666
1.3013547161768584
1.3033109723695877
1.2953896174459822
1.2866897559057322
1.3147122304339534
1.310850964711434
1.3263731591255956
1.3262897145332022
1.306103068647036
1.2883425656560925
1.295001540964683
1.2999836174687325
1.2947718526783738
1.3039924051762188
1.2932478652364536
1.3137947426555396
1.3262647807188301
1.3289116072356986
1.3322201811953749
1.3268599835420876
1.3242631654894492
1.3218857750827109
1.3083098205275778
1.3165828739732897
1.3178662166647968
1.308846424499964
1.3143042049065343
1.3125989952500603
1.3203324494076243
1.3226797835004942
1.3222799332387412
1.3100450626760956
1.3307835592686865
1.3213331663804435
1.3207552172358057
1.3066650827435429
1.3076354092183546
1.3238450966974475
1.3296942526399087
1.3262698764860923
1.3327260774317413
1.3225242808254134
1.329541148516782
1.333858030085816
1.3387878477330817
1.3309233727531251
1.328938782308528
1.3264592116379261
1.3274925825054205
1.336473994469056
1.3266022363426186
1.3278952480578492
1.3272468247642415
1.3228090845756442
1.3286112555282226
1.3133564267545845
1.3171034842046114
1.301495851161303
1.3037704627678866
1.2889019359546814
1.3047694394875398
1.2966151470234397
1.2952627820948965
1.2934125519020923
1.29339035955935
1.306019977008549
1.3065879990406102
1.2992201349427008
1.3260086140077085
1.3300882330502328
1.3191524461708626
1.293912576357132
1.2987922198890707
1.3207371863724213
1.3056053606657938
1.304500674855943
1.310899785255803
1.3247478567938065
1.3217419532442565
1.3210840168110398
1.2917198300407493
1.308015439897467
1.3238160366386702
1.3146825281674202
1.3088676876606533
1.3064485332620095
1.3135796484999702
1.312973857211385
1.306820290596151
1.3154851286743479
1.3132139263215974
1.3289455740879532
1.3163389156335552
1.3082546300727216
1.3161341776540145
1.3300356841570584
1.3277592467889108
1.3217595476969521
1.31776428584244
1.3220719731088644
1.3267571682864565
1.3261696706155701
1.3208683218283448
1.3086575172783965
1.32264312367587
1.326719513209601
1.3294716791065315
1.3147561892017272
1.3170230308248767
1.306186576425119
1.3077909854367056
1.31763756820232
1.3264261764387237
1.317814927180191
1.3351890017774652
1.3277240079447377
1.3235086052730336
1.3196027766121616
1.3170316746376671
1.3175552136302686
1.317266421696552
1.3175495656872904
1.3222147180166963
1.3383768945396455
1.3059288386971903
1.3010924246777549
1.2997947908341985
1.314528735389043
1.3199390641251545
1.3124040693275936
1.2978739541495021
1.3001354304395267
1.3011194696654373
1.299081728878026
1.3193323430718378
1.318127190207054
1.315940950438959
1.3010224822015337
1.3146124000862673
1.3211478467289177
1.3130706241898455
1.3035031976821865
1.3107777021576126
1.321605024807435
1.3118438478021204
1.313298694797674
1.3248340844585573
1.318111636245943
1.3154814720324912
1.3198729206708955
1.3227568681552584
1.318672411113279
1.3210484303527708
1.3226041759708493
1.3216612791772244
1.3182198931966271
1.3267050442240844
1.3198601451432206
1.3121424782977187
1.3229955125505715
1.3266557725270265
1.3283966655359858
1.3331486334567832
1.3290163597776135
1.3161954123852488
1.3251926570490689
1.3267488035230393
1.3221215465160356
1.3069586827628432
1.3170060211520667
1.3285625061299737
1.3103435468217164
1.3337657017702398
1.336575210425568
1.3380148271698913
1.3327354522053445
1.3223125861097667
1.321831642135204
1.3339656345166901
1.3235855253712263
1.3264938158234079
1.3167835409800577
1.308369072855963
1.306023616086848
1.3085031489184415
1.3049428364376638
1.307673461556984
1.3084351638333385
1.3225400904406337
1.3121970637471352
1.3244137375374259
1.3066206498764368
1.3113469907870956
1.3081283223101365
1.305288289088234
1.3075990377168678
1.3073207592142788
1.3193144196591327
1.3079844373786282
1.307380708194788
1.3080918873634333
1.305815277206712
1.3271067477206673
1.306495827058918
1.3204571818612618
1.3197228359465867
1.3277878744077813
1.319555670642533
1.3356096017771728
1.3329374254529525
1.3203526941071333
1.3134535528313773
1.3246177857568924
1.3277433773651723
1.3139466383999656
1.3198994463836562
1.3279997756592565
1.3221461900981923
1.3159667590404625
1.3276041893319497
1.326745716551291
1.3191169894770594
1.3296141263058183
1.3219835401483002
1.3157440894903059
1.3257961748140175
1.3241340065826896
1.323704643715243
1.3251141807060647
1.3198119321533346
1.309782501415018
1.3093123091284418
1.3036888994494773
1.3154437687917069
1.3085582200857666
1.323719409377078
1.318392235881658
1.3240936468029523
1.3075718793861584
1.3070645433743668
1.310858909531838
1.3065052674685813
1.3033043489886897
1.3063167212039264
1.3012212002804207
1.3088236512093507
1.3133337806309584
1.3083959780165704
1.314192352600264
1.3138418827710632
1.3128247760978002
1.306156302032909
1.3039642992083422
1.317218263568645
1.3009969472356797
1.2986881903565692
1.3202489792226266
1.327909396478368
1.322119542595208
1.323411332960197
1.3237877443168937
1.3086371634583276
1.3124497044525651
1.3204311779907898
1.3282018456454567
1.3214200808957757
1.311407707416347
1.3160849927273506
1.3170529248133551
1.3256191274714313
1.3287197917355587
1.3315576318556785
1.3182570910367006
1.3149382694296243
1.3125656359709372
1.3110584485064314
1.3130016782848117
1.3106745681340388
1.3089378655013981
1.3048073033226208
1.308235713441113
1.3124801547816909
1.3205904451335284
1.3087193726796635
1.3113740529076747
1.319946783867089
1.3168090810408761
1.3130508185883885
1.3071172867809175
1.309903227819713
1.324999171181415
1.305079344892528
1.313953190332448
1.312720957734437
1.3213957142414485
1.3214066980879695
1.3101897248769452
1.3207495257845188
1.3238595611850439
1.3187361727029694
1.3125285960947075
1.3241990611979217
1.3280595615118027
1.3139535185682087
1.3251137593717646
1.3227219966980097
1.3225118433410081
1.3212592870170445
1.3206978018675888
1.324103447971417
1.3221862534216442
1.3120876994877013
1.3155882116938544
1.3205010840510867
1.3247531233530871
1.3265002815664861
1.3371882967067734
1.3396372339822815
1.343894299468229
1.3263049741024004
1.3206594522957398
1.3244408975644484
1.3253647994382394
1.3251210314347506
1.341169909570178
1.341335247527383
1.3287929173344715
1.3388789261621392
1.340008352292054
1.33232967381177
1.3314599251912715
1.3350453422314972
1.3425175671061158
1.333002159337745
1.3430607770439862
1.3432793007381474
1.3291797770773803
1.3202032010694338
1.3216564119985303
1.325586958374516
1.3260153718999714
1.3436944553163743
1.325160971104727
1.3414734841562117
1.3443691219084657
1.3307357380549438
1.335599429651025
1.333398256245764
1.326967126539396
1.3251379553142735
1.341034244066551
1.3374755394258715
1.337688801406004
1.3340980936602773
1.3270264472192073
1.3230047450075377
1.3233848087125946
1.3233528043190008
1.3316112531182436
1.3296418686846003
1.3303792518105793
1.3287764350117837
1.330601272419562
1.326107318475258
1.3279508176272148
1.325272088981768
1.323991889273437
1.3155598337163448
1.3149379454108399
1.3120815208035133
1.3185332990744656
1.3181560214207715
1.3190813800978034
1.306411724167819
1.3209957626884956
1.3214843040002142
1.314412637993262
1.3163396874332298
1.3246286113262578
1.3218453125567913
1.3145960558197558
1.3192546497662643
1.318284983349365
1.3234494572316224
1.3211979209064308
1.3269540309582635
1.3238315646649836
1.315652727810953
1.31080504905106
1.311776248560122
1.3007502334861762
1.3158298386479252
1.3139659361895495
1.3101562694581874
1.3140021798424617
1.3189812832758223
1.3048621253567767
1.3151134658939345
1.3178680842834805
1.3160903873633432
1.3131537193489677
1.3090772459299862
1.3316021309234507
1.3409826426275726
1.3049397953133983
1.3298023722747323
1.3337205095763032
1.331087373620111
1.3330148789935925
1.3302556033840092
1.3126014841605247
1.3171086396270701
1.322457998407039
1.3252502018772983
1.3163945164377397
1.3231965109969623
1.3231225840800984
1.3247066153717246
1.3206286411704329
1.3268571447044244
1.3284594047789045
1.3328925371226616
1.329748674571381
1.3218909145402018
1.3060041160501918
1.3167620449347528
1.318718176144271
1.322959378768714
1.3199145546072961
1.3224568443628264
1.324203319028401
1.3314680677172825
1.3261830789612286
1.3279222466744804
1.3164344348363264
1.3140348806286164
1.3178613052811197
1.3261006372593669
1.335940963409118
1.3375683378157548
1.3373623082181203
1.3364279376237622
1.3357652090963368
1.3370160277828813
1.3345997798670286
1.3353361071866618
1.3405927330972032
1.3174028209029767
1.3228712666526268
1.325739659928581
1.3233349642750059
1.322146787336925
1.3573867448356232
1.3481219051413442
1.3229395107616113
1.3206144844867649
1.3222187723036867
1.3202238259593106
1.3218065911540315
1.3195611691290356
1.3246600179865657
1.3261807079839305
1.3220291589408268
1.3266444760486384
1.3218693962520922
1.3244305892606354
1.3254548193220734
1.328410750259352
1.3212867185830406
1.3226862594797533
1.3192715465286142
1.3268248561081677
1.3233874653575393
1.3261974194890847
1.324042412874994
1.3204957624355815
1.3253553231567705
1.3229373138466396
1.3268763076991121
1.322101705908816
1.325351206444953
1.3234517264828685
1.3227972959407057
1.3240036442788938
1.3255385553968926
1.3213388721323436
1.3264314816575946
1.3260986196378823
1.3255591878121955
1.3233637115783017
1.3227349905321273
1.3065686341209195
1.3054726920235085
1.301914755710252
1.3028925051216393
1.3140347508985788
1.3214914956619597
1.3054111524214458
1.3251395744526226
1.3146008367873323
1.3150881271786832
1.316527106909996
1.33569927630988
1.3360200895895011
1.3555958001555628
1.3486458819160683
1.3495395410690392
1.3228658180499073
1.3300983540606637
1.3455769629120569
1.3523925431695598
1.3449975040063502
1.351076353427821
1.351301179694336
1.3294286705670255
1.321892475803199
1.3221448103249094
1.3523160122860591
1.3561616304859259
1.3534217805310573
1.3463812520659324
1.353164414829904
1.355085965879601
1.3531581702197637
1.3569596940810482
1.3558674845441883
1.3211489232192446
1.337143579632488
1.3468597255596486
1.3331187830303266
1.3514669966376214
1.3482807032247273
1.3539308780559662
1.3458955014488583
1.346060250399331
1.3450562882144124
1.3229217685034482
1.3267280140335072
1.3204942003588012
1.3187394611352319
1.329886336062627
1.3264806994792142
1.3242293618310075
1.3259742625935622
1.336100059389448
1.3310025600819944
1.3260838119313436
1.3305506990028215
1.3289749327261167
1.3279192111913374
1.3299967410646238
1.3187494772127883
1.3219276252220682
1.3151576084880137
1.326344720625772
1.32221689142315
1.3204051557964585
1.3263947917809809
1.3251567100252344
1.3285007877240465
1.3250377733594476
1.3219553291382222
1.3265924932650177
1.3252810954918806
1.3265191236725864
1.3251438224313894
1.3299525651579978
1.3278905076132055
1.3267215768281135
1.3286792310684408
1.3268143648638806
1.3300670833627044
1.3293225320559234
1.3168496151761648
1.3146581472389276
1.3158807945529833
1.312092491508433
1.314789403908078
1.3188240137402505
1.3148079623256075
1.316151621798892
1.3304121127808373
1.3137519752870228
1.3225018811736877
1.3252880895150414
1.3199653498337633
1.3204233735568869
1.3259696759580515
1.3251638862037316
1.3232050709016825
1.325269263786146
1.3331763187721961
1.3247287575417532
1.327722560175696
1.3233867565796473
1.3328773768859712
1.327280364214698
1.325836599945057
1.3292534501006283
1.3307660848661473
1.3274309350904647
1.3368342679745397
1.327699179739942
1.328128362723967
1.3303758707041027
1.3229799307866879
1.3274823153701942
1.3240130132050991
1.3291899871168955
1.329153173148491
1.328297936705523
1.3253921055543496
1.3279266130497724
1.3268138665885474
1.3264298054402612
1.3245888285975003
1.3262789063540354
1.3291491661228323
1.3269961115970135
1.3260393191879976
1.3238626835446266
1.328060587186431
1.3295932142028277
1.3269183414607635
1.3336742635885392
1.3243711569479921
1.3162104689583716
1.3277975057087723
1.3225880444962954
1.3170574735595966
1.3177419290843435
1.3255064737298612
1.3238666350093538
1.3207563964507945
1.318803188592625
1.3221566230180863
1.324927930257471
1.3212714827604572
1.3228886952617334
1.3207859345627222
1.3237584363130994
1.3218202309915807
1.3216632200088647
1.32480746942228
1.3226771331978304
1.3219556177143355
1.3219983066274292
1.3261533712411833
1.326843525471179
1.3272512398366967
1.3275979699518519
1.3223003698864118
1.3198798417156197
1.323321958646416
1.3299365874071836
1.3221216816692083
1.3244062412707471
1.3226227661942491
1.3275930791042672
1.322855124972532
1.3301471340921096
1.327077975275405
1.3305036090857145
1.3249005979540962
1.32690551874942
1.330295340358946
1.3261835957775674
1.3281012841015758
1.3282438287807887
1.324473762553028
1.328783289954103
1.3283408636358964
1.324929660621626
1.3326767856542987
1.3243579990183918
1.3144262947794387
1.3190097790222128
1.320970089949834
1.3203609792780628
1.336818312449426
1.3297319227037097
1.3201141830595848
1.3168976821737983
1.3282615236720858
1.3149626841041773
1.3178210999154
1.3191369964729105
1.3203721702496591
1.3186665523265626
1.321254322808162
1.3196256705186646
1.320189604907708
1.3279605622489943
1.3256040700406158
1.3252042751239783
1.32997968756309
1.3241238857525086
1.3282738049523044
1.31963861672656
1.32318848453921
1.3251373013433292
1.319997830546676
1.3199779384937982
1.3201955620737968
1.3172589105352581
1.3244919024277202
1.3210630314295657
1.3247032898907105
1.3215469527926518
1.327163168507084
1.329770681342976
1.3308528454655282
1.3319532095326616
1.3286449648825698
1.3292676199923648
1.3225788958794338
1.3264717023341615
1.3270788484463194
1.3222971245969446
1.326962760647014
1.320986148289457
1.3187375333184155
1.3170153770681812
1.3314443308574315
1.3223789486998387
1.323164086746631
1.3181054118720625
1.3170965040402742
1.316591713129507
1.3246125559329742
1.3276335080044135
1.3322119771818048
1.3265053242869462
1.3256391052051313
1.326481911299066
1.331250449188639
1.3281907636955004
1.3292106079322021
1.326224504183748
1.323724874787165
1.3270019207134827
1.3259993414655498
1.3331674235769133
1.3268919282905283
1.3305107946247017
1.327263772599775
1.3294615559360634
1.3349513722868727
1.3289548957260566
1.3289379247878021
1.3335252304827272
1.3293965668676981
1.3313377055511446
1.3349535440189761
1.327678123557735
1.3349985476863462
1.330074937715868
1.3255815553141999
1.329985662711833
1.3319076241893169
1.3209839173367726
1.3280008350663697
1.3220877911000892
1.3147310470109501
1.3268350050874114
1.327377540582813
1.326127574477519
1.3299271592222406
1.3300622529833799
1.3264107506771692
1.3169641369703693
1.3228224997293536
1.3229757972568938
1.323510567026285
1.325462601505912
1.325031265001652
1.3174251856604655
1.3156310159556446
1.314245262636507
1.3139140947892018
1.3188067604717524
1.3118297280124085
1.32491605916178
1.3178376288774365
1.319119518936989
1.320966248615289
1.3217971695621111
1.3240398736338739
1.318632618705099
1.3250058591742726
1.3241396822816067
1.3183578595876064
1.3233432825424392
1.3193435146203571
1.3101455114538691
1.3135360990521407
1.331304158558838
1.3303435333608473
1.321770138446753
1.3148956712347473
1.3152187371122117
1.3170854747729697
1.3163709368335568
1.3185174849959727
1.3270837973696246
1.315429369540131
1.3134983221663492
1.3217826841758133
1.3137475038059296
1.3226637529566898
1.3308172975119446
1.3328934537140198
1.327317517431195
1.3334416818261265
1.3319159695659963
1.329237254836961
1.3294388932947576
1.3325251879013558
1.3369272781351982
1.3263021001902404
1.3123232771896718
1.3118053518008215
1.3079290853352636
1.314337330684464
1.3221590028740644
1.3236819537737468
1.3142566455999292
1.315106934347262
1.3256502171672357
1.326101900340468
1.3205259033286658
1.325435146613516
1.3201532271836796
1.3159051761567901
1.3213121064066333
1.3281206038582734
1.329200119748224
1.3275229935492916
1.3301181258639758
1.3146365098791088
1.3175243680496758
1.319119197366155
1.3191819286054138
1.3173254482102892
1.313568453345042
1.3188217968169202
1.319050536872594
1.3205910180759202
1.318821403689976
1.3171671325129297
1.3143902601191573
1.311943128679864
1.320959684473714
1.3270100368838562
1.327601802323639
1.3295382382077536
1.3236279041505852
1.3218535283131068
1.3149087904140224
1.3237881664614137
1.3251284516108266
1.3267649018088874
1.322037676893695
1.3267538662098735
1.3280912676016927
1.321574726920126
1.3318696984055467
1.3149603711184894
1.3128350434710931
1.3152592745346925
1.3156269689856854
1.3183431023039525
1.3297099673015165
1.3208608182641892
1.3321555669592842
1.3294241417959671
1.3293147570854569
1.3333374822738444
1.3243546123148684
1.3230167629102427
1.320324954603353
1.3277086124821056
1.3290112213102714
1.3274668300535153
1.3310909385529026
1.3279362116392557
1.3263737645197407
1.3256772098229912
1.3256502059749182
1.333234113049406
1.3178377884557073
1.3315823398004918
1.3178943450044458
1.3202609241180157
1.3198796371252492
1.3253574643404715
1.3244946938744186
1.3258287500017492
1.3300061357360318
1.3266773941217578
1.3293960087018706
1.3271401972655479
1.326505656077152
1.3239364585846682
1.3252685495035355
1.3318169507419013
1.3229059677484791
1.3220793107878022
1.3171702323872705
1.3178017941588338
1.3162793581391037
1.3275338860254375
1.3359518066244271
1.3327557761766102
1.3275340163636344
1.3275951696285608
1.328269315774508
1.3390651728167555
1.3415968565951124
1.3391587243338494
1.3373540467501772
1.3288403681796492
1.3319315977387451
1.3320470502015098
1.3314061575802745
1.3337401473724793
1.3298939333164672
1.337193454502568
1.3355459466453525
1.326884285638124
1.3280925036886366
1.3236800913750066
1.3264714635817085
1.32847792264437
1.3171994555508053
1.3160240401979753
1.3243972170298663
1.317276004649831
1.3220134391392209
1.3224191566217272
1.3254693718354926
1.3237013331133927
1.3216615796383475
1.318905972386787
1.3273759821863194
1.3216318164419696
1.3263962329099983
1.3224435784653628
1.3226325140770772
1.3229132508771013
1.3223797254011198
1.3229970602480987
1.3248085198235653
1.322871696707098
1.3224288967488598
1.319429577798272
1.3306474477878398
1.3199167384111699
1.3230346957003238
1.3255636551154406
1.3241135773364943
1.3283870026826268
1.3301325461801392
1.3271987502408393
1.326445077376019
1.325862756008858
1.331785994375412
1.3301731695525796
1.3331264922411123
1.3323685464850512
1.3369744149012188
1.3349556332673114
1.3367273089616702
1.3372919727090227
1.3313851913734847
1.3311984780341442
1.333185098050984
1.3398073687238492
1.3281344058089086
1.3297966646857746
1.327695783896698
1.3226775547789793
1.323367140956614
1.3198668675620076
1.3263902349345251
1.3282964225170808
1.3318977168619335
1.3241989579924462
1.3215272333590808
1.3310021219272856
1.320894893856533
1.3214275299884892
1.3176725841605474
1.3218530669112156
1.3139261010276817
1.3277549813327796
1.3230182086811826
1.32506210552137
1.32284268992324
1.3172439150151998
1.32033179034272
1.3219208969009342
1.3237839462595224
1.3254792998033487
1.3288656353566581
1.3214177465506867
1.3300417887485687
1.321865520530536
1.3203313067810003
1.3235726057560344
1.3193375499639277
1.3154187576703031
1.32050340392112
1.3256936625576996
1.329939527880937
1.3233999662129223
1.3304463352601743
1.323002601641182
1.323657654205895
1.3252018646825525
1.323196177061668
1.3212307251608828
1.3236270734784055
1.3204393293097096
1.3161632468198254
1.3260770977078469
1.3198276382674257
1.3155811371597157
1.323921482716855
1.3164872870974227
1.3118349218027012
1.3314486534625356
1.3209383225996754
1.3215132311898428
1.3197632124005756
1.3229389099760707
1.3296950109531265
1.3345178101546173
1.3259559236645286
1.3254451434308547
1.3234954668247882
1.3220673384975496
1.3204266507939295
1.3207236002810834
1.319961245765208
1.3251649456767316
1.3191237990218179
1.3196666081821602
1.3209975404504555
1.3195728696859768
1.3150562738818625
1.3236895389579597
1.3310131335023103
1.326936973560243
1.331458953346445
1.3174019194160167
1.3178798270804182
1.3152420792783217
1.314639679686502
1.3241729920349077
1.320184779904785
1.3125348764262053
1.318089692025386
1.3224751752817423
1.3265185915043933
1.3251800507032878
1.3272294308097812
1.3251391511455055
1.326676514568789
1.3214326196973039
1.3263489131344217
1.3275239200592763
1.3159148191256953
1.3134186324275319
1.3127024896256758
1.3212735990356643
1.3221795759974773
1.3210824197484174
1.3174539619107148
1.3318389897053597
1.3227364195480729
1.3255465064851084
1.326725909759922
1.3282614832257644
1.3265463344383182
1.3254535549287518
1.3298631020713503
1.332543904663083
1.3305379647592819
1.3227358384550616
1.3278123327691917
1.3297024113281715
1.3283905931853153
1.327416560307949
1.3330415007128849
1.3337500585658715
1.3234549738464472
1.3297147761015398
1.3215219932158595
1.324750798424741
1.3270714967704094
1.3274028943660643
1.3227005471783044
1.3289132813700952
1.3290883975616978
1.3281836335592456
1.3285352851892214
1.3306141396804179
1.3309745207623058
1.33532567861148
1.3237972721209579
1.3313081638638633
1.3313888399383311
1.3289249448486722
1.331261072621319
1.329009311676717
1.3265964036777862
1.3284472511735181
1.3227787482328186
1.3205872052287928
1.3206659168665613
1.317569282675222
1.322118257748956
1.3319377426870456
1.3306927451668986
1.3302328780670594
1.3351979298514276
1.321141124383041
1.3174388942087714
1.319647897168501
1.3177533112764297
1.317688191800689
1.3175174815890205
1.316860687912521
1.313209159419042
1.3165263876843485
1.3187115854710016
1.3140767879108786
1.3135173071543185
1.312037019356149
1.311184133892793
1.3168248116507366
1.3171615554456957
1.3169312138665306
1.309841052972394
1.31367314655349
1.3258738537821029
1.3290904394400775
1.3247768223136436
1.3229902851904776
1.315042021045021
1.321189167387316
1.3340144069356625
1.3334918038058983
1.3165666544348482
1.3123331555474904
1.329719342343729
1.3295976541608656
1.3340403971055865
1.3202495874627527
1.3237476772925791
1.3202417702162292
1.3157225920026008
1.3288991190733443
1.3291372858589061
1.3319949203656327
1.3277855016600932
1.3301512038273013
1.310747487386046
1.3110809984653844
1.310275168039916
1.3126563386869918
1.3162035039294417
1.314697669442048
1.3130773448351258
1.3199496811459965
1.3178135097051398
1.3175340365925068
1.333750844273096
1.3340821296696541
1.3321018706838952
1.3272138476634274
1.3356467031756114
1.3321036336711352
1.328787312100561
1.3300222913539521
1.325455863391745
1.3299742758942297
1.3289406699633728
1.3265937523298976
1.3297087043850144
1.330916997214091
1.3251918874121564
1.3300607028386633
1.3297580076648645
1.327281276124677
1.3307322325212976
1.326515141981474
1.3344595099393302
1.3325533585393017
1.3184059010495919
1.322923690009103
1.321478163620003
1.3136888117311092
1.3156866557570541
1.316173463892204
1.3161207616474038
1.3200393431219481
1.321443429117601
1.3133847354558341
1.3295364100264924
1.3197468648212798
1.317501556937818
1.31835059603964
1.3193744913318506
1.3212116352240197
1.3231968633180078
1.3123725909266153
1.3204709828439485
1.3190352141657966
1.3207755051231875
1.3230984990784185
1.323364670738765
1.3229433740622196
1.3235436806070582
1.319944345173269
1.3242194531259195
1.325808743873575
1.3268135791483915
1.325455112130394
1.3140268798542414
1.3239187600165907
1.3154956055287972
1.317459688303583
1.3289473464378532
1.3229450280237816
1.3199720338868162
1.317032818612889
1.3311276107860954
1.330400337078375
1.3233823279844665
1.3220559686639013
1.3123408927896443
1.31513893357456
1.3201205440707955
1.313168117345722
1.3202732745117733
1.318824090550198
1.3247983918310449
1.3228655537197618
1.3170229578260246
1.3160339216259636
1.3129157927591444
1.317644026296872
1.3268132448190801
1.3175858973036547
1.3129374723309217
1.3166050259970163
1.3172005543763157
1.3156665822251845
1.317732358523881
1.3194180094339094
1.3167266701124363
1.3156672283918958
1.3215867417631117
1.3146070091135118
1.3191578925466623
1.3232977568082387
1.3179728424710035
1.3124092765811
1.3175637188272273
1.316964330836463
1.319277630864376
1.3188459231143899
1.3146596366303984
1.3145094270652191
1.3161251345794087
1.3238255434776873
1.3172163778338628
1.321517011588844
1.3214432478229448
1.3215022218369878
1.3176706545454488
1.3150294898062211
1.3268366510330667
1.3233262996715571
1.324470286955222
1.327657842392042
1.3219658829076628
1.3230613670278786
1.325578532553787
1.3169378906905602
1.3207313227626882
1.3221954112719958
1.3191994059115832
1.3237981305820226
1.3207602240991343
1.3192159336859333
1.3262531804614683
1.3238571811823996
1.3393954401678263
1.3316149257685226
1.333074002393729
1.3211111420433082
1.3200309026215724
1.3325884348076555
1.3317758301046614
1.3321423123849128
1.3367246488165043
1.3171676787394164
1.3345949109358493
1.3379048345777884
1.3375428085031262
1.3299081827566803
1.335017484170585
1.3390024669149756
1.3339162070359667
1.3396439286074804
1.3393057247600555
1.343343234279289
1.3218634250178762
1.3242714063177807
1.3221829955929565
1.3188584450834824
1.313037954232684
1.336893005302789
1.3376519182286692
1.3325326589310678
1.3224840723525064
1.3339013484912838
1.3389253418909541
1.3380638859203435
1.327644868577757
1.3283543704937992
1.3232353120058127
1.329178507610762
1.3253118441385354
1.3309676101400132
1.327495556732367
1.329872762631762
1.3232092496166292
1.3271908256077443
1.3241166107010185
1.3215606562889637
1.3265923631513712
1.3297395553940847
1.340726570356583
1.3383745052185951
1.307554870625525
1.3200233058558737
1.3029608889703919
1.3145937006291366
1.3126448179349364
1.3412542805926382
1.3399754517466642
1.33410044198859
1.3400231790990857
1.3333772383856537
1.335610465984862
1.3388164048379807
1.3400826528380416
1.3372976442552633
1.3284059456486441
1.3390878612697406
1.340396098217263
1.3199402441899637
1.323092865603639
1.315779417113847
1.3152579088185632
1.3175499059386826
1.3232953515642483
1.3292734977449197
1.3272718249729951
1.3267711197977585
1.326651136486103
1.3249768047127632
1.3227461969995844
1.3244553757222386
1.3237588137243332
1.325441158747525
1.3185952696052103
1.3207107128992965
1.3268477726367098
1.3256521776513601
1.3212240187387343
1.321020730029549
1.3212094177493996
1.3166917406022893
1.313274681371799
1.314372322758144
1.3113069480576256
1.3135981965768848
1.3197532928719562
1.3212614025907048
1.323482541549028
1.3277329028504439
1.3066318897471334
1.3113159504531684
1.3303209675723562
1.3233951699543827
1.310720298795133
1.3108450941879997
1.314622611084378
1.3113915615572846
1.3108608568312157
1.3081134630802582
1.3135755087593937
1.329131901419215
1.3329382368594531
1.3275155828456935
1.3320001506129648
1.3342856612949725
1.311191217859362
1.3100629900949534
1.3106044859702974
1.3118268514077354
1.3123018051062723
1.3174961481359644
1.3148581484496655
1.3309551560058401
1.333786228066833
1.3176972663024922
1.3319079099045914
1.335414280320983
1.3271345507609114
1.3373612201762464
1.3318410884287812
1.337124699486614
1.332641868451064
1.3372733384257314
1.332616434902734
1.3319144232830338
1.32975905271743
1.332069835965504
1.335677536668161
1.3378925471274863
1.321431556485144
1.3246982665507379
1.3222173111381503
1.3230932026854205
1.3234360969535737
1.3244711154019022
1.3248993804726132
1.3214151830125358
1.3223656223746647
1.3220066775353554
1.3244455626963219
1.3293927872486206
1.325354488312129
1.322627851320692
1.3178039358240636
1.3231595261289302
1.3210030752509487
1.3203678092924984
1.3168504081574495
1.3223165654738218
1.3227639691006337
1.3193519508747296
1.3202962083786898
1.3214687812612087
1.3190378604110902
1.321082443106513
1.324266847011585
1.3240130882762953
1.3139510100135414
1.3165490302162022
1.3202955642090943
1.3218215963186528
1.3213049734958018
1.3216094575480024
1.3178644767542822
1.3219960251437937
1.316970129002366
1.3190833117760858
1.318892045837875
1.317997365748439
1.3144766506960743
1.3171949372148535
1.3170905575415397
1.322507271298655
1.316526640701941
1.3188697421167406
1.3231074240796339
1.3184865548609488
1.3180771880241249
1.3217247366203821
1.3217206278261069
1.320892324454056
1.3189298926626853
1.3200457462096689
1.3214500910151625
1.3183217886092027
1.3194223979867492
1.3168659346246439
1.3148555347029005
1.324325714604711
1.3164515593680015
1.316861543217095
1.3155227363769861
1.322300837590115
1.3137565671740552
1.3131227433172883
1.324651479842263
1.32306641849196
1.32205668524074
1.3203827733543942
1.3239712297406598
1.3245027986805882
1.3207332336458921
1.3266001605920807
1.326800890553827
1.3255878571230189
1.3234949601862587
1.3268264772430858
1.326072282596117
1.3255898200253393
1.3234412566674099
1.325156180092964
1.325934216593863
1.3285848882100675
1.3307992262299164
1.3293838038373298
1.3213092940581417
1.3233740764715145
1.3211434462861305
1.3276618586304496
1.3266702286941945
1.3275057063845406
1.3277198218457134
1.3238885203001223
1.3261327917917893
1.3252395846034184
1.320537028391386
1.3171509558751777
1.311189483872305
1.312852732525728
1.3132190310116996
1.3281712096687714
1.3285200425503751
1.326802496274108
1.3294524313037053
1.3241551772597593
1.3297132498334407
1.3249122751747031
1.3252000140244422
1.3296158104639453
1.3290380624054003
1.3224078450306804
1.3253963885143805
1.320510012522899
1.3214606157019657
1.3220322559994448
1.3250819909255982
1.3219744437191394
1.32256347835
1.3294709727921346
1.3220675643265827
1.3257211975393477
1.3239398402397828
1.3224469617979215
1.3244638708102858
1.326087108864147
1.3220689025513535
1.3220920704433636
1.3141934357232574
1.317548163985271
1.3152484984332191
1.313987621211626
1.3149983586835625
1.3228188734332507
1.3197976509335216
1.3237421254202115
1.3170282304776932
1.3169064494097478
1.3201168416065914
1.3204372647913636
1.327285252291791
1.3218182414556345
1.3191728284424464
1.3175041901474915
1.3187231017320147
1.33039339981134
1.328156282419631
1.3222941108054969
1.332142166483635
1.3339118724023493
1.3238771535825442
1.325201201732905
1.3260711461708152
1.331278302908845
1.3273739223696917
1.3209182729310869
1.3254092348068753
1.3295934362974453
1.332087192578096
1.331899777294739
1.322663573172497
1.328563121593668
1.326605447303322
1.3326446791914979
1.3223814855598905
1.315072502480441
1.3216830400932171
1.314665493909139
1.315401074004653
1.3203088207156057
1.3350687606089413
1.3352697283994825
1.3207145948253665
1.3315969195064725
1.3251359078990756
1.3259020558152188
1.332248721917721
1.3269613125140352
1.3279629270955813
1.3219014906591269
1.3249203840563482
1.3217492066668115
1.3232610790109522
1.3260999684421635
1.3257642341593485
1.3256384764220797
1.3214889813672315
1.3175922657870167
1.331829552082926
1.319227399884647
1.316897547408187
1.3168034371054362
1.326384486248775
1.3267745833593578
1.327063824781981
1.3300498703990045
1.326658458093569
1.3274919157791636
1.3176566499484925
1.319723574805404
1.317625103872122
1.312343807459193
1.3026688634194798
1.3053529413085825
1.309082668352243
1.3250882507093253
1.3215432417351114
1.329764767628646
1.328543294220933
1.322311117788914
1.306597054779659
1.3017607994847198
1.3235015809015678
1.3130429217741226
1.3058010623750131
1.3070531202871571
1.3079212837986338
1.3200258724490488
1.3197274979755773
1.3226052006586333
1.3201068599696082
1.3239989548401636
1.3173618815049017
1.321926780765943
1.3172144881712986
1.3191394152365485
1.3216059791279942
1.3195624899855987
1.3206552796725228
1.3219199712372944
1.320886153265122
1.3234804836311937
1.318483405592899
1.320993997722924
1.324277464873592
1.320790210159267
1.3235213075985042
1.3252856068707872
1.322663493560351
1.324471399271053
1.3189451394381373
1.322282395184958
1.3258573537289708
1.3191039312427009
1.3146412883503815
1.3165578576001804
1.3173096390236911
1.3179102983651785
1.3210580226556228
1.3168800528892766
1.323005382547992
1.319953112519632
1.3263268066185125
1.3258559365827483
1.3198844176643854
1.317775382159344
1.3297381897986034
1.332280892871734
1.3285539303123792
1.322299103404684
1.3297204811599188
1.3299305906957908
1.3136125996273769
1.321520634046056
1.3253549111978682
1.321258633426312
1.3147434884827713
1.3221585130184565
1.322513513908854
1.3229569356348925
1.3227573339444072
1.324847969073017
1.3235036764356751
1.3244415588225091
1.3180640204929663
1.323125670621467
1.319907450989838
1.3195621207775716
1.3236309652102882
1.319972428257553
1.3268896299367328
1.321936193221125
1.3214428860797445
1.3192873496201074
1.321836187336703
1.3233907274354821
1.324533321817169
1.3209799206380732
1.3307799537381522
1.3277173271277312
1.3183482110482032
1.3248419519469317
1.3235782154069295
1.3239667911928485
1.3139541154215042
1.3265518740124664
1.3232368478309917
1.3261151224117687
1.3240404046447711
1.3259729464477987
1.3289066909538187
1.3258361237931693
1.3272028626767822
1.327757351818586
1.3220654136609167
1.3233569330664032
1.3239407399329146
1.3227423494021096
1.3335113229727276
1.3360969372318963
1.3209673853926034
1.3248711766859824
1.3262234842174299
1.3267131474594975
1.3292853316108522
1.3241541789917124
1.3295798923006257
1.3213443582748665
1.3299249543288993
1.3285151512500175
1.3208872811444146
1.3193278569145668
1.3189049992895212
1.3115268542776943
1.3277477191641573
1.3290985859582596
1.3323042665350349
1.3425540136710772
1.3360946501581135
1.3443859187604956
1.3480980377252751
1.3533700842993133
1.342712580704635
1.354421697414034
1.3286652201786098
1.3286988688444785
1.3194859571887785
1.3143248049517278
1.3110855547203213
1.3361562899066908
1.3290077114304044
1.3260354270649763
1.3314527272295638
1.3123980260934285
1.3108747576098327
1.3109883778938345
1.3093510463118012
1.3110227202278544
1.3125315089642795
1.3186215840846904
1.3191818321678717
1.327159887660138
1.3316055925006895
1.326006259085273
1.3306991392837222
1.3312918685627122
1.3266392499917579
1.3101421015914791
1.3028152700638729
1.3095043388667635
1.3092098429001728
1.3084433635434722
1.301156444514182
1.3066656008101944
1.324316934429263
1.3150695170876603
1.3174556784410931
1.315059907126765
1.3188890128595385
1.3165305537433207
1.3206770541778923
1.3202242937255086
1.3191891115631234
1.3159114187780327
1.316293144869293
1.3139715927901312
1.3215369422615775
1.3149100608282733
1.3113395941329566
1.310983379267121
1.3197689465374516
1.3142102092742716
1.3182580678389892
1.3191260568736742
1.3221214427762744
1.3180964896299556
1.326128790745701
1.3221759101026702
1.3130000182721824
1.3169536570542455
1.3128898826543558
1.3124218698192682
1.3133970786471292
1.3120047883949386
1.3125605251162302
1.3131634263629404
1.313399887543323
1.3286123637610552
1.323636443336379
1.3222399440412056
1.3169930046503413
1.3198401598541885
1.3214821395464538
1.3202627667598905
1.3218347259661483
1.3222942923622556
1.3237285978820224
1.3257186084522246
1.3185794656744134
1.318673291577661
1.3221592985618196
1.3185105937396906
1.3169841796823152
1.3176882346295902
1.3176844977976567
1.3206447218960806
1.3168187266317948
1.3165609178328803
1.3198875780681245
1.3212883155655504
1.3220836908705418
1.3244331342201727
1.3226670043877051
1.3214822733433893
1.3312431379787606
1.3375666447470336
1.3202209392071442
1.335979162935658
1.3310621562198017
1.3408952187311527
1.3183809370152604
1.3172615215476806
1.3165973885974689
1.3194331167386057
1.3208119820073032
1.3339552042939096
1.3357947363057319
1.3247321900931985
1.3151195562641473
1.3298801699846265
1.3292335816685419
1.3301242309732273
1.3244399481398155
1.323145810330881
1.3213354287300334
1.3184198304022274
1.3200216400136797
1.318663564854433
1.313264127562675
1.3107734369270925
1.3253618552677926
1.3072897348708812
1.3048511502073934
1.3080829972248127
1.3051952398443205
1.3046313237836487
1.3088903704001915
1.3007406750179282
1.3055184577889254
1.3070879030624374
1.3085003848512355
1.3090496562922131
1.3058296685074617
1.301797503117856
1.3102571064795556
1.3063545558449055
1.3444059463180533
1.3443814746483849
1.3450733576295728
1.348854641654918
1.3416485933674402
1.3217167155583853
1.3238635869875015
1.3219879077576182
1.3244919678287335
1.3206716805342664
1.3206174016126704
1.3180743798422223
1.32596433919544
1.3216589724615133
1.3539272530415283
1.3251304444547065
1.3225127813839492
1.3133156496210232
1.3189768188460302
1.312638639766607
1.3155904649692305
1.318498726510403
1.3129025928086937
1.3273888421684734
1.3227479719611857
1.329310078681794
1.3233728781141225
1.3317862869013624
1.3247096174644546
1.3167438457105338
1.32062607026008
1.3188670391358048
1.3191490651010946
1.32118135831634
1.3111543447169103
1.3213154422668645
1.3228262882537252
1.3192916720850514
1.311611140120083
1.3187933214676377
1.3204516763199377
1.317745191160799
1.3225356030163087
1.324161072542506
1.3198703792310038
1.319570127878274
1.3172374070504453
1.3216085186889215
1.32494560323865
1.3288043083872483
1.320819252027646
1.3203841452731409
1.322471881765768
1.3210517720261459
1.3274345006063122
1.3212033716605882
1.3196690191211446
1.3184597446226438
1.3177567529509726
1.3166680408455629
1.3154103536445036
1.318826339714613
1.3176605451936079
1.3208284674532516
1.314257669432052
1.3197561745356499
1.3166532870885324
1.3229402001408788
1.3218100270659756
1.3258463177789346
1.318374572149365
1.3230584016378137
1.3221396935507548
1.3253587646037002
1.3236430054657562
1.3279636423369485
1.332339946125881
1.3280333086382954
1.3292195114033836
1.3239699122889483
1.326086138121577
1.3264737331914644
1.3292761512439746
1.3305964038430071
1.32952069998379
1.328642959465012
1.3170523079567555
1.3099350799577072
1.307883975049658
1.308947399696116
1.309480278860164
1.3113954277997015
1.3268536222089258
1.3256425317397804
1.3245498090903087
1.3234916903760587
1.3231245357806871
1.32435810983211
1.3205026138856604
1.312719963602173
1.3134076725452797
1.3160912873931867
1.315652412865036
1.3160839035119198
1.3109929188635117
1.3104680997286846
1.3162205147424173
1.318056566478986
1.317469646012974
1.3102801022971582
1.3140877806317803
1.3142832262789435
1.3141127077017396
1.3167184054072427
1.3148111355225707
1.3156578019347993
1.3226602870062727
1.3165322699968274
1.3245603114677844
1.3185834483497427
1.3311025361310376
1.3211232902290555
1.3277892995676
1.3285607717352559
1.327109447960728
1.326431775633799
1.3256995033556866
1.3245591556302578
1.324068857852972
1.3218814730066935
1.3264117041696994
1.328147135348508
1.3148153549349928
1.3168988875867877
1.3175107624232918
1.3197387640971283
1.3191857612988929
1.3231001926858441
1.324596842912146
1.3246651105653926
1.318689049479696
1.323439380719442
1.3224869258326197
1.3179807750417334
1.3200278415646989
1.3238819953198948
1.3265227838674953
1.3274715580037313
1.31737086629628
1.331320621775103
1.3286434748449947
1.3247212268612796
1.323556265550103
1.327078282007092
1.3142161765341445
1.3124424496858171
1.3139528029325398
1.310787920055962
1.3117669573472364
1.3173120786137862
1.3216377161035158
1.3215299928004112
1.3201665226541732
1.3098973475474966
1.3348257619189237
1.3385647647000734
1.3395964368140674
1.3402865254441563
1.341036953463306
1.3389697617131218
1.3418789570012681
1.342901110324186
1.329924363173898
1.337070129276271
1.3377731591412776
1.316694804323477
1.3386086805076007
1.3425175749115352
1.3397616698459676
1.317686939479911
1.3426123213301806
1.336614981458147
1.3367307427149775
1.3201378241164663
1.3221694592933138
1.3225302484343564
1.3236710791224866
1.3319563224998767
1.3359561553726818
1.3356881565580212
1.3323823474871346
1.3287273184571053
1.331230956563594
1.324507815041755
1.321742683098178
1.3253076930610292
1.3286380909557205
1.3278375406096004
1.3350411343214286
1.3328707197939167
1.3267117007319416
1.3291300372041626
1.3267178873053571
1.3100966044927864
1.3159886832444447
1.3106863060932334
1.307826051131068
1.3128040240530328
1.311135362917894
1.3136342555712783
1.3101285747014324
1.3100003570646583
1.3086274486782665
1.3204894928732538
1.3233267695194793
1.3223203290496115
1.3278660070147938
1.322141206184301
1.3232805525323834
1.3017584021583273
1.3052153820379446
1.3090987060018193
1.3251832234045413
1.3104405075962227
1.3256705873072208
1.3178879560614982
1.3203087705400451
1.3133147771462614
1.312603835109216
1.313683040643144
1.3329285421120753
1.326387152469986
1.3279401705527016
1.3118780796074785
1.3158134421260992
1.3129774180514204
1.3126385441250819
1.3099730576731654
1.3152612479262802
1.313263187151805
1.3142453087040584
1.3268107680638295
1.3288702723235952
1.3114794170240724
1.3214467764296873
1.3300965708482595
1.3146190850340818
1.3115365481840107
1.3193005794561203
1.3151444888219468
1.31101734531939
1.3102139299940165
1.313866654961847
1.3173944299359852
1.3268391235798123
1.3254847216457946
1.3229836155143522
1.3115983064991945
1.3101788922538458
1.316685284397907
1.3120907774724078
1.3071763904516465
1.309921902951797
1.3131551815945146
1.3102985794151114
1.330915076502851
1.324269352268342
1.3290466354531805
1.3282418161664542
1.3221258632991317
1.3180331537525782
1.326671600162112
1.3233561417334188
1.3226389096472595
1.3219032369961357
1.325020491317787
1.323412580161382
1.3208487682573824
1.3217485379466964
1.3238238340050026
1.341257174606966
1.3403707922652908
1.33527065776126
1.334148663233019
1.3307073986848368
1.3340717341790853
1.3217363293206141
1.3196992448628377
1.3257263081298083
1.3324843445789747
1.332930994630955
1.3279345233629556
1.3243485702384221
1.3223700152800126
1.321167542271696
1.3308509842554888
1.3222045953888348
1.3217321263137185
1.3217603036692127
1.3213172435423066
1.3237770342445514
1.329532980994715
1.32559325004813
1.3290385024435332
1.3234946287321099
1.3228731284416542
1.328332953915034
1.321337413994278
1.3229527825446927
1.3224164690156488
1.3255469034891316
1.3264334977088983
1.324976525999422
1.324585005298497
1.3260505067927977
1.3235770891440979
1.3230846479606937
1.3248948617221121
1.3258393132334358
1.325456703634772
1.3264963260550289
1.3262646275383991
1.306024455279052
1.3049101655718276
1.3054356088082588
1.307797992289585
1.3021646768831086
1.3031711921045077
1.3000664355292209
1.3218344851009547
1.3256224332505258
1.308567926623241
1.3075932464546367
1.3040055472527736
1.308865087314732
1.3058695981647064
1.3065572987602556
1.3087522539558498
1.3111645387849697
1.3257831815283685
1.3170699125323189
1.3186262565660662
1.3157967984030852
1.3168114973876175
1.3025671983092915
1.3066271669879692
1.3093574616754933
1.306128126185273
1.305186450523263
1.3154453963744885
1.307469882865584
1.3153112368190851
1.3145022397758162
1.306977597305057
1.3175824686882636
1.318014762846007
1.320389356140044
1.3132029292137546
1.3131592359070783
1.318524383888404
1.3164675048912104
1.3191173594371388
1.3191719280603562
1.320276691647108
1.3175087111362496
1.316607914904185
1.319112584234859
1.3184859865615768
1.320581348920621
1.314398691990168
1.3194456438004614
1.313540187435486
1.31396876200595
1.3282013549399647
1.3215454208022974
1.314320983289866
1.318908073457441
1.3162633364470975
1.3106725740240657
1.3120000877255296
1.3112073267356674
1.314021323309203
1.32105037986896
1.3233022404555612
1.3263195531268968
1.319016855716836
1.319126609287792
1.3186760982012695
1.3188630541865796
1.3165936369562625
1.3173898251498024
1.3232463434065311
1.3244923570325902
1.3198030389971094
1.3194324290410777
1.3192206287107806
1.3216521184887595
1.3187818120143189
1.3256575956616423
1.3188593356276905
1.319442504632609
1.3219894490723008
1.3269220417184513
1.323479392566169
1.3308927022470505
1.321848885440309
1.327361930091431
1.3265669188035827
1.3245773730991741
1.3242731326648587
1.3272785807668006
1.3316900419680284
1.3289044209740846
1.3254397467274135
1.3204751878977798
1.3194099404773463
1.317790932897173
1.3209352267148733
1.3199061189365522
1.3165832501483514
1.3107027043395754
1.3237613163108721
1.3203305311858409
1.3148090597216489
1.3059165233715277
1.3062835439125942
1.3023734259293078
1.3031107130713586
1.3038596009030823
1.3041395160806282
1.3191493709872462
1.3068833644754654
1.315328763779399
1.3176127074492707
1.3140593149544706
1.3158382338580277
1.3184146230665394
1.3219217438539712
1.3168053234501653
1.3143093793511942
1.3196556929298355
1.3258520465689936
1.3172042046855867
1.3215233843750678
1.321446125639645
1.320749386592676
1.3151028488931014
1.3286317276791997
1.3140290352188506
1.3132110991344113
1.3258410005870391
1.3107862009446867
1.3137319739232083
1.3155097955230732
1.3285800934028071
1.3165569695172425
1.325291403275244
1.322425685762853
1.3230790649989157
1.322993880202445
1.3176175494924887
1.3300012899964975
1.3258720645913287
1.3285003278209269
1.3199878189132859
1.321874801464945
1.3160032849514243
1.3189961266647865
1.325424391180857
1.32213993922783
1.3200372826907625
1.3179131258030938
1.3279071371106272
1.3216262461659551
1.3201369988850997
1.3180402148841837
1.3202109089940794
1.3193847390425055
1.3201294638840493
1.3177722950811952
1.3181304272660852
1.3150043351503733
1.3166585896038154
1.3213067201066462
1.3252417548631934
1.3234360568109753
1.3242341297213482
1.3325572963144041
1.3230118033973401
1.3250874206099632
1.3290624645068705
1.3226915953519698
1.3191726014439844
1.323304983899662
1.3222477615306083
1.3200783526000834
1.319544591805107
1.3259123248407076
1.3182849351974302
1.3221541577560791
1.3291547507588497
1.3211085785299352
1.3246110270525882
1.3236751809503082
1.320687892244641
1.3210529035417853
1.3250798574455787
1.3208535911884771
1.325618987094893
1.3222798704800613
1.3204058183381067
1.3105507850679239
1.3198501239217697
1.3198285844034483
1.3249885257321476
1.3198975374055335
1.3153345521534259
1.3232782739993973
1.3228565603127755
1.321829109857984
1.317977516790451
1.320334537390363
1.3279852186088288
1.321344347245086
1.3237259728344184
1.3254031555141093
1.321709407663314
1.3281632080099781
1.3281406428455227
1.324959813586063
1.3143488973236734
1.3170383755347037
1.3126249244346953
1.3290116545878379
1.3249594644076734
1.319599620955448
1.314938809806521
1.3170157274217573
1.3201744203878167
1.316505718337112
1.3195730347717072
1.3214023251072071
1.3181003154517028
1.313026433436147
1.3095617019018693
1.3158030534645861
1.3126391470769099
1.3280673766349222
1.309931762662052
1.3112297468683871
1.3121718428954832
1.315731842078466
1.3138887817356548
1.3110293795691401
1.3248557837043764
1.3180577515783027
1.3153587818781645
1.3148205446989023
1.309985689196559
1.3152854352821315
1.3164082319325112
1.3153033925938307
1.315022300890274
1.3199335821197635
1.3177276400444342
1.3213118351194504
1.323029800558616
1.3218915894140377
1.3160073697153722
1.318026422799023
1.323228834660369
1.3122471062872667
1.3183758960149563
1.3186613554214084
1.3233160205588848
1.3137842048299557
1.3231672706304922
1.3105747327917354
1.3106523146044695
1.3107393667380374
1.321408645588653
1.320321127433668
1.3080719319595329
1.3192451578047388
1.3088678129777185
1.3162525469758897
1.3463561122926209
1.3431037203802554
1.3457723623668971
1.3239926378123767
1.3193902182261779
1.3287793463555446
1.3285442203333166
1.3251309897241772
1.3269005761820396
1.3233761943224247
1.3250708912895617
1.3225436784631517
1.3235725316985474
1.324496559532699
1.3259372538008636
1.3255863472682823
1.323834828117732
1.3257024525709498
1.3263710057497775
1.3263035669702292
1.3156710510417433
1.3152582228573124
1.3158882966395047
1.322739892659892
1.3227563496510306
1.3262984110948763
1.3213880682773484
1.3253194728006108
1.3280075157588238
1.3238129025074767
1.3113026310379023
1.3108658179257195
1.3121912655500745
1.3081510645378696
1.3066324888905834
1.3144119685623576
1.3073392300271334
1.3125343651449328
1.310724383941656
1.3239360246514114
1.3208548728018736
1.3201916930235063
1.314164959459181
1.3191959790198124
1.313511849272324
1.3085021473561624
1.3136593584617933
1.3120942417869614
1.3230311181157688
1.308656303168554
1.3074601907278562
1.3065574459645826
1.3173653266770209
1.3193830451222524
1.3213243655609441
1.3042243524091177
1.3078645933603361
1.3019515897789717
1.3073861229050787
1.3047480658633517
1.3074063784709138
1.3035368912590073
1.3082963138573942
1.303591133428914
1.3037518433384256
1.3052190826719345
1.3034658600951683
1.310106247844006
1.3098500977461724
